"time","id","X1","X2"
1,101,0.377673555338416,-0.173246959723285
2,101,1.73320085740114,-0.494500925331486
3,101,1.85801589313994,0.498443195562832
4,101,1.39433693398271,1.12727127598286
5,101,2.3636962503167,-0.153521461990701
6,101,0.537086675860247,0.877439747321153
7,101,1.21914233443941,-1.62384098022075
8,101,0.783973768905049,0.373176546761041
9,101,0.192084773698004,2.03009414460051
10,101,1.52330280070406,-0.551493135306508
11,101,2.0479693398153,-0.526063011080891
12,101,1.42827949723826,0.330167622546323
13,101,0.13817452745181,1.1822487158572
14,101,0.186058377124058,1.89195517679945
15,101,1.64307279278361,2.91913767458143
16,101,1.3054922656181,1.7535590972751
17,101,1.28500408285032,1.12688363008286
18,101,0.150980137355123,2.51760623808537
19,101,2.28572117401401,0.723761933679897
20,101,0.624040272690032,1.21944601214155
21,101,1.41742709453833,1.04534572328414
22,101,-0.624524954954127,-1.22743803422654
23,101,-1.41672605535648,-0.789587694198697
24,101,-0.669758940547724,2.47998794417021
25,101,0.929251212658306,0.217960270937763
26,101,1.89493994730031,0.554136340881436
27,101,-0.897927910857833,-0.139581593752454
28,101,-0.443915183313838,0.951581882271683
29,101,2.6474277830276,1.4740223088878
30,101,0.128667609358388,0.333955721308244
1,102,2.33217306503447,1.84117762665124
2,102,1.17903134664589,2.65735958295194
3,102,1.01651677142654,1.30433157956425
4,102,3.45275274119084,2.8041650624086
5,102,1.20017547043486,1.12860354618935
6,102,3.17983790006374,2.5300717650578
7,102,-0.0764800009885602,0.495204567794709
8,102,-0.645245963162132,1.50468914248824
9,102,3.38864559405686,2.91391553899983
10,102,4.14323051962886,-0.13371759299514
11,102,1.35402281059225,2.85639868812216
12,102,1.09966356493005,0.779743864079107
13,102,2.6746724343264,3.28654593776371
14,102,1.11657153815736,-0.116181915582152
15,102,2.32348797436687,1.52872371602049
16,102,0.508976494270584,1.96761738163472
17,102,5.70000459252214,3.37040890566095
18,102,1.23128518420412,2.8828649793251
19,102,3.1935646935207,4.4370620855215
20,102,3.42431899188357,4.21055183511856
21,102,0.251693150110672,0.851827616950283
22,102,-1.23620783378421,0.933474183384249
23,102,1.5342614943321,3.10885605605306
24,102,2.21908828710936,1.24676209045421
25,102,0.409361876604603,1.56487879746036
26,102,2.90669394549219,2.80858262229778
27,102,1.05407451725194,1.56993237564854
28,102,-0.99455805831979,-0.893867523391191
29,102,0.421973504082525,1.68083081423372
30,102,2.10366289930667,1.88957921695017
1,103,-0.449614431429912,1.00429198099673
2,103,0.524631677704197,3.97785183946967
3,103,0.0182763523023144,0.535775447851859
4,103,1.76619926829985,2.48909872030018
5,103,1.28893135599696,2.50615992978732
6,103,4.1599620550944,2.54085227754068
7,103,0.553671059557145,3.23712163081135
8,103,2.70149895576395,1.66046581425253
9,103,2.11720364563433,1.20481723300785
10,103,1.91163045600786,2.65022577987031
11,103,2.74715256604004,1.83083832715585
12,103,2.74067677149454,1.61375391550547
13,103,1.39073945305291,0.99098141593511
14,103,0.159280613812948,1.23741228601121
15,103,2.87992180421451,2.28121142998027
16,103,0.930832262385159,0.908064311274131
17,103,3.60450500930001,3.33231320643443
18,103,3.11867747937201,3.47249150444383
19,103,3.55133764377084,0.0565614944807393
20,103,2.15600864231568,-1.66753182157357
21,103,-0.395089211442671,2.39961420465079
22,103,-0.445404955328241,1.55677436442578
23,103,1.33289248820237,2.32760336294542
24,103,2.15684954302014,-1.40843342373084
25,103,0.457012887740582,0.841462886350818
26,103,1.22475799869566,2.44607750611437
27,103,1.40923610814827,0.449346498930306
28,103,-1.00086575888491,-0.0424566075082744
29,103,0.0616930328415775,2.30294056283919
30,103,2.95062393338196,2.36726787998322
1,104,3.19360849832235,3.61480276580237
2,104,1.72664174611213,2.2805361474791
3,104,1.51033563526159,2.54272064540845
4,104,2.38092888493532,2.72205439851975
5,104,1.64753075181721,0.948009365286184
6,104,2.17116870430121,2.3191538167377
7,104,-2.31776673720721,-0.257248627245963
8,104,2.01837175810454,2.32573596097881
9,104,1.49116846676053,1.61704552650124
10,104,3.92058851187769,0.874845551009127
11,104,0.554496975957793,1.53887478871871
12,104,0.856669438429148,2.67087489784469
13,104,1.72198037613313,-0.0122320745942899
14,104,1.1547632881981,-0.301919788543986
15,104,-0.0898861680883576,-1.48259423724149
16,104,1.02490504258253,0.527432116435847
17,104,1.72163160421865,1.50065045465345
18,104,3.26757331983486,0.936530026110629
19,104,3.0090778679393,1.9094372955309
20,104,1.94894466472738,3.21957742775257
21,104,2.19706268412768,0.576976632258457
22,104,-1.03297901497036,-0.439461132765008
23,104,2.59856801985873,2.27433860616957
24,104,0.459666322825923,-0.805673919687082
25,104,0.389764502962444,-0.529497581744839
26,104,2.90189177870905,0.640984648682671
27,104,0.533940505463402,-0.672708883717656
28,104,0.187340411541033,-0.83709102288194
29,104,0.669956543141374,0.624897106727738
30,104,1.32209497430355,-0.0270780115723253
1,105,3.23587365543069,4.11827988857166
2,105,2.52150767962209,3.76343264866679
3,105,2.49592931012335,4.02658893428519
4,105,3.00248711985368,4.86985178319763
5,105,1.37376977513652,1.15772844582466
6,105,4.692173191813,3.03166219464032
7,105,-0.622656166735617,-0.655417561138542
8,105,4.44662771728535,2.38393943275611
9,105,0.685402414863655,3.00073135244537
10,105,3.04513574720903,3.5470876010423
11,105,3.14594814034251,3.88361600725975
12,105,1.60446061101235,1.29566888130888
13,105,1.28487160103997,-0.0583401582424754
14,105,0.40523903506365,0.281704919697026
15,105,0.247718996317236,1.0642715161502
16,105,0.482510132488753,1.46791601356264
17,105,3.27079468182316,6.10953654832868
18,105,2.87122882134548,3.79824420841181
19,105,4.12559888866144,2.64044486461708
20,105,5.43430564231582,1.94340508292796
21,105,0.933972812254305,0.327849878985804
22,105,-0.796337641741738,-0.187540344334701
23,105,2.73095444434374,3.34742032069743
24,105,0.620703219889419,0.844757503851902
25,105,-1.22713510525274,1.22250439497714
26,105,3.43305550502655,2.97411178891597
27,105,0.307013315497036,0.496764872574021
28,105,-0.71487481511354,-1.30351972188306
29,105,1.41420739403658,2.49470166065178
30,105,1.57534751636984,1.96761512024197
1,106,-0.00437341434588956,0.975039104895218
2,106,-0.0988016948511923,-0.960080403576087
3,106,1.56563629605623,-0.80000693316816
4,106,-0.340049515019816,-0.4218739891505
5,106,0.962998716460735,1.29089044829555
6,106,-1.78879012566762,-0.955589455889052
7,106,2.3976594317974,0.323416377251337
8,106,0.0852437788740898,-2.91350282919557
9,106,-0.486327830097679,0.744274447526537
10,106,0.248609457953233,-0.963292166236403
11,106,0.762186901341308,0.294327777679498
12,106,-0.90323276830633,1.90765609294863
13,106,2.15970316178066,-0.0263228541772291
14,106,0.90354457123174,1.75830065796398
15,106,1.69767958497553,0.423963031029249
16,106,0.416567938527671,0.712911255150414
17,106,-0.785869500479325,-1.60924604119216
18,106,-1.90697774722048,0.345765894334492
19,106,-1.18236869847473,1.22276506456143
20,106,-0.525063970813787,1.31298818472475
21,106,1.62738376251144,-0.387849437462786
22,106,-0.355444243995872,2.05991941851592
23,106,1.25124986002133,-0.632215423068664
24,106,2.22197608291446,1.34570624671521
25,106,-0.175678987515603,0.789173405938905
26,106,0.285366343441175,-0.434967484353443
27,106,-0.325650221414406,1.39008848867952
28,106,1.31359373858027,2.1849952440044
29,106,1.28178374242404,0.632198041363426
30,106,1.05785082004607,0.653560554393578
1,107,-0.0740180089168294,1.15361700724994
2,107,0.154372783617527,0.819383239646087
3,107,-0.140734690966238,0.926659040137882
4,107,1.19547583470619,1.7715424005661
5,107,-0.837613698392184,1.43136075829693
6,107,-1.60571115537781,1.81754712474557
7,107,1.27560509866866,0.9127613152899
8,107,2.97790338996243,1.25376780998226
9,107,0.412518961120872,0.714554172665034
10,107,1.07343988599411,-0.777133024346043
11,107,0.415093743311564,-0.0654359267803077
12,107,1.80936243511392,-0.534906281902868
13,107,1.06206346972365,0.209410950179017
14,107,0.849315853586231,0.120357315829693
15,107,-1.95512637329941,-0.352675737410491
16,107,2.11256970483208,0.00571410576007669
17,107,-0.379499111691662,-0.650947613218761
18,107,-1.29147249118012,0.467604750612839
19,107,0.868572569616771,1.28397518803272
20,107,1.59288832577498,1.31559680399515
21,107,1.89502449462538,1.84863995401025
22,107,-1.25682940090227,-1.73056280997135
23,107,0.541999877692355,1.58240211357122
24,107,2.11539469804657,2.19710533678403
25,107,2.23096122897255,0.464447701953901
26,107,2.18909734070682,1.41346771484531
27,107,2.5883834451164,0.368571496444243
28,107,1.20026061044629,0.974214594376308
29,107,0.324281540430894,1.72176868942307
30,107,0.852366081330775,-0.616852461926211
1,108,2.8574166891565,1.24387276558144
2,108,4.21166838230997,2.33025845822376
3,108,-0.700911814746372,1.67978020768927
4,108,3.54863633925587,4.08225981800136
5,108,1.85225514903732,2.45020876306419
6,108,3.1429765908259,3.9674279879678
7,108,-0.683026711487477,-0.202837070215555
8,108,3.14395400366932,2.55623447812703
9,108,0.67079338147716,1.05079170249212
10,108,3.05706822405188,2.54534922710857
11,108,3.50398246142929,3.51379311080058
12,108,2.75387203401295,1.74607046740769
13,108,-0.14400277627638,1.56904938131808
14,108,1.26153334578039,0.0596767522034894
15,108,0.742939874135113,1.89693973593811
16,108,0.138959848310926,0.249354133601742
17,108,4.79674089675363,3.06087220682708
18,108,3.81032681221621,4.28064287499407
19,108,2.01171846748674,2.87042457848944
20,108,3.51775999901716,1.79642526601401
21,108,-0.246903365308264,-0.615134283234476
22,108,-0.561699621016383,-1.36999829555363
23,108,2.23061036285476,2.90449045317893
24,108,0.379771975400507,1.09367099448712
25,108,0.99826034165891,-0.304420697979452
26,108,4.01899411535163,2.11298223895675
27,108,0.298097560614826,1.73209669291934
28,108,-0.757113073930868,-1.03152823154116
29,108,3.10265122921568,1.40748460020501
30,108,1.73399971015535,2.41557542784057
1,109,-1.12609241655153,1.29561812354669
2,109,2.25091110385404,1.00190091300331
3,109,0.139373553072493,0.61290028902734
4,109,1.45420309702107,1.37174106782631
5,109,2.52493685008772,1.57343265251054
6,109,4.65884195418863,3.54288406969094
7,109,0.84642660384953,2.13047178112217
8,109,3.02248743001155,2.80419147453863
9,109,1.03001512350691,0.473027936942213
10,109,2.67495447176798,2.39283823628397
11,109,3.6658009470009,2.30745208895088
12,109,1.9423396058944,0.298024462354125
13,109,0.645343757177872,1.58560205356972
14,109,-0.0157463921809458,0.933899741530928
15,109,2.98054107918573,2.97781227942566
16,109,-1.40714674469961,2.24445462793499
17,109,4.67738129733192,2.10948747870594
18,109,1.26931040420068,3.45411196205353
19,109,1.50112391225421,2.19626692226843
20,109,0.932541544598846,0.91287471416603
21,109,1.84954076999399,1.15893061671827
22,109,1.03249175584689,-0.570890033951436
23,109,1.59916732081836,1.71162285985391
24,109,1.51962992205311,-2.3075940781972
25,109,-0.562685545976238,0.576387313359664
26,109,1.49645685413317,3.29391916520389
27,109,1.73439655476955,2.09879916867002
28,109,0.0979503726504647,-3.24519262806528
29,109,-0.18257782066449,1.62794572877217
30,109,2.83608544694636,1.8484080851885
1,110,-0.479399204662396,0.873182361844866
2,110,0.262952443911837,-1.35487020808199
3,110,2.04506326609926,1.21918338341739
4,110,-1.1370471204095,0.587277367293465
5,110,-0.971962171062615,1.18094150871708
6,110,2.43104710742434,0.938456234241299
7,110,-0.196173841684544,-0.406818613004171
8,110,2.21380908695271,1.30329840448096
9,110,0.696501747702902,1.45982101977015
10,110,1.35665166487233,0.983195273940132
11,110,1.76572101621767,1.51954371402651
12,110,0.13252097139401,0.319722212018077
13,110,0.498628951261927,2.08802068946852
14,110,0.24006255739766,0.297187445237636
15,110,3.52669270117462,0.130956535306297
16,110,1.013382913849,1.92882862723206
17,110,1.47610721246016,2.11818897042695
18,110,0.572129950044661,1.59353912808669
19,110,0.765505677579948,1.22780298016066
20,110,2.55750657297258,2.77363788876337
21,110,0.405833071182858,-0.265924153193252
22,110,0.478441469840701,1.59607516002144
23,110,1.39849585718911,2.73592752753299
24,110,0.286661049755784,0.772994368930391
25,110,2.66148387734154,1.28814172510991
26,110,-0.396891236590987,1.64127056927283
27,110,2.78964900493719,1.97193803340193
28,110,0.234355495476463,-0.272863042265132
29,110,2.23014883963608,1.76873538613555
30,110,-1.13982893565998,-0.849598590821431
1,111,2.76156346313102,3.88238638709265
2,111,2.59183558244063,1.14406455816832
3,111,0.0240977387271535,0.979123744800534
4,111,2.54074624397071,3.56795529911013
5,111,1.37888397783686,-0.0649529278370302
6,111,4.43932778945286,3.03259751741986
7,111,-0.252135744533863,0.575350999960379
8,111,2.156483326374,2.0406418372492
9,111,3.06423907453468,3.51918620090182
10,111,1.25187399259071,0.592460582485765
11,111,3.41422613067678,2.36104373431801
12,111,1.75827696497546,2.48835606433386
13,111,0.213810987676805,0.483460711769593
14,111,-0.526395011182406,0.00252170918538985
15,111,1.93518220854122,3.09518959501216
16,111,1.78190258639512,-0.334402443967396
17,111,4.60280781481536,2.3741116721898
18,111,1.81349113897115,1.21686653848468
19,111,0.658121897032474,3.00213097770187
20,111,4.17096921005989,2.25701376062104
21,111,0.0379418831978471,1.11436910459879
22,111,-0.607791545489532,-1.37393845451866
23,111,4.17267503838929,2.30110766487901
24,111,0.36346918483334,1.47009811652118
25,111,1.86172765498764,0.449176081219195
26,111,1.4852342420403,0.641668438006391
27,111,1.74691283583654,0.285514132259079
28,111,-0.37965703192411,0.0871388538815256
29,111,0.786838680731847,3.38375853972212
30,111,0.606563544163047,0.771746338077654
1,112,0.725602066172502,0.42033736648846
2,112,0.68499040442922,0.348235762120254
3,112,1.04635033402698,0.0363370296301258
4,112,1.08599231858211,-0.8334965267052
5,112,0.20963438168368,2.50891654800445
6,112,0.203764465320465,2.19370264692726
7,112,0.0881353631342567,-1.55558923260119
8,112,-0.0305768477186541,-1.37295980822481
9,112,1.99613001075241,0.499536136102063
10,112,0.300393761093506,0.55668569117861
11,112,-0.391157769593476,0.0953238784482957
12,112,-1.53090623259882,1.40525132690031
13,112,-0.199191308508755,0.197961304376138
14,112,2.76607262542167,-0.445494042501805
15,112,-0.748055658414158,1.33258905566731
16,112,0.0952284791148181,0.69720104115504
17,112,0.349338105238376,-0.587582984578398
18,112,0.366600985001012,-0.337850423962917
19,112,1.62283834316121,0.927213590328158
20,112,1.14124292481996,-0.899443879691496
21,112,1.96922404082228,1.52986695658039
22,112,-1.07059745946372,0.823243299445894
23,112,0.841419007510169,1.5195409662947
24,112,-0.058404960609971,0.234609756431445
25,112,1.60297442206913,1.02152421093282
26,112,0.932554602247451,-0.63236483079918
27,112,2.02482600920744,1.27489828170776
28,112,3.21420076492077,0.338644538884631
29,112,0.951804812809868,2.1280422059435
30,112,-0.364568069205206,-0.755774984997624
1,113,0.371301944544324,-0.864266711872434
2,113,0.79323500210088,1.2289281682945
3,113,0.941617410555704,-0.619336885729772
4,113,3.83977058018492,0.920122046355037
5,113,-0.212505630861231,1.72063620201905
6,113,0.821870529506847,3.78741971467103
7,113,-0.16441848655523,-0.0191298862522944
8,113,1.98814968079119,2.37224151497345
9,113,1.92748337232364,-0.270992349105732
10,113,0.322086899217238,2.96052291274295
11,113,1.44071736825944,1.30859158045472
12,113,0.757213951437302,0.0202266859153817
13,113,2.07442324934249,1.27676070033235
14,113,1.5437834661323,-0.354657707076891
15,113,0.210137501930964,0.57274122661413
16,113,1.23909461162337,1.29487288668326
17,113,2.06316638940844,2.57956732207013
18,113,-0.495500928295575,0.59140061440435
19,113,1.24568890565693,1.18061958281342
20,113,2.7208914131892,2.27001206818283
21,113,0.221452388608166,1.64205902072161
22,113,-0.281531221686882,1.67398397283472
23,113,1.58095366285349,3.18414765395764
24,113,-0.0828205637628936,1.60108800433659
25,113,-0.371448816967116,-1.28004595789319
26,113,1.4230394876407,2.57023147651406
27,113,0.509005703980598,1.6094538989607
28,113,1.12498708645692,-0.406905106226359
29,113,2.66562314487792,0.57081072134874
30,113,1.00899056361503,-0.348237401960307
1,114,1.36057169109376,0.949352723822606
2,114,0.73213017002441,0.893175499608447
3,114,1.50494294380405,-0.84996736072166
4,114,1.50962088709922,-0.290212208154618
5,114,1.05030244629353,0.9881920218507
6,114,2.50361691860904,0.363817852625317
7,114,-0.856348811400814,-0.16814398437484
8,114,2.47381309771212,2.03366577069725
9,114,1.3090546199675,0.534031006504324
10,114,0.967758775362027,0.914001079476781
11,114,0.31007687286854,1.48608974858228
12,114,0.43765697799408,-0.523123141444528
13,114,1.08236835265794,1.95136057017268
14,114,-1.49059085744298,1.49013875723516
15,114,-0.328344577069984,1.54614266476257
16,114,1.65207592997051,0.639883214764544
17,114,0.433539919146606,-0.736297884102972
18,114,-0.128854806720623,1.18283568854452
19,114,0.611592491752742,1.86581927467198
20,114,2.01819195407288,4.32281154551528
21,114,-0.85184103085986,2.5024842800376
22,114,0.834781672515912,-0.501330332579953
23,114,-0.888731457620641,0.273425926622351
24,114,0.146579039999267,1.27090752575872
25,114,-0.0442586026319693,2.73616636888491
26,114,0.0106662085685121,0.0761324526086384
27,114,-0.20691545181291,0.090490279713551
28,114,0.89364990625835,2.39126754055517
29,114,0.86940145798925,2.82636247137211
30,114,0.385088795792607,0.880497842691945
1,115,-1.4984638022836,-0.797930310940182
2,115,-0.0769279460838188,0.704822237988723
3,115,0.521404038624943,1.82012999156267
4,115,-0.036276519380043,2.99549220851033
5,115,0.0553915566914224,0.836283946829897
6,115,1.57806519675783,-0.102920650203873
7,115,2.65412789383045,2.78382686156263
8,115,-0.0251957068656834,1.16352751866517
9,115,0.146588513459901,-0.294050777728417
10,115,1.46244655576531,2.33923421103536
11,115,0.871933111754674,2.94267260078101
12,115,0.620410278793377,1.59758431657339
13,115,1.21245311793301,1.8900074004933
14,115,1.61652167408509,1.12741198776266
15,115,2.70632384780062,2.94103793804417
16,115,0.118400990953656,0.104924913259557
17,115,2.85909294724148,3.66914876038627
18,115,2.91770782866356,2.35559259505397
19,115,0.196992836156556,-0.165334657545819
20,115,-0.328996320688412,-0.154344389147224
21,115,-0.566766494612458,1.53610393825443
22,115,1.89402311262248,2.06919093764969
23,115,-0.128069278076276,-2.38593541340317
24,115,1.15844255073393,2.59894243376121
25,115,0.830596798498788,-0.27735326398058
26,115,0.32024656184378,0.0947206332173416
27,115,-0.336922062045824,2.04792290053895
28,115,-0.792698465841507,-1.76102413755895
29,115,0.82549348856249,-0.559571482470693
30,115,3.07682320563758,0.970535644610772
1,116,0.754220918073042,0.228475142874845
2,116,0.951931702007677,2.44001869826962
3,116,1.53233444790231,2.46615002129385
4,116,2.14061670716352,3.19611328832687
5,116,1.17499136729032,0.614013226743022
6,116,2.73673560590752,2.36065174727375
7,116,-0.757903182317804,-0.549724663958455
8,116,2.75411140184873,1.39796378442859
9,116,2.21229618974749,1.84881394639449
10,116,2.71410063927048,2.59922449800603
11,116,3.08726866729576,1.36269439409463
12,116,0.41005957625734,1.23541176314677
13,116,0.56153152368735,-1.35977933069922
14,116,0.501880963240452,0.316499935906297
15,116,1.1404023626161,-0.36812047031042
16,116,1.15158886160305,2.58974819763104
17,116,1.65255673285306,3.26172594888721
18,116,0.979844513939846,-0.598379339609462
19,116,3.61522008945725,3.05533571720258
20,116,0.560669174871293,2.50310713319493
21,116,0.557036045057601,0.560673057163678
22,116,-0.795231982095605,0.0650559678663003
23,116,1.15031375852748,2.89909068054403
24,116,0.962769956786998,-0.241679183376321
25,116,-1.46692180141761,0.820232639368718
26,116,3.21601819914504,1.79397410681726
27,116,-0.756325977093246,2.15888994382384
28,116,-2.31986109431415,-1.68859879974712
29,116,0.647839288764762,2.2311575666392
30,116,1.48064542572441,2.70966112000841
1,117,0.353521602391125,-1.60443624203049
2,117,0.79799386343051,2.00502745566864
3,117,1.09824350304704,0.402058945917796
4,117,0.237137396092095,1.40626006859859
5,117,0.83209509152807,0.647870489728697
6,117,1.51988084137358,1.7140451553779
7,117,3.83981903980329,3.13410968856668
8,117,1.75963616832187,1.87331438842137
9,117,2.48336241403756,0.662306653048286
10,117,2.36497167972029,1.48768251732168
11,117,1.75527107155393,1.61819844636048
12,117,-0.680955985335905,1.34828771960169
13,117,0.0751028067671732,1.50482329693102
14,117,0.428789130316664,-0.0768437344888366
15,117,3.03521143350784,2.90752156133257
16,117,0.196076545232794,-0.479708547459319
17,117,3.2287468307711,1.20081670338901
18,117,1.18099508817017,2.5025839230964
19,117,0.41395593654267,1.10337565795204
20,117,0.0687100484343672,0.877123588869838
21,117,0.223312196727762,1.30877398281427
22,117,1.80189516071825,1.90885084188145
23,117,-0.00715510058852797,1.3551925372608
24,117,1.28404038749351,-0.0708025711371274
25,117,0.349181929665805,-0.710372881684408
26,117,0.77149873415733,-0.396939915984367
27,117,-1.4638680590073,0.529647563762169
28,117,-0.706109773448418,0.629029182511262
29,117,-0.774680569972577,1.62135576206831
30,117,0.192564841666979,3.28198435233743
1,118,0.24702939702005,1.07011308544012
2,118,1.03344222433589,1.06604914273731
3,118,0.887615909531489,-0.0572612592586932
4,118,1.73156955537568,0.894375124722091
5,118,1.26656158936607,0.757806017640336
6,118,1.32477309472135,-0.012426562699317
7,118,2.05656585535126,1.90585307770323
8,118,0.592821733242016,-0.105202991597892
9,118,1.63400721945154,-0.434108663001554
10,118,1.66665446164509,3.1342776395449
11,118,-0.226571088061699,1.70429146091519
12,118,0.734066628125716,1.15055039058454
13,118,2.2513861274926,-0.335397011899912
14,118,0.319757289438902,1.123358284027
15,118,2.86594220206467,2.03519801410712
16,118,0.248452295000896,0.148338047978099
17,118,1.86447806098465,2.15368691304453
18,118,1.70678133750457,2.83362311861345
19,118,0.578259480472526,0.117903673561593
20,118,-0.842004516653909,-1.22958476257686
21,118,1.81335121551869,2.95151955415072
22,118,2.13162901223274,3.41865299424503
23,118,-0.790703707669097,0.262522565659457
24,118,1.15014112966729,0.253040031459879
25,118,1.20019241729862,1.67398754760751
26,118,2.563229931443,-0.651386580476766
27,118,-0.0559698448972317,0.359648994978852
28,118,-0.10880598242482,1.07013333800442
29,118,1.3571751518837,0.063369826159823
30,118,2.95767256149333,1.30917661108017
1,119,0.439408793087485,1.53839979109554
2,119,2.06456718448417,1.53946786217061
3,119,0.261151943840632,0.577056845874113
4,119,0.567550728887354,1.32035496418775
5,119,1.57256292410445,1.20010124800732
6,119,1.39160736852375,1.7518382637366
7,119,2.4030271103475,3.30795804815832
8,119,0.827946474662645,0.98921769204421
9,119,2.64726166503274,2.16894316038954
10,119,2.63367714608014,0.503172780189553
11,119,1.46811875618205,1.19743461194064
12,119,2.24944920521406,0.193798424700146
13,119,0.0887713062782957,1.61272725191566
14,119,0.539982385313233,1.09859389298589
15,119,3.59458573078424,0.825202413518323
16,119,0.44637226734045,0.683076051101581
17,119,3.65680705366876,1.83245040746339
18,119,2.04591589590132,2.76168075118545
19,119,-1.41554737577375,-0.672434814879471
20,119,-0.652727206849496,1.09220265453948
21,119,0.812434492960607,0.545290871557268
22,119,2.85857562136504,0.376080216689571
23,119,0.276714579812447,0.78719459280043
24,119,1.15187067016367,0.61022463364207
25,119,-0.548932412529081,0.0514255028513007
26,119,0.00593511546025316,-0.474957734771863
27,119,-0.254133245773096,-0.0620267583252858
28,119,1.26627179346582,-0.276117896689773
29,119,1.74857920767624,-0.674983089516796
30,119,2.40448998838174,2.11318621624678
1,120,2.72055520051605,2.97820903313856
2,120,0.943638326880216,2.15015052395964
3,120,2.00257828351215,0.444468389093887
4,120,3.06462073813494,2.19812524312815
5,120,0.0260848148979244,0.609493485230426
6,120,2.13172998723281,3.56868562490146
7,120,-0.0549421749418917,-0.144514644112427
8,120,2.21695266814753,1.06626610385876
9,120,1.10109444701544,-0.0895317449080537
10,120,0.736472234252316,2.29226064101746
11,120,-0.210778178609553,0.836150311504726
12,120,1.32566653675641,1.39744312975309
13,120,0.735425818207231,1.10376844292572
14,120,0.742635512877786,0.915245644639629
15,120,-1.11771105073686,1.52235226356299
16,120,0.315486397590202,0.145527943405036
17,120,2.01394749271364,3.14758302493009
18,120,0.207100401445398,2.30772901599803
19,120,0.280786301589989,1.95628526264977
20,120,4.10185845258133,3.2985139891774
21,120,1.62949781379306,1.21702685974517
22,120,-2.04613334315958,-0.355668890800991
23,120,2.07665861456994,0.634672555822004
24,120,-0.578734766962792,2.01409511931575
25,120,0.805580572808744,-0.918741827308185
26,120,2.36900836808292,0.317522549816004
27,120,0.0622431057125707,1.88594294232225
28,120,-0.942031741563754,-1.67940645212078
29,120,0.41204395457248,1.24998201396801
30,120,1.76779362057942,-0.0151095371245431
1,121,2.36696754276242,0.00137438560063396
2,121,2.17394834540305,1.35535945493667
3,121,0.419162234701427,1.90916395661634
4,121,1.48222444211788,3.58429345047084
5,121,1.72753354396292,0.554184064489259
6,121,3.01214018223119,3.17344208255469
7,121,0.843862703819994,0.784559906293983
8,121,3.4310619833758,2.37540950994097
9,121,0.553603539620833,1.00108107882923
10,121,3.69498463277271,2.91191920969804
11,121,2.181871348571,1.5123603327925
12,121,0.758858453489716,1.84956367102029
13,121,1.20877652061012,1.07511495994853
14,121,0.572139193114773,-0.153479127756309
15,121,1.29931947805515,2.21233921694467
16,121,0.523261526557607,0.996196925087332
17,121,3.20149972242699,2.49777374968019
18,121,0.123487002332147,1.46237976195789
19,121,1.73923038122998,2.91677480646711
20,121,3.20040178200925,0.411148187131179
21,121,0.443692463765433,0.196036664734495
22,121,0.288213794943972,-0.218657539671597
23,121,2.80331779578034,0.942374953653977
24,121,1.30751047567838,0.668826688046523
25,121,0.920231217956652,0.934426291865406
26,121,0.736396387923879,0.650548561988234
27,121,0.756378762927826,-0.134994875946996
28,121,0.906846174318901,1.0390412836959
29,121,0.982252582722477,0.808113388294165
30,121,2.51691191845,1.09801501610062
1,122,1.57293048828148,0.57181819555136
2,122,2.001776533618,1.01044490885007
3,122,0.806192077481668,1.26414208090535
4,122,1.73508792606171,1.6797199556623
5,122,1.11453396387442,1.24429271867632
6,122,2.52943625832265,3.0235741748947
7,122,0.708863817658525,1.23037761956251
8,122,1.85790117845751,2.57628621472647
9,122,1.60812535669341,0.395891087814082
10,122,1.17312083171804,1.82656332911649
11,122,3.11098735550421,2.63559828980751
12,122,3.44615239602771,1.30035000851591
13,122,2.67462716445785,1.41011686956439
14,122,-0.0678416514823306,0.437436878945325
15,122,-0.525172252666157,1.48063186703585
16,122,1.22590997344771,1.14703908796629
17,122,3.45728143565356,1.47761721683857
18,122,2.81411753248177,2.21001016561858
19,122,0.476009434218877,1.25038948658134
20,122,0.876533974843909,3.42546134738886
21,122,0.789287617534207,0.125952813043694
22,122,0.678250488245849,0.204320538940857
23,122,2.62222242863143,-0.223970559320209
24,122,1.5164671722095,0.0411964325693488
25,122,-0.54174704900853,-0.402224205924778
26,122,0.543819023530581,3.08812762279765
27,122,-1.27183173005091,0.589602096973175
28,122,0.280681575617894,-0.0792948474534145
29,122,2.03270630600617,1.50489165228577
30,122,1.96906389726895,1.10210172917925
1,123,0.373099275380662,1.73293886307602
2,123,3.09391867041618,3.03282596098665
3,123,0.684805832627495,1.67194516694769
4,123,4.15364174215781,3.08900343886516
5,123,1.60833126216722,0.222406431334746
6,123,3.44591942958692,2.4346563237782
7,123,1.54371792526634,1.50646213568726
8,123,1.79470318264755,1.20425378065586
9,123,0.15212586109326,1.28209447780241
10,123,1.55715098796186,4.08919326855261
11,123,2.05395640643272,1.12653101074772
12,123,1.67469234401781,1.94556592724058
13,123,1.25268612563827,0.212084208217099
14,123,0.23764080714633,0.767609565520188
15,123,1.79391107872909,0.568600786046071
16,123,0.560496759158766,1.67521995344222
17,123,2.33202368649368,1.59952124403443
18,123,0.815245835689668,2.29142820205281
19,123,2.46026066993339,2.95530545843973
20,123,1.73180778362614,1.46240132817518
21,123,0.541601240159363,0.518827879383074
22,123,-0.418737242331453,1.72637168423322
23,123,1.40064772353595,3.68471814059984
24,123,-0.346379229254915,3.22350873915306
25,123,-0.669369057005588,-0.013697029083263
26,123,-0.13691416627502,0.726901014772548
27,123,1.66293960494176,1.33239517471082
28,123,-0.196783541723801,0.112847820387738
29,123,0.0429013727760893,2.44488598269716
30,123,2.96327498550646,1.94970174944426
1,124,1.89682128761486,1.43304896369471
2,124,1.46945966093936,2.24083602078785
3,124,0.950323845147806,1.33808518206559
4,124,1.6902630124934,2.7953701460234
5,124,0.783387004870851,1.36595745187593
6,124,2.87361081297692,2.42444823634789
7,124,-0.592076649560805,-1.9268024194322
8,124,2.96407725612973,1.03706026265038
9,124,0.823932804094492,-0.615523759891245
10,124,-0.487584656758759,1.80643510789167
11,124,0.905408082286063,-0.790561412532411
12,124,3.12482956403611,-0.48797510456401
13,124,0.0515954239614691,0.109880223315419
14,124,1.40073977682409,1.46058691572718
15,124,-1.26975238538942,-0.968803471556153
16,124,1.22189404422225,2.64466257136288
17,124,-0.56415926315506,-0.147973990440073
18,124,-0.0995066644768914,1.78310641168082
19,124,3.8024257532845,2.64763910076594
20,124,4.19621531105964,4.44166280786428
21,124,1.37663765290385,1.7668395136576
22,124,-0.877827101694747,-3.19879514685595
23,124,4.33146932231097,2.24920379702401
24,124,1.20046915042517,0.639274556889263
25,124,-0.6073479562654,0.0530341483497533
26,124,1.12414157831781,2.16982343374905
27,124,-0.426192373411033,0.441922409332421
28,124,-2.17751486762939,0.890779331944014
29,124,2.72067006130358,-0.354892089710908
30,124,-0.216903885489113,0.561229577466794
1,125,1.64128118040183,0.610037009167207
2,125,2.3600993108044,2.1178213550724
3,125,0.502538446944329,-0.958739356628436
4,125,1.82329560218716,2.00077656015524
5,125,1.30069868948919,0.729532867502271
6,125,2.19620390640857,2.91084829771934
7,125,-0.238401788465274,-1.04409764768998
8,125,2.23829252198209,0.958745896910534
9,125,1.65592172754345,1.82214771666287
10,125,1.17532915079579,2.07665206931578
11,125,0.294283515945954,1.87299853440388
12,125,1.59940329882609,1.25464001052638
13,125,2.4173001444176,-0.678761225525017
14,125,1.83451071117347,1.30505541496265
15,125,1.71109491645367,1.05423641310842
16,125,0.663672512439085,-0.667899504205519
17,125,1.26837039824965,1.6262659875881
18,125,0.870958766992432,2.41241128485033
19,125,1.13221613792742,2.24770159139274
20,125,2.67534085724355,1.33487028558759
21,125,0.967451629935258,1.61864664460946
22,125,-1.88970628411906,-0.430309023547907
23,125,-0.275572479850771,1.96697411541715
24,125,0.650042634537704,1.60140942941471
25,125,0.708635865827203,0.949273207314333
26,125,-0.67035795230314,0.984413840984991
27,125,-0.0136414448821887,1.62278814774449
28,125,0.160958584348884,1.61082751843552
29,125,2.59067546310549,0.199693114136386
30,125,-0.781121187880312,1.04955320725599
1,126,-0.163764430125386,2.09533831953099
2,126,-0.249997307947621,-0.021682348858103
3,126,1.17442203954564,-0.720349842066393
4,126,1.95423824247022,1.1286999857512
5,126,0.531294631362505,1.91847364012123
6,126,0.174832589256655,0.425313644463182
7,126,-0.896421981167157,-0.514173394903597
8,126,0.632863085596777,2.15527915040129
9,126,0.887843552148723,1.13735229083757
10,126,2.42337041099664,1.36740428419998
11,126,0.26022487089258,2.5609755613796
12,126,0.578713961180372,1.40322076749684
13,126,-0.0268879371225004,1.26970105597703
14,126,-0.7771452408235,0.954069016404242
15,126,0.599655235296741,-1.19470926620845
16,126,0.21401404090282,2.10383961399545
17,126,3.43384050221186,1.24073793446168
18,126,0.703358464837789,1.0144162612829
19,126,1.61747345840325,1.61442022609953
20,126,2.36561617600575,1.16111350391546
21,126,2.64852395367323,0.958472165609895
22,126,0.13049725935779,0.721526244171832
23,126,1.35982598726278,0.999103671162783
24,126,-0.579842417649583,-1.2145018585155
25,126,-0.297610147501402,2.57914548340198
26,126,0.79060451770442,1.01131588625545
27,126,2.16337856047725,2.08878673015133
28,126,0.394722061406555,1.20775710765027
29,126,0.381085076274275,2.79601979919966
30,126,1.42962835542394,0.595478292996359
1,127,2.36216559684381,0.716541049648656
2,127,0.246352016671555,2.67314147989457
3,127,0.459651152887957,3.06111352032981
4,127,1.75293136200404,1.72616605563151
5,127,0.846336997669027,1.02102847972843
6,127,1.84918896644352,2.1851719932498
7,127,2.18877026894351,-0.197964947237456
8,127,1.08267396810715,1.64088667461555
9,127,0.680159065162314,-0.0287506694441579
10,127,1.53802354400687,0.755129468700114
11,127,1.05018589915055,1.89441396272218
12,127,1.42086774058107,0.0301492688729174
13,127,0.611363063489042,1.68619483854074
14,127,1.01894771707832,1.0776040623633
15,127,-0.922487736277261,2.07499550680669
16,127,1.02192034189189,3.17367967294323
17,127,0.655635815005164,0.596476044718308
18,127,-0.175047119080719,1.40613428904018
19,127,0.812108921747894,2.7838419106808
20,127,1.93212687736828,1.75917735967192
21,127,0.836467117265864,0.0903111519257211
22,127,0.884772554895316,-0.806282013041051
23,127,2.1928561886514,2.65240124870715
24,127,1.51657490459353,3.2876025805497
25,127,0.345265011846177,-0.377546094689388
26,127,-0.061290458214666,1.37740304386449
27,127,0.527979588665843,-0.759754587036144
28,127,1.63560534290421,0.535621112707542
29,127,0.85586057601803,0.670157076173781
30,127,-0.710087684925465,0.915150679865931
1,128,1.77777752641028,4.18124869434517
2,128,1.62079479413996,-0.0597049950130777
3,128,0.595816343259445,1.42853310015808
4,128,2.20482365922465,3.86411987308001
5,128,2.35713471870943,0.376724505748233
6,128,3.25253033864813,1.1339915317311
7,128,0.571619075785071,1.07622542977634
8,128,1.62513387286105,2.91502038095942
9,128,-0.368883647616025,0.742080656913223
10,128,1.0522280420586,0.754190097249003
11,128,3.78667795859342,1.84898610292079
12,128,2.71392745132182,-0.801901502299863
13,128,0.918616215617616,-0.327584180086351
14,128,-0.213627038369047,1.56530090502469
15,128,-0.0242114223347667,1.80122744927602
16,128,3.16330828864566,-1.13673999508201
17,128,2.45303293607221,2.95601946845667
18,128,1.2896468773943,-0.421199565687497
19,128,2.53324664417767,1.00821059438131
20,128,0.469320547853171,1.8683970576708
21,128,1.38656952750235,-0.768469256828677
22,128,1.78063656422477,1.60726374601908
23,128,1.27459279840564,2.69926874797261
24,128,2.1827618440489,0.0566249691227559
25,128,1.11277573802193,1.59224621649513
26,128,0.903953580520142,1.77931097596012
27,128,1.28633901829174,1.36213947061154
28,128,-0.772327160876043,0.603191553314879
29,128,0.550772452734135,-0.199401255168158
30,128,2.30545851076798,-0.495035678639205
1,129,0.184221464324331,2.86516892403396
2,129,0.665342115885473,0.92115942468349
3,129,1.71548740749081,1.07212157139125
4,129,-0.678477249412377,-0.665865372111921
5,129,2.31183557381093,1.84909154814897
6,129,2.5541186066194,2.35163994157804
7,129,1.474594416804,2.38798327130909
8,129,1.04073911849957,-1.40481907839501
9,129,0.180553892068993,-0.363532438871071
10,129,1.14745855558527,0.75428874454976
11,129,0.136698791142553,1.33552176013176
12,129,1.03141994913664,0.199361614274919
13,129,0.0392170710383157,-0.132706222664579
14,129,1.59899258047145,1.0403747307768
15,129,1.49477684019637,-0.139235152374845
16,129,1.90111481262376,2.70162010667678
17,129,2.60500137564363,-1.20270373668538
18,129,0.0262544115239169,1.18148845354318
19,129,1.55059482129726,-1.41192167766025
20,129,-0.967477997147165,-0.0345334672398707
21,129,0.292891523881693,2.23471256668733
22,129,1.89879145657583,2.0750933462888
23,129,-0.163524750074572,-0.824996247805435
24,129,1.11871722742614,-0.703021508746307
25,129,-0.125765792605442,0.832784741030604
26,129,0.200879379837299,-0.381746554793906
27,129,0.686318949553127,1.13288599083184
28,129,0.228515536971371,-0.143104180517782
29,129,-1.27513045454396,-0.93940138069748
30,129,0.942003526783946,0.268738429359545
1,130,0.738580647054376,-0.960530081146867
2,130,0.341471960725042,1.291399353986
3,130,0.0413494992375159,0.195291644544683
4,130,0.490551109613539,-0.447493251546949
5,130,1.61009623136014,1.91315190119119
6,130,-2.70434178298213,1.5271503154847
7,130,1.57708793507427,0.39956287973264
8,130,-1.81740918344528,0.295474764488213
9,130,0.106379068677311,1.76002711314915
10,130,-1.31610821598153,-0.381397347068906
11,130,-0.830395069782543,-1.24391515196666
12,130,1.62369211816473,1.30100871560204
13,130,0.911387627012767,-1.14776030090114
14,130,1.48538884766794,0.746237632776245
15,130,-1.90949975707996,-0.233662403558608
16,130,0.698540327436599,-0.0205293516726615
17,130,-0.101881173275821,-3.48429308129879
18,130,0.550314477141105,-0.897532908459839
19,130,-0.848934342762392,1.39062593843879
20,130,0.989365606804719,-0.417048100259222
21,130,-0.559331308705159,0.216831284382169
22,130,2.82168035824679,0.416797856631985
23,130,-0.699817181474991,-0.775922184932334
24,130,1.52602050681519,0.907017823886841
25,130,1.3270987288846,1.60196809183679
26,130,-1.05735883631375,1.45494743140575
27,130,1.93718148981957,-0.773168454756602
28,130,1.53837458740769,1.90035107546396
29,130,1.27158126760647,0.299939532795411
30,130,0.23676129593158,0.303855228681693
1,131,2.31282371843758,0.412609197601375
2,131,1.09583946675715,1.11967036347052
3,131,2.32102022541033,0.0521777885795811
4,131,2.14147175687574,3.15335589817473
5,131,1.51152864334242,0.03805050836263
6,131,3.0884422674492,2.77341802377316
7,131,0.180702108439565,-2.79039034558797
8,131,1.08846594612687,2.03647530217682
9,131,1.55019418845009,2.48022558828382
10,131,0.603017837896614,1.94934579380336
11,131,2.2941668040108,2.43920196058866
12,131,-0.0925868208301579,-0.811843239816565
13,131,2.51434013359337,0.612800050643239
14,131,1.01966187223119,0.159589282173661
15,131,-0.226307610190649,0.50759601735836
16,131,2.82095052385783,1.44697217211344
17,131,1.14139334433618,1.02270536845927
18,131,1.5005557448645,2.6154217133409
19,131,2.72310238666738,3.28584311468089
20,131,3.95783973252138,1.77835667043927
21,131,0.203503177914588,0.415656614628805
22,131,-2.55094041302145,-2.29225432281808
23,131,0.603250343150692,5.25643608620883
24,131,0.0440418017035469,0.00600362935851328
25,131,1.32265455710394,1.78790114834062
26,131,2.02754158327513,2.36285031582384
27,131,-0.171646390212155,1.14053475340058
28,131,2.37495150488181,0.713710851969456
29,131,2.14548434436657,1.30083142364891
30,131,2.80112140610886,1.68744030190279
1,132,2.94993941856499,2.29672683832749
2,132,1.06400218034227,-0.00971464700072877
3,132,0.84087351402675,0.697182404689502
4,132,1.6977163193226,2.61504417428172
5,132,1.90135349739514,0.654775717951695
6,132,4.73291969549948,4.17454532849199
7,132,-0.299427579239099,2.10808433320784
8,132,1.08072600333393,1.36112270086604
9,132,2.31752983467532,1.97628723201342
10,132,0.803514321456815,1.15022543102771
11,132,4.31256260386826,1.83387066941209
12,132,1.88720340915514,1.61353317497702
13,132,-0.407261836725615,1.11871042799843
14,132,0.544722961705301,-0.490646137149885
15,132,1.3205719133609,-0.0420584941868936
16,132,-1.01187923751818,1.14476775897967
17,132,3.0599735791022,3.15432965519532
18,132,1.78613156959754,2.93562614992958
19,132,1.35231670469253,1.36379687408725
20,132,3.11830683428762,3.46634597732784
21,132,1.49553506050203,-0.519194812663346
22,132,1.17361868004488,-1.09950217524905
23,132,-0.319810653377685,2.76307416258631
24,132,1.37803132136385,-0.0580954806312874
25,132,-0.624720260868678,-0.451965258498717
26,132,3.59692154809495,2.39325872279387
27,132,1.14548276180659,0.835055653240528
28,132,0.880628946438971,0.370153733116092
29,132,-0.0228944134188371,1.22648087208211
30,132,2.35432166034025,0.158902279711655
1,133,1.53661739493939,0.585619958091165
2,133,2.16649559663265,0.488162882365647
3,133,0.797994843181453,0.0968357625124752
4,133,3.10124804855441,2.27913490483569
5,133,0.494185874959938,3.44091184649559
6,133,1.58024327929684,2.80364815461004
7,133,0.338212967603798,0.157994106441735
8,133,0.410562488984646,1.98348184544663
9,133,0.674145975320637,2.57348585692184
10,133,2.4524888108839,1.03321780523128
11,133,3.07263600690459,2.08528777312477
12,133,1.97546229135319,1.4231067281842
13,133,0.501236720727496,0.803467070121026
14,133,0.753812765129045,0.491878886226689
15,133,0.716432496167396,1.26983385023509
16,133,-0.0534946506069587,1.17929417933232
17,133,1.84617716838218,1.2492599611182
18,133,0.464842390714254,0.695145738305009
19,133,0.54310878641297,1.894695081397
20,133,2.89883167772508,2.11830421865225
21,133,0.0246835712404969,0.360877181153426
22,133,-0.362670704767802,-0.0420334845988466
23,133,0.67727657017968,0.877925225071138
24,133,0.700910706046412,-0.157453328155794
25,133,1.08475725474579,1.96597683425844
26,133,2.18669729581737,0.802795978469817
27,133,-0.23094669063391,1.16009934712286
28,133,1.46441137589418,-0.76201745277065
29,133,2.65119865976427,0.927617300224451
30,133,1.48480935478542,1.50226121050816
1,134,1.86023417655154,0.693217844488557
2,134,1.84970465096603,2.36740041877194
3,134,1.45266864139472,1.41403792403053
4,134,3.40719100265486,2.71416112328762
5,134,1.30512460286656,1.41376752632091
6,134,3.56304500286706,2.98426666721556
7,134,0.811632326135032,0.307750834743498
8,134,3.40617502108765,0.879766172377732
9,134,1.31795405787386,1.46176863842654
10,134,0.774921829848666,1.52589467629245
11,134,2.43924585673594,2.50374623675462
12,134,1.98067789722731,-0.114418720910298
13,134,2.66052390630597,0.50145974358473
14,134,0.319354701139919,0.531255082718423
15,134,-0.231694831720346,2.75369716454099
16,134,1.29181996592788,1.45626674921777
17,134,2.28636949490201,2.4911464342893
18,134,1.71792387985774,2.27869218518351
19,134,1.00581124451762,3.12507442241991
20,134,1.49895860865957,2.81686979074004
21,134,1.73633098163275,1.38624223006544
22,134,-0.892655229687808,0.935574623645888
23,134,1.64772630145099,2.46425705262505
24,134,0.88902821492285,1.81423475115902
25,134,1.15882231699051,-0.704771264324252
26,134,1.58627272345611,2.55262298933685
27,134,-0.125713396221637,0.361028146321895
28,134,-1.19261980582667,-0.472265188521324
29,134,0.187004836555397,2.68412150671429
30,134,3.00818256310585,2.59194269565887
1,135,-2.08535909163008,-0.533037651323278
2,135,-0.435647835417483,-0.258109870979828
3,135,-1.00988763618056,-0.520086240894831
4,135,-2.77930385287101,-0.912333319930225
5,135,0.499029764316209,-0.0292253308417765
6,135,0.767802127024218,0.0211391606648014
7,135,2.28679841891307,0.159430459819579
8,135,-0.844163684111899,0.428927235252814
9,135,-0.380886876589879,1.03679896579576
10,135,-0.9206869855222,-0.817790898115267
11,135,0.301787360661433,1.01816887197391
12,135,-2.26941434986885,0.319206918439078
13,135,0.578602660413654,-0.321916236054679
14,135,0.697812021268886,1.17775175346829
15,135,-0.480779967792626,-0.727803989413504
16,135,-1.67295840798043,0.984154902909202
17,135,-1.17619540468047,-1.86553697500754
18,135,-2.10614173502639,0.835907972438944
19,135,-0.19655231566754,-2.2554510281714
20,135,-1.37660510180364,-1.59416354658384
21,135,0.883305381604834,0.498639764961263
22,135,1.91696125220866,0.755259652854165
23,135,-0.728032218796482,1.12265171972602
24,135,-0.219198936775569,0.74277354751443
25,135,0.443805722656195,1.4103523673113
26,135,-0.991359361168754,0.383403699376895
27,135,-0.741937658373135,0.9042161220394
28,135,0.894029895800405,2.63565814734238
29,135,0.113496197750433,0.746617559479718
30,135,-0.299210453677103,0.619836660311618
1,136,1.30830634834586,-0.507242855896308
2,136,2.26309549095189,-0.155101966242535
3,136,1.19812234086069,-1.36195617678978
4,136,2.77811774017743,1.04905790169145
5,136,0.198442736983044,2.27812519790145
6,136,2.64138181828577,0.312310576069416
7,136,1.34068986038261,1.06234417481333
8,136,-0.0839322557769207,1.54873279364409
9,136,1.30802963985888,1.14438502666414
10,136,-0.10997410471405,0.84349612141318
11,136,2.0882658345523,0.52289111623704
12,136,0.353634827857816,0.256613012280822
13,136,0.650550208064528,0.904113642260802
14,136,-0.0567893686637286,1.92238553136732
15,136,0.0322031853766602,0.0908739925970323
16,136,2.60836064289284,0.783686546583013
17,136,2.31117541577934,1.41863904947734
18,136,1.82113344413548,1.93733385721481
19,136,1.16075862670414,0.85581055067585
20,136,1.95354131363035,1.85492480650387
21,136,1.38473577106556,-0.773709813925144
22,136,2.07467415988688,1.1895532169487
23,136,1.95332766159315,1.1996588911509
24,136,0.52047822111818,-0.36897804675282
25,136,0.433359401540694,-1.68210629152118
26,136,0.667085346155649,0.769821275560475
27,136,0.392693176227929,1.42529246916989
28,136,0.200576612194514,0.756315847608357
29,136,2.13344133028672,0.546394190903046
30,136,-1.3072399614751,1.07118502755058
1,137,1.12498602569872,1.98282245600909
2,137,1.910964925317,1.29143511848873
3,137,-0.0733583963587183,1.26445508632585
4,137,4.92009537130817,3.4132633081708
5,137,1.01203299639976,0.523149836963382
6,137,1.94652042959919,3.26163412462732
7,137,0.86721485972867,2.06938896037704
8,137,3.39841215916524,3.05234059835755
9,137,3.24398001530104,2.08601719681662
10,137,2.92236995931638,3.456949076388
11,137,3.0985971219787,3.2929672417944
12,137,0.942565316921212,1.79567028051405
13,137,2.98820561433773,2.12032120883425
14,137,0.971451203226528,-1.02045076523067
15,137,0.0498833711491846,3.03340702704819
16,137,0.556081349400922,0.666404520588012
17,137,4.10652801750667,6.67817433453088
18,137,2.24313591455366,2.7549585290093
19,137,1.75712084310926,-0.857284810337461
20,137,0.821880750678619,3.32740720581422
21,137,0.886228326378857,-0.0717320090305602
22,137,0.648431502503487,0.905737656497952
23,137,2.88758378299783,2.30234149966174
24,137,1.1866780878758,1.86653401408037
25,137,1.72069624997741,-0.77668381279978
26,137,1.92410613908183,1.121182425122
27,137,-1.56368437776574,1.65458798984957
28,137,-1.00018216924873,-1.98440884983456
29,137,2.00571998687116,-0.177822976027487
30,137,2.1473611931864,3.32656628770906
1,138,2.43993663291052,0.973801879687236
2,138,2.55506138174022,3.73849692744307
3,138,1.29762318166998,1.10373950538345
4,138,1.43424356950997,1.01137607137406
5,138,0.392523238656088,0.316839321955024
6,138,0.860902022521106,2.72245406360671
7,138,2.95844568876788,1.27433995686647
8,138,2.32664487451711,1.97581013158033
9,138,0.465434462127832,1.3232291341885
10,138,1.38374917142032,1.53919649820438
11,138,4.40357069700975,3.46368271496798
12,138,2.24494921750251,0.978736582684366
13,138,0.493767154279515,1.37789850176093
14,138,1.68700430074882,1.14365364832203
15,138,2.68146663584238,4.94290611140989
16,138,1.28966139409851,1.07802438389164
17,138,3.07442057251468,4.75417164908594
18,138,2.45011108223911,1.77997751028214
19,138,0.743572599433891,-1.09247932806189
20,138,0.0577265041027311,0.53430249223278
21,138,-0.0580921454066861,-1.07647541354888
22,138,1.23549644424317,0.548649310621745
23,138,0.437818163136202,1.23336757151389
24,138,1.11366477567506,0.886586717369332
25,138,0.0576108830012593,1.22200661993032
26,138,1.12250419994489,2.23869437875474
27,138,-0.668831937253596,1.345648358009
28,138,-1.5942265733387,0.219061860635573
29,138,2.58916634966802,1.24917433078857
30,138,2.38155925273602,2.12850879151383
1,139,0.769058155136283,2.87447857425613
2,139,1.25334821249811,1.58569544344056
3,139,1.6243549070341,1.64638020792619
4,139,1.47049156980888,0.740696103845723
5,139,1.18129228610594,1.02841955907652
6,139,1.11909271128742,-0.613808990798217
7,139,1.78480201088463,2.42492267050444
8,139,2.14156792440703,0.0511013447470661
9,139,1.01102983135408,0.73666088857562
10,139,3.52122135580745,1.97929181455346
11,139,0.940600804407338,3.03801693967383
12,139,1.57872287332718,1.07179882849183
13,139,1.20936109276745,0.754171598439739
14,139,-0.408791364791573,-1.30694274170288
15,139,3.49563344136982,3.11815641586185
16,139,0.4982583212575,1.69432968858229
17,139,1.77357557202743,2.93305632351126
18,139,1.99070827331684,4.06308684022441
19,139,-0.204673910329302,0.490903594875201
20,139,1.13955471810767,-0.901855836490724
21,139,3.09887776412517,0.785118706536806
22,139,0.889601749445345,2.24960210807625
23,139,0.79290529597155,-0.608385068568893
24,139,1.18348319408936,-0.731885241883991
25,139,3.05595398120378,0.393414443097521
26,139,-1.25974889651944,1.54968985428558
27,139,-0.0398648391792256,-1.87039547783919
28,139,-1.47979314256702,-1.98318588488176
29,139,0.588262980788598,1.12365772664054
30,139,1.75526055396521,2.91989422876794
1,140,-0.299865922648509,0.0490072939459464
2,140,2.20593162698654,1.57219828004918
3,140,0.868395826246164,-0.00245592844704023
4,140,2.38414905730411,-0.176132129491919
5,140,1.42726299427217,1.95338910919962
6,140,-1.2087286673157,-0.0249738796358172
7,140,-0.277711170359625,0.501653146793666
8,140,0.497473965556272,-0.6754351606713
9,140,-0.0163794062614913,0.628530139213696
10,140,0.43468962521163,-0.563865648565185
11,140,0.826387031560519,-1.70562512733999
12,140,0.843656328314061,-0.547957820376218
13,140,0.348459820145036,0.244423563726696
14,140,0.257882906827707,1.06505358666742
15,140,-0.998537530895931,1.35881905461266
16,140,0.949630330344509,0.647269658568231
17,140,0.62795859264292,-0.421783805779153
18,140,-0.0843276760784533,1.10147512335979
19,140,1.11538125455943,2.77681999489353
20,140,2.59435294940169,0.281385516246489
21,140,2.74771493814377,1.99187924672365
22,140,0.406999951296239,1.38808829295224
23,140,0.893981132695662,0.271223312926954
24,140,0.0450410536040086,-1.17363335860083
25,140,1.62148249938624,-0.0358836700184011
26,140,0.221559653576769,-0.276821138647507
27,140,1.07047402142461,-0.317320740385497
28,140,0.411184584931404,0.108949259734184
29,140,1.77154001494003,0.153236614157326
30,140,0.144342189603929,1.1804115905612
1,141,-0.170732788125887,-0.644993356672342
2,141,0.154606338139102,0.349402828715268
3,141,0.607462156733168,0.328070981377531
4,141,1.25202112025551,0.408256907716659
5,141,-0.57074255545819,0.578418274351555
6,141,2.14143463713979,-0.485719558169209
7,141,-0.258863708473754,-0.0697407309963336
8,141,0.160361702417572,0.877616993975337
9,141,-1.60597567980498,1.59149876099274
10,141,-0.810884156652055,-0.136981142854233
11,141,0.575510903041226,3.11552028985395
12,141,0.847577802957023,0.339351532204541
13,141,0.811228053884126,3.32447978226337
14,141,0.524266573484612,0.857152354952008
15,141,-1.60776995571083,-1.33490455181979
16,141,-0.580009872665766,-0.931951825777124
17,141,-0.876552397046856,-1.51819357481061
18,141,0.375736364204479,1.23250717165637
19,141,0.960086442069563,1.82596426280605
20,141,-0.287953053783525,0.412543588331726
21,141,0.677126482057407,1.1371743090379
22,141,0.959245621170115,0.585141851055813
23,141,0.153994561750619,-0.580526567573008
24,141,2.30486919357462,0.0498212058288292
25,141,0.268578991000474,0.124741524189901
26,141,-0.194505041880228,-0.5296647721762
27,141,0.860388689638764,0.15897262923713
28,141,0.132547489802131,1.99935083254976
29,141,-0.468888194385486,1.2229597125115
30,141,0.264207885864336,1.66712669169028
1,142,1.51445976819075,-1.36123071317757
2,142,2.39425271834629,1.74928219086523
3,142,0.397550050658876,0.544787528808116
4,142,2.98403947197522,1.26374824819057
5,142,0.0574121962473237,-0.719735696371387
6,142,-0.212105727692217,1.35129929700416
7,142,-0.480315629246305,0.689690710814996
8,142,2.44645702882352,1.69816618213086
9,142,1.20817557093016,-0.20950572456816
10,142,1.54203015239457,5.11844402054289
11,142,1.31552475021165,0.827039270215557
12,142,2.87613196027709,1.00767319353828
13,142,2.34873671475847,-0.0811749806123363
14,142,-0.372523861131916,0.306042853503533
15,142,0.259237590990413,3.78450917921493
16,142,1.86559593082799,0.393407966966781
17,142,2.79178069006135,2.84137274186306
18,142,1.3425808457085,0.913782055662295
19,142,1.42767087107155,2.56958249351644
20,142,-1.2843498755302,1.20723282654726
21,142,-0.0226240616733022,-0.074115616438706
22,142,1.39042181733503,1.18585355667095
23,142,0.961157857802536,0.647205805512728
24,142,-0.474680960121434,1.31591515050173
25,142,1.51342615364248,-0.311236574379153
26,142,2.30304498794842,1.60320150842978
27,142,-0.314866030122506,2.20835216933852
28,142,-0.110673257474585,1.33755499961684
29,142,1.6118049601187,1.18618353344347
30,142,2.38159339793098,1.85154519002653
1,143,0.286370753906985,1.23662137748052
2,143,-0.099751618135399,1.67716797707535
3,143,1.13832618555341,1.17917792556964
4,143,-1.00217481179542,1.51993352354255
5,143,-0.178379675003459,1.40950944186768
6,143,1.70887726468725,1.16308398134106
7,143,-1.09286081094477,1.33138701865022
8,143,-0.361375504435571,0.897240979071698
9,143,0.568291605208249,1.82036305508285
10,143,0.485239326489491,0.359061454893959
11,143,-0.947002270565371,1.00081342935913
12,143,1.23708961337438,0.760174883339642
13,143,-0.27022365607853,-0.322921873138494
14,143,0.542480746912981,1.89936567405423
15,143,0.4567816227944,-0.509079383605335
16,143,1.52954572556356,2.13804620589476
17,143,0.722841792376951,-0.279643223626955
18,143,0.628504635654162,-0.21923084438072
19,143,2.54221262436442,1.74836027143691
20,143,1.38942161811733,0.935781808929092
21,143,1.3788688350826,-1.0898624668311
22,143,1.02703459794594,2.055556353249
23,143,1.46773200299401,-1.59243005445508
24,143,2.06149064137483,0.0332281530165073
25,143,0.683489426113495,-0.779745756196235
26,143,1.13669334203525,0.325881893498862
27,143,2.74727233795606,0.866319334272883
28,143,0.172052366983541,0.368549904922789
29,143,2.10700532219466,0.237142192748112
30,143,0.149385080744091,0.592667421087179
1,144,2.7411033113432,1.30012904678098
2,144,0.556202897224525,0.366690694898178
3,144,0.0135181429210667,-1.24696580701443
4,144,2.42587694391023,0.463628455172749
5,144,1.86696308742831,-1.00232623645879
6,144,1.78153937871096,1.86516727511697
7,144,1.83201403870768,3.42898389729672
8,144,1.50433484630259,0.117013104479411
9,144,2.90978452846143,-0.030411621755587
10,144,0.193687746249645,0.750688340780564
11,144,0.562630808862181,2.33735758225703
12,144,0.017559511883055,1.32804431876334
13,144,2.09982221032933,1.62801453589693
14,144,0.425812405230837,1.4429242192559
15,144,1.57728997795215,1.95513304251808
16,144,2.49936763371754,1.1638924535167
17,144,1.59410384883003,1.0105650363931
18,144,3.84545466141783,1.76087177807071
19,144,-0.489129535849403,0.304207813227312
20,144,1.85152800782946,-0.771136908846658
21,144,0.963596026735356,-0.528509318865891
22,144,0.714814263506527,2.04102433121538
23,144,0.743648103212315,-0.384061980436516
24,144,2.16370637203166,0.420403677491047
25,144,2.21398797514775,1.49274715199614
26,144,-0.656359471797434,1.3513678424053
27,144,4.02742763118292,1.25868025628025
28,144,2.70238908069377,0.455825784430803
29,144,0.302698247329845,0.679144744812428
30,144,1.43388876406693,-0.701446908685687
1,145,-0.209616591377819,-0.154907750737669
2,145,0.436944514289878,-0.848362367187395
3,145,1.3210518437271,0.20310811961303
4,145,0.125698562593188,2.07644282077958
5,145,0.828398341846007,0.77461674690556
6,145,1.46820277855613,-0.729751101893608
7,145,-1.18232801231509,1.91023290692125
8,145,-0.180369824292315,0.802446151584201
9,145,0.664191434940225,0.439424094571559
10,145,-0.385879677548278,0.169589709244691
11,145,1.41006083970564,0.203609016188121
12,145,0.241231352885138,0.615316969431869
13,145,0.216958365117767,1.26566876353944
14,145,2.12935966480578,1.0680045405228
15,145,1.67182702115686,0.210156302397367
16,145,0.322991948516957,1.30767092031893
17,145,-0.0757681610545458,-0.446414976579712
18,145,-1.0170521628051,1.7403536095676
19,145,-0.464053759937998,-0.74694680227474
20,145,2.48307911924784,0.632573989863503
21,145,0.722288717145942,2.0175003514608
22,145,2.25402646818918,2.56271793012366
23,145,0.0199957347938083,0.0923613903580144
24,145,1.42414087906803,1.50651672584081
25,145,0.791053227508217,-1.29386146335894
26,145,1.54913710573113,0.629451134089905
27,145,0.188024385710803,0.582370928487289
28,145,-0.633991800016341,1.6748930244478
29,145,1.40142132339121,0.611630713951895
30,145,0.298428881564206,1.8309598066753
1,146,1.78331201171828,0.149253675529969
2,146,0.439738561545264,1.04909981376203
3,146,1.9944106266331,0.43471370118078
4,146,0.0654292453764955,0.37096485782028
5,146,0.216652188807267,-0.665588424902255
6,146,0.476205286735421,0.357176192954758
7,146,0.220103560516002,0.289751533905584
8,146,1.75529464270264,0.465350431579747
9,146,0.611617896149335,-0.410284669431723
10,146,-2.02846481606544,0.543033188989994
11,146,-0.487080486072998,2.97661492136436
12,146,-1.18651443447453,1.98637799879838
13,146,-1.70592646102652,1.45280763997285
14,146,1.04120114074498,0.362977521275712
15,146,1.07130035545375,0.748300185023082
16,146,-0.284068260166685,0.319020297552539
17,146,-1.71683466357136,-2.37312123225432
18,146,-0.651099856561841,-0.289237006430848
19,146,-1.4116317978738,-0.177644571790579
20,146,0.648328235680348,-0.144303875342008
21,146,1.38234885688485,0.275838858069501
22,146,-0.385960221187303,1.86116024814203
23,146,-0.513329821571355,2.02931961970222
24,146,1.83143799807795,1.93987909433218
25,146,0.783949555686705,1.61219397018324
26,146,0.0541344617399282,0.0996876568585814
27,146,1.16928825919213,0.827780415488755
28,146,1.98733528458466,2.51802366971707
29,146,1.6654950146696,1.74090077535867
30,146,0.974095143290795,-0.390417082420501
1,147,-0.41383731885552,1.91353309471255
2,147,0.941613357079382,0.120930497320274
3,147,1.05078038516995,-0.444176715405577
4,147,1.08966663968273,2.79452985059518
5,147,-1.28086519710327,0.93523935260245
6,147,0.178233615027696,0.970130439455354
7,147,3.16728578859292,3.13175765695379
8,147,1.36872738476989,1.01402363655885
9,147,-0.726438626128573,-0.100542575996372
10,147,2.03224450002442,1.95467561878109
11,147,1.50808021264794,-0.041845650173959
12,147,2.1970582838781,1.052738306937
13,147,3.36701649142909,1.1037177287439
14,147,-0.750271444026702,-0.676933997759435
15,147,1.74130961946327,2.43113747739173
16,147,0.366482149915018,-0.227488012386454
17,147,0.398196197035749,3.64847873065425
18,147,2.10331643827542,1.85349439776258
19,147,0.0500471903608581,-0.447784048374877
20,147,2.05497088756383,0.0585908567214586
21,147,-2.3253607054933,0.539397824332543
22,147,3.1817836882589,1.73388040228365
23,147,1.62538960640222,0.83281968305727
24,147,1.64218366087613,0.513071031119899
25,147,0.603022071717542,0.129619205198772
26,147,0.0513715145042475,1.41017562806336
27,147,1.59938790096597,2.12049351648139
28,147,-0.845716144319566,-1.8856628527803
29,147,1.38856036021832,0.558118129841939
30,147,2.12450506029039,2.70154817990456
1,148,1.74058259740536,-0.514867531130495
2,148,-0.158318820200981,1.60504098584418
3,148,0.197635553361587,0.399395766041341
4,148,0.889615438208792,1.29529099581392
5,148,0.981200202333589,2.14928082492099
6,148,2.13167786571428,1.65625634506836
7,148,0.310212409255528,1.03912800393487
8,148,0.677558233285718,-1.67510886445173
9,148,1.63279211103857,-0.483190536531672
10,148,-0.405247668974625,0.719826804677433
11,148,1.33310032189647,-0.670652372574783
12,148,-0.748867683810823,-0.278200575450188
13,148,0.784691531939666,1.83076640721145
14,148,-0.997858743855783,0.825481143479982
15,148,0.0426348291432819,-0.15849655058022
16,148,-0.618943570018483,0.703433929107954
17,148,-0.520152406958846,-1.88656298070994
18,148,-1.82443731489676,-1.94755582985867
19,148,0.262128250040038,0.683981836108413
20,148,0.699964502504326,1.83087020737471
21,148,1.40199461858765,-0.471724815553292
22,148,-0.521315433594806,-1.74697340066572
23,148,0.154088931607366,2.19819317039902
24,148,1.8623463104956,1.14782897380001
25,148,2.58824830916953,1.40117277118713
26,148,1.9284151791051,1.75203129266972
27,148,-0.570802249004663,1.47518382656011
28,148,2.41910874801634,0.0869529838200247
29,148,-0.402744662719976,2.07594796360428
30,148,0.10293444899821,-1.10247458242686
1,149,1.46477140230662,0.251724878273606
2,149,0.633254664323949,1.18073736594802
3,149,0.553486086685767,0.984877359454747
4,149,0.80534641579887,1.26929949028316
5,149,1.18905233928159,1.63778639656425
6,149,1.00818189516947,-0.21284111463978
7,149,-0.506113344129979,-0.0671783780461648
8,149,0.585844640058043,-0.406240214834056
9,149,0.973425604555311,1.26107021838947
10,149,1.54684931297784,0.493355024937522
11,149,0.583429290052449,1.31370170284311
12,149,0.249483373857558,2.13511662503325
13,149,-0.501322557205903,0.194531267514139
14,149,0.0771352711112376,1.73064146736261
15,149,1.07540173308354,0.552034142798209
16,149,-0.0293279567603419,1.22269197701275
17,149,1.71460394623031,1.15397585621365
18,149,1.42278898268011,0.204848303794803
19,149,-1.0288168069687,1.52777199944771
20,149,0.569868369847097,0.975140923715994
21,149,1.24981660864713,-0.160494301893772
22,149,0.915392014084956,1.21442080874451
23,149,0.538343440829045,3.08723727322363
24,149,0.379602354096852,0.0599778704446815
25,149,0.398901549597661,0.525575429890455
26,149,-0.406469696287996,2.00346349892382
27,149,1.08694006861123,-0.451965257814733
28,149,-0.587636710169475,3.01759351867701
29,149,0.076748261561987,-8.92278686268622e-05
30,149,0.0533642242085923,0.445570097024911
1,150,0.670820422215221,1.50318438045147
2,150,1.0304649798882,2.4736970414564
3,150,0.69726017425591,4.41805550689204
4,150,1.98420245616633,3.16747897053044
5,150,0.810532373810428,1.6835824897976
6,150,1.1435009676035,1.35486990138955
7,150,0.379890202494343,0.410093573810272
8,150,2.57764864056299,-0.413980157464777
9,150,0.0565005677270528,1.08132601643022
10,150,0.404667427800391,3.27919314338432
11,150,4.15022480051045,1.72015764070782
12,150,1.27047809515326,0.973328220913774
13,150,1.14766951559397,1.13352123005264
14,150,0.0659227978135457,0.140700763757051
15,150,1.24755986983525,0.85496169096048
16,150,1.45906794063741,-0.0894065394681822
17,150,1.75420448123496,1.81924500170142
18,150,1.34717222213876,1.43806064115298
19,150,1.71391097898136,2.62816905334182
20,150,2.50623674680642,3.03328277894979
21,150,-0.0506926306048829,-0.0575862292625711
22,150,0.454834384416811,0.229746705884593
23,150,2.22185202530864,3.35461529075449
24,150,-0.163872059138875,-0.670222900358338
25,150,1.05581887809565,0.648581253802184
26,150,2.5499432867851,1.45068904204747
27,150,0.722715939858237,0.252146989811065
28,150,0.208758775227156,0.227740532915402
29,150,0.468532493255925,2.21676128417449
30,150,1.24827027056939,1.82726745986813
