"time","id","D","Y"
1,101,0,6.21099767980831
2,101,0,4.02710593923541
3,101,0,8.87718736045222
4,101,0,11.5153459680888
5,101,0,5.9715262013068
6,101,0,8.23790527201963
7,101,0,0.191108174195742
8,101,0,4.82844803288512
9,101,0,12.1172699227504
10,101,0,1.44464811551031
11,101,0,2.89126992532256
12,101,0,5.47306264738415
13,101,0,9.4269380468938
14,101,0,13.9347151385141
15,101,0,12.4426793481339
16,101,0,11.7455055216438
17,101,0,9.69219727084899
18,101,0,11.2741339176131
19,101,0,7.69043248425671
20,101,0,9.6816311356115
21,101,1,10.1271447761146
22,101,1,5.30845143849659
23,101,1,5.07209968887021
24,101,1,16.7878443689413
25,101,1,11.8293793542806
26,101,1,14.5998296070818
27,101,1,11.4190110709507
28,101,1,15.9758927800018
29,101,1,24.7487577604407
30,101,1,13.9273268077776
1,102,0,18.7057281855172
2,102,0,15.7228124875134
3,102,0,11.4532193431761
4,102,0,23.0857803599648
5,102,0,8.75623601855102
6,102,0,23.6893849436411
7,102,0,7.67000617938391
8,102,0,10.5249316076055
9,102,0,18.4980046009028
10,102,0,9.94750677443061
11,102,0,17.3377700195413
12,102,0,7.89910928130839
13,102,0,19.4717089627472
14,102,0,9.77691308516332
15,102,0,11.7160097476292
16,102,0,14.8266921469162
17,102,0,25.9497297130369
18,102,0,19.5793085672125
19,102,0,23.7143907858551
20,102,0,25.1963359965386
21,102,1,11.2038001386255
22,102,1,7.94715521298191
23,102,1,20.5318676065228
24,102,1,14.1866881896783
25,102,1,13.4711260662225
26,102,1,27.0775450459266
27,102,1,18.3407816169351
28,102,1,8.11203586379278
29,102,1,26.7434638836584
30,102,1,23.9975806330641
1,103,0,10.3439424331061
2,103,0,17.4320661633355
3,103,0,7.47552846782087
4,103,0,20.141601426709
5,103,0,12.3656243420187
6,103,0,22.0695050015867
7,103,0,17.7075512550439
8,103,0,13.7821243997414
9,103,0,9.44590152524284
10,103,0,16.2374187389133
11,103,0,14.7361622424325
12,103,0,13.1794376128243
13,103,0,12.2414028978745
14,103,0,11.3101864918716
15,103,0,16.0860336296824
16,103,0,9.21528366077342
17,103,0,24.3019176475532
18,103,0,24.5172778963443
19,103,0,8.00013913028581
20,103,0,2.33884209297964
21,103,1,15.4709964321093
22,103,1,11.9702498689981
23,103,1,15.7642509728431
24,103,1,7.03304632723139
25,103,1,12.2456475604779
26,103,1,20.8717419748721
27,103,1,13.613136109607
28,103,1,9.59043040627264
29,103,1,25.4806996657872
30,103,1,30.966242019644
1,104,0,21.9272852341215
2,104,0,14.2314959976229
3,104,0,16.989741281579
4,104,0,21.047516675421
5,104,0,7.53326321022476
6,104,0,18.5057556773241
7,104,0,-1.30775278062123
8,104,0,14.7212476583957
9,104,0,12.9175049968888
10,104,0,13.3024656420908
11,104,0,12.6800190880428
12,104,0,12.2599833703762
13,104,0,6.13487222984633
14,104,0,6.62902092753473
15,104,0,-2.40113979988299
16,104,0,11.5617473951047
17,104,0,13.8493194147955
18,104,0,12.5936089466479
19,104,0,14.6802392723698
20,104,0,23.4499852796755
21,104,1,8.34597231116556
22,104,1,1.15116328841886
23,104,1,21.1702032332981
24,104,1,9.20170188345251
25,104,1,9.31439094999119
26,104,1,20.3932661687066
27,104,1,13.1260823048931
28,104,1,8.24472876004527
29,104,1,21.0418248870914
30,104,1,14.9990643773239
1,105,0,21.5671495594919
2,105,0,17.0009505922888
3,105,0,20.6701435617025
4,105,0,27.064847266759
5,105,0,7.01473935057266
6,105,0,23.4655767381695
7,105,0,-0.0977417586585694
8,105,0,17.0058233669898
9,105,0,11.7194495998821
10,105,0,19.7487338508455
11,105,0,20.216779721478
12,105,0,9.42163663952402
13,105,0,4.06722466688596
14,105,0,4.68782080642521
15,105,0,6.39928326508651
16,105,0,9.2333982077069
17,105,0,28.7312421136246
18,105,0,19.3064530058352
19,105,0,15.9629914370985
20,105,0,18.4723091235135
21,105,1,4.34976313897357
22,105,1,-1.30910993094406
23,105,1,22.1163694506205
24,105,1,10.844373682257
25,105,1,11.1621360485666
26,105,1,26.3599438911783
27,105,1,11.5568213530508
28,105,1,0.428577538862617
29,105,1,24.456201268865
30,105,1,20.4155995084615
1,106,0,8.9879932664858
2,106,0,-0.255061026821862
3,106,0,3.72824947534847
4,106,0,3.81531685866972
5,106,0,9.51976522153556
6,106,0,-1.80388957436538
7,106,0,10.2839056993639
8,106,0,-8.29188042489137
9,106,0,5.66604764895441
10,106,0,-1.63651088421873
11,106,0,4.82739698270204
12,106,0,8.16746363268463
13,106,0,8.32049596804542
14,106,0,16.4929180581122
15,106,0,6.63086896498152
16,106,0,9.1300315751651
17,106,0,-4.32521044084112
18,106,0,1.736448921662
19,106,0,6.42154475916602
20,106,0,6.12501039031082
21,106,0,4.26345226919559
22,106,0,13.0343311712595
23,106,0,2.0859316665266
24,106,0,14.2086442073032
25,106,0,8.40291892048571
26,106,0,3.72567624304304
27,106,0,9.63771401288955
28,106,0,16.5338499886667
29,106,0,11.2135917371657
30,106,0,6.47111638527918
1,107,0,7.70541282386709
2,107,0,5.67456979629239
3,107,0,8.20467100430912
4,107,0,11.67028007343
5,107,0,7.01842900757767
6,107,0,10.206468132428
7,107,0,5.11619371285558
8,107,0,9.15845482453499
9,107,0,6.51400289975586
10,107,0,-0.290694609196433
11,107,0,3.70011188525736
12,107,0,3.32108655989784
13,107,0,6.92796194982429
14,107,0,6.47885117163057
15,107,0,1.3345717474825
16,107,0,8.43945325033559
17,107,0,1.23253930940424
18,107,0,3.66824670853326
19,107,0,10.0539577922031
20,107,0,12.6850947732545
21,107,0,12.74281807633
22,107,0,-1.14037656214551
23,107,0,9.31083043547616
24,107,0,15.8432364435767
25,107,0,8.87279776773034
26,107,0,14.9801871930515
27,107,0,6.90213788716219
28,107,0,9.35525910878143
29,107,0,14.9875074985486
30,107,0,2.81906318717044
1,108,0,12.6890285518816
2,108,0,14.2530179570057
3,108,0,10.0480499187487
4,108,0,25.3248154197897
5,108,0,10.6770485604361
6,108,0,23.3429117798055
7,108,0,2.70233448805931
8,108,0,15.8005398931857
9,108,0,6.3445723232623
10,108,0,16.0780434813186
11,108,0,21.4896068644496
12,108,0,11.993649162665
13,108,0,9.08072515114445
14,108,0,6.37814241236816
15,108,0,10.4385356909707
16,108,0,6.12233119683203
17,108,0,20.3281141134336
18,108,0,24.4943267019891
19,108,0,15.0407495134151
20,108,0,15.3089212269254
21,108,0,3.04905429029787
22,108,0,-2.58775179038098
23,108,0,17.7768099910761
24,108,0,7.31676282189556
25,108,0,2.79430340343684
26,108,0,17.9004492303
27,108,0,7.40942680769167
28,108,0,-3.66088908258255
29,108,0,15.6588443065822
30,108,0,15.0608867266712
1,109,0,7.98137440154404
2,109,0,9.65517896395388
3,109,0,8.6463483617893
4,109,0,13.7521859188258
5,109,0,11.3734740343679
6,109,0,22.8925402981774
7,109,0,14.1553262784944
8,109,0,16.9026738697106
9,109,0,6.07455883347342
10,109,0,15.1356475442533
11,109,0,14.5281301806848
12,109,0,7.6294814304913
13,109,0,12.4744790528817
14,109,0,10.0674979278053
15,109,0,17.4295217461634
16,109,0,12.8128971628503
17,109,0,20.821284458526
18,109,0,19.8837499266809
19,109,0,13.8823886140356
20,109,0,7.48068763017106
21,109,0,9.22273171317365
22,109,0,7.9071627513881
23,109,0,11.9011309996261
24,109,0,2.29222102223715
25,109,0,3.6153321230184
26,109,0,18.0483202305391
27,109,0,11.9219755972306
28,109,0,-7.41098926403252
29,109,0,12.1354339528316
30,109,0,14.9033885440395
1,110,0,8.59345628109782
2,110,0,1.72711709634762
3,110,0,14.1349393761039
4,110,0,6.26295989799511
5,110,0,8.9324478197805
6,110,0,10.7749305837258
7,110,0,4.97168922914786
8,110,0,11.3743216458935
9,110,0,9.92450224287958
10,110,0,7.96751708566771
11,110,0,11.9096315911729
12,110,0,6.34573200146362
13,110,0,14.7201405356762
14,110,0,8.04550938338221
15,110,0,7.00549115226467
16,110,0,15.6733994965709
17,110,0,15.0677397547167
18,110,0,11.885750767664
19,110,0,10.5595778529636
20,110,0,18.2543668158315
21,110,0,3.48944717427369
22,110,0,13.6152388471545
23,110,0,15.1449485002062
24,110,0,10.5109279944293
25,110,0,12.813375778204
26,110,0,12.7570141696902
27,110,0,14.1319167879466
28,110,0,6.02289183293192
29,110,0,16.9647822101767
30,110,0,0.862927171986018
1,111,0,22.5642288886757
2,111,0,10.8894652162883
3,111,0,10.5558075952334
4,111,0,23.1632546787064
5,111,0,5.79171602460893
6,111,0,24.2139163751998
7,111,0,4.5166558723904
8,111,0,11.9673688037951
9,111,0,17.2873356132328
10,111,0,7.6224804067294
11,111,0,16.6971581534832
12,111,0,14.4026095555367
13,111,0,7.04518906715581
14,111,0,5.39320431121483
15,111,0,14.1981494450523
16,111,0,7.13387079768506
17,111,0,20.1786246317192
18,111,0,13.4949850120344
19,111,0,15.5121264387406
20,111,0,19.602587086781
21,111,0,8.10609396670387
22,111,0,-1.34923145939693
23,111,0,16.9896420577676
24,111,0,11.4664904975108
25,111,0,6.23061075558622
26,111,0,11.3643770224451
27,111,0,7.46870463831103
28,111,0,2.43983973489355
29,111,0,18.5685785298198
30,111,0,7.34770051956716
1,112,0,6.46287678065039
2,112,0,4.66681827930673
3,112,0,7.33935108599989
4,112,0,4.48513317723381
5,112,0,11.9426462537639
6,112,0,10.9260029920997
7,112,0,-2.37154754585652
8,112,0,-0.648059342132244
9,112,0,7.92060447190544
10,112,0,1.9645183078635
11,112,0,2.5650383221371
12,112,0,4.39071005588362
13,112,0,3.48270473186735
14,112,0,9.47779685154128
15,112,0,4.89908124346089
16,112,0,8.4226512311091
17,112,0,1.18142275916365
18,112,0,3.16015475607755
19,112,0,8.53546403486259
20,112,0,3.56825596929197
21,112,0,11.3721178432353
22,112,0,6.59511356952425
23,112,0,10.2733173705974
24,112,0,5.93718878263425
25,112,0,10.3075314939886
26,112,0,5.70489170060417
27,112,0,10.5917673553191
28,112,0,9.56191709128261
29,112,0,15.5574152853566
30,112,0,1.55057148143924
1,113,0,4.75915876379309
2,113,0,9.22940616997441
3,113,0,5.23103564783854
4,113,0,14.648143087679
5,113,0,8.0425692874271
6,113,0,19.4365141137749
7,113,0,2.76189391422074
8,113,0,11.4426271642801
9,113,0,5.08079312098361
10,113,0,14.3648190729826
11,113,0,10.6164655695441
12,113,0,5.1377487076632
13,113,0,11.79632901658
14,113,0,6.74296508400383
15,113,0,4.37867542039067
16,113,0,11.2119509631898
17,113,0,14.6445067710875
18,113,0,6.87742655600126
19,113,0,8.38962351939812
20,113,0,17.0972260969921
21,113,0,10.8606543407421
22,113,0,7.72688420159279
23,113,0,17.2640287281566
24,113,0,12.9768602584329
25,113,0,-0.0383276120075413
26,113,0,16.8260710350631
27,113,0,8.79207412846565
28,113,0,4.82012159529382
29,113,0,13.2790431368874
30,113,0,5.89028921190834
1,114,0,7.4107532619939
2,114,0,5.06194172406899
3,114,0,2.91749350807646
4,114,0,5.66208326344869
5,114,0,5.52744813809144
6,114,0,7.05578739643613
7,114,0,1.17934455951632
8,114,0,9.19258495281774
9,114,0,6.63693287097162
10,114,0,3.54901705790411
11,114,0,7.12808339377554
12,114,0,0.855052508742865
13,114,0,11.4112059632764
14,114,0,8.48317408770384
15,114,0,5.23997793631789
16,114,0,9.3367615490478
17,114,0,-0.589006516766114
18,114,0,5.25615204469836
19,114,0,9.40786538049208
20,114,0,19.2109448236065
21,114,0,11.6474209082049
22,114,0,3.25578038575887
23,114,0,3.54765629648596
24,114,0,6.99222535934205
25,114,0,11.8569200834292
26,114,0,4.73911904486469
27,114,0,2.92535324929316
28,114,0,10.0927118531348
29,114,0,16.9014982168554
30,114,0,4.288097395879
1,115,0,0.842285036420942
2,115,0,5.58910917724812
3,115,0,9.7647792247985
4,115,0,14.433688874952
5,115,0,4.04565552520561
6,115,0,1.60860152881215
7,115,0,18.7057809089725
8,115,0,6.5755486691607
9,115,0,1.10989677357317
10,115,0,12.5094306938274
11,115,0,12.7453787263664
12,115,0,9.28451600497261
13,115,0,10.5189918833981
14,115,0,13.1683080509453
15,115,0,19.2311970677847
16,115,0,5.39475426160388
17,115,0,20.5473744650139
18,115,0,16.0524952901701
19,115,0,-0.17735939058468
20,115,0,0.111834260102848
21,115,0,7.62311343701786
22,115,0,15.6356986611599
23,115,0,-6.55103945230821
24,115,0,14.4007744602989
25,115,0,2.85562911785524
26,115,0,3.97191260888976
27,115,0,7.24785864778748
28,115,0,-1.61560937111888
29,115,0,5.87958966797909
30,115,0,12.0108036548994
1,116,0,4.96283463085042
2,116,0,10.893622886556
3,116,0,13.6457018158499
4,116,0,18.8394979251199
5,116,0,7.4900929843886
6,116,0,15.7901094898713
7,116,0,-0.0478516262112527
8,116,0,11.5981166276928
9,116,0,11.2956550043977
10,116,0,12.7729092187857
11,116,0,12.5779626919375
12,116,0,6.67531240264121
13,116,0,0.246256127791943
14,116,0,5.50838638389178
15,116,0,3.75231913618271
16,116,0,14.2012437300184
17,116,0,15.2256159282198
18,116,0,4.49397215828454
19,116,0,18.0462127968584
20,116,0,14.2629218582063
21,116,0,4.10602955529548
22,116,0,1.2462548674472
23,116,0,16.6952458007455
24,116,0,5.57426869838675
25,116,0,3.98678225634891
26,116,0,14.8886696721523
27,116,0,9.33152062320965
28,116,0,-5.2380029301722
29,116,0,16.1747104846386
30,116,0,13.0844297525518
1,117,0,1.30723911309828
2,117,0,8.91351831252089
3,117,0,6.30636423789627
4,117,0,10.5471216995438
5,117,0,6.23650184250366
6,117,0,8.40076413996247
7,117,0,19.5804554706649
8,117,0,10.3223839259216
9,117,0,4.99872670631304
10,117,0,10.7040561425876
11,117,0,9.93693713128397
12,117,0,7.90622437508337
13,117,0,10.3184308301314
14,117,0,7.24186218587253
15,117,0,16.9486151008564
16,117,0,3.44958267999923
17,117,0,14.8888775292812
18,117,0,16.5397016912432
19,117,0,5.57589778658764
20,117,0,1.37885204315316
21,117,0,7.52257829507709
22,117,0,14.5569667285635
23,117,0,6.33399972169324
24,117,0,6.82035547682099
25,117,0,2.39014641339824
26,117,0,3.11793114661086
27,117,0,2.14217787740685
28,117,0,3.55381096402767
29,117,0,10.1652902456244
30,117,0,14.7751396550889
1,118,0,8.38121437269101
2,118,0,8.26309668053802
3,118,0,5.94475323807068
4,118,0,10.1462316549547
5,118,0,7.67216577104906
6,118,0,6.47479456733608
7,118,0,18.2876822421316
8,118,0,3.67104372188045
9,118,0,3.42082239421948
10,118,0,15.4767147685706
11,118,0,10.5635160910707
12,118,0,10.0250731470056
13,118,0,9.35348781724415
14,118,0,12.5547785227216
15,118,0,14.9285144860772
16,118,0,6.40852814141063
17,118,0,18.0876002616548
18,118,0,19.4557150332079
19,118,0,3.56635744464676
20,118,0,-4.41105407936675
21,118,0,19.0055885098213
22,118,0,22.8791282213249
23,118,0,3.81439178785352
24,118,0,10.2055889956349
25,118,0,10.4449965247486
26,118,0,5.40774913242732
27,118,0,4.18555526178876
28,118,0,7.42970163524643
29,118,0,10.3579318605894
30,118,0,12.4682880542918
1,119,0,10.428368278689
2,119,0,9.71910163517503
3,119,0,5.27323939712328
4,119,0,10.3028129851375
5,119,0,8.18438775789165
6,119,0,11.6418949269386
7,119,0,17.6910051168203
8,119,0,6.02262119036881
9,119,0,10.9441157165887
10,119,0,8.82332501969239
11,119,0,10.2388589265146
12,119,0,6.85965452737928
13,119,0,9.56713850987917
14,119,0,10.073620463157
15,119,0,11.0102781498007
16,119,0,5.24625487468788
17,119,0,13.9555582493583
18,119,0,16.6336593918798
19,119,0,-2.96306419509848
20,119,0,4.03505089349132
21,119,0,5.7840763366355
22,119,0,10.5496618691601
23,119,0,5.40179619634715
24,119,0,7.09261942012647
25,119,0,3.45451671401624
26,119,0,4.51271830487027
27,119,0,2.55879408514773
28,119,0,0.0586615040960334
29,119,0,7.666046085367
30,119,0,13.0885324116884
1,120,0,19.7601415598992
2,120,0,12.4813067110662
3,120,0,10.0400766492666
4,120,0,19.5643941663705
5,120,0,7.17139325513103
6,120,0,22.6206950776769
7,120,0,3.62360915420319
8,120,0,13.1073449318979
9,120,0,6.29625564742198
10,120,0,12.3707153266178
11,120,0,5.99785280057914
12,120,0,11.8938435287194
13,120,0,9.72866780015378
14,120,0,12.5414699144062
15,120,0,6.61695356894354
16,120,0,9.73231323587624
17,120,0,18.416879659299
18,120,0,13.7890450538063
19,120,0,12.9074840341586
20,120,0,23.1845851339669
21,120,0,10.305828869223
22,120,0,0.824550857456407
23,120,0,11.092751645256
24,120,0,9.40975326365849
25,120,0,2.64506971128729
26,120,0,12.5892434273947
27,120,0,11.0536603169848
28,120,0,-2.14707327309835
29,120,0,12.1267040498427
30,120,0,7.31519939554167
1,121,0,9.97940793643149
2,121,0,11.519290173398
3,121,0,11.4392542267169
4,121,0,21.3993592745614
5,121,0,8.09721971724943
6,121,0,19.0673394681257
7,121,0,6.53772673306637
8,121,0,15.7773235837372
9,121,0,5.46642754939032
10,121,0,17.5751427448585
11,121,0,14.6162086375939
12,121,0,9.80953379896703
13,121,0,9.76661207515892
14,121,0,5.92094689607926
15,121,0,11.2856188912178
16,121,0,10.1556392640128
17,121,0,20.0635200670873
18,121,0,11.4302940824251
19,121,0,14.5034313799764
20,121,0,10.0199570191499
21,121,0,4.03177787217292
22,121,0,3.26527071186374
23,121,0,9.60169090014995
24,121,0,6.30348268096327
25,121,0,6.09008032231088
26,121,0,10.6415756371575
27,121,0,2.47467275788519
28,121,0,5.69519609514665
29,121,0,12.0526845660623
30,121,0,11.0083708626574
1,122,0,10.972604534784
2,122,0,9.6765200912806
3,122,0,10.2603623829558
4,122,0,15.6792732708197
5,122,0,9.36382927491242
6,122,0,19.381864979556
7,122,0,8.498660034466
8,122,0,15.0173632204295
9,122,0,7.93317465400778
10,122,0,11.5483059980464
11,122,0,16.8915500377166
12,122,0,11.2820911984093
13,122,0,15.2009138334013
14,122,0,8.2218085312855
15,122,0,7.92692021065834
16,122,0,8.44315973341887
17,122,0,13.9346605516623
18,122,0,15.9824135955581
19,122,0,9.49784613924729
20,122,0,17.7823928930026
21,122,0,6.62458427738141
22,122,0,5.79505204319526
23,122,0,8.91604094084823
24,122,0,6.62855782651143
25,122,0,1.34534917803585
26,122,0,15.859025462213
27,122,0,5.21083135770654
28,122,0,2.70007137160849
29,122,0,16.0914120656158
30,122,0,10.4717008139128
1,123,0,10.1015857528006
2,123,0,14.4927596095235
3,123,0,8.15996086278362
4,123,0,19.1581763967681
5,123,0,2.98192872090732
6,123,0,17.3484049772556
7,123,0,9.11108372920099
8,123,0,9.08891210367358
9,123,0,7.68593745634077
10,123,0,16.8356942577979
11,123,0,9.95739732306903
12,123,0,8.31608550436755
13,123,0,5.63255293011713
14,123,0,7.60657829982195
15,123,0,6.84350906086895
16,123,0,9.18791911019953
17,123,0,16.2579582428219
18,123,0,12.5677552140932
19,123,0,14.5220575227006
20,123,0,10.7625886514174
21,123,0,4.89815940456951
22,123,0,7.60562396884447
23,123,0,17.3003075892255
24,123,0,15.1811633161337
25,123,0,1.72025389364211
26,123,0,7.98788976159811
27,123,0,7.66617471090004
28,123,0,1.95221315322043
29,123,0,13.1365675626343
30,123,0,15.1806256940373
1,124,0,12.6084521886204
2,124,0,10.018026373512
3,124,0,11.3823233295034
4,124,0,18.821726311569
5,124,0,10.5167561804522
6,124,0,19.2434237492241
7,124,0,-5.58048839632605
8,124,0,8.82270913880934
9,124,0,2.83346139902517
10,124,0,7.01024533605173
11,124,0,4.94813078572083
12,124,0,1.99109528117327
13,124,0,6.67762806685035
14,124,0,12.1584932407007
15,124,0,-2.52518115299006
16,124,0,15.8234201884078
17,124,0,2.34908875922181
18,124,0,7.38289289358795
19,124,0,19.0882420698469
20,124,0,29.6321960908436
21,124,0,14.196577975114
22,124,0,-8.05084537071304
23,124,0,20.1596006934584
24,124,0,10.189522599873
25,124,0,4.97439929018353
26,124,0,16.4581547743045
27,124,0,5.2095280408113
28,124,0,5.30561952874512
29,124,0,12.5470914085048
30,124,0,5.22455894226036
1,125,0,9.54452668699034
2,125,0,10.5147486364448
3,125,0,2.11862246379676
4,125,0,14.001520202152
5,125,0,6.68607407330923
6,125,0,15.7779088680871
7,125,0,0.348293265550518
8,125,0,7.0523861239538
9,125,0,11.879199029934
10,125,0,10.6308831130867
11,125,0,9.14948644758599
12,125,0,8.17307660982926
13,125,0,4.86463912147767
14,125,0,12.0735213000913
15,125,0,7.48415676539655
16,125,0,2.99693958829344
17,125,0,10.5279202514558
18,125,0,12.985828784535
19,125,0,13.3719009506235
20,125,0,13.1869549739698
21,125,0,9.06261765125547
22,125,0,1.28909054632187
23,125,0,10.1162100130711
24,125,0,10.7280433773231
25,125,0,7.50080422830132
26,125,0,10.816366035578
27,125,0,6.88206775981492
28,125,0,7.66669072223898
29,125,0,9.12941834721985
30,125,0,6.73531950486212
1,126,0,14.3054765786365
2,126,0,5.05369209057426
3,126,0,3.93445395798958
4,126,0,13.8039819112481
5,126,0,12.2647508604703
6,126,0,8.29020028448674
7,126,0,0.682389598839865
8,126,0,11.2682816989883
9,126,0,9.33360188555498
10,126,0,10.4092648511678
11,126,0,13.8189470691402
12,126,0,8.11445746638143
13,126,0,9.97213070181217
14,126,0,12.3240365914179
15,126,0,-0.155958028152276
16,126,0,14.0811377729442
17,126,0,10.5638066799382
18,126,0,8.4119115220896
19,126,0,11.9036496047849
20,126,0,13.9724111519526
21,126,0,10.7800651854732
22,126,0,6.03199477306905
23,126,0,10.0074965711162
24,126,0,2.1416493562698
25,126,0,14.6368889305319
26,126,0,12.4887281115165
27,126,0,13.3537476428415
28,126,0,7.58512080310424
29,126,0,17.4430919177247
30,126,0,7.12799226405602
1,127,0,10.4329503217233
2,127,0,10.6276858409217
3,127,0,17.1873091065842
4,127,0,13.1588270505867
5,127,0,5.95883300038711
6,127,0,13.7085027826251
7,127,0,4.28415729071494
8,127,0,9.14732551690003
9,127,0,4.11739090596947
10,127,0,6.76206351338338
11,127,0,8.87490874703768
12,127,0,4.61519641066684
13,127,0,11.1679772393214
14,127,0,9.68660768471215
15,127,0,8.89066583198719
16,127,0,17.0610244799346
17,127,0,9.32141432266523
18,127,0,8.55220135337654
19,127,0,13.0908208304066
20,127,0,12.5769807076615
21,127,0,5.76749519273689
22,127,0,1.37091999424059
23,127,0,13.0126412406177
24,127,0,16.9651670494535
25,127,0,3.19805701054883
26,127,0,10.0035828738515
27,127,0,0.021554855636357
28,127,0,5.64160137154517
29,127,0,9.84178025525964
30,127,0,6.85067684909568
1,128,0,21.0651325049642
2,128,0,5.94862436066439
3,128,0,12.1683560467908
4,128,0,22.7074898143883
5,128,0,8.65596955777814
6,128,0,16.9114078889324
7,128,0,8.96279747071552
8,128,0,15.4791360505157
9,128,0,6.36489531713854
10,128,0,10.3707601615813
11,128,0,15.1710627072513
12,128,0,5.44069366613362
13,128,0,8.02140820079823
14,128,0,11.5722254567836
15,128,0,12.5555238359008
16,128,0,7.70698234104505
17,128,0,18.6424764416179
18,128,0,8.0547271474653
19,128,0,11.1707841659354
20,128,0,13.1617831870539
21,128,0,4.89903518156077
22,128,0,14.2091229115559
23,128,0,14.5063769256316
24,128,0,9.06584135428862
25,128,0,11.2955194891371
26,128,0,13.2415642575455
27,128,0,9.51003111389735
28,128,0,5.33533100104157
29,128,0,9.59792246157342
30,128,0,4.79376072898994
1,129,0,17.3827783237689
2,129,0,8.66007327048229
3,129,0,14.9287259214751
4,129,0,5.2069403664563
5,129,0,12.865464983571
6,129,0,18.4494089715967
7,129,0,18.3957510431363
8,129,0,0.00413922519956333
9,129,0,4.74030571682735
10,129,0,7.4691564377789
11,129,0,9.63119399688282
12,129,0,7.09975049293511
13,129,0,5.80703374481938
14,129,0,14.7912286608554
15,129,0,8.24266870644675
16,129,0,17.3352161068409
17,129,0,4.77181268532601
18,129,0,11.0950744720995
19,129,0,3.27137197330278
20,129,0,2.80971623218734
21,129,0,14.2876553408031
22,129,0,18.5143954393475
23,129,0,4.41552462674361
24,129,0,7.72209747660376
25,129,0,10.3293948231082
26,129,0,4.8045993631372
27,129,0,10.5659970213545
28,129,0,5.9515922954784
29,129,0,5.37158710985334
30,129,0,8.51572173051378
1,130,0,3.31932518470237
2,130,0,8.32316707908345
3,130,0,8.13253460362714
4,130,0,4.35636330848254
5,130,0,14.086168438147
6,130,0,5.04114895824756
7,130,0,9.32076336294926
8,130,0,1.89239081661791
9,130,0,9.68392896959104
10,130,0,0.376080931060672
11,130,0,-2.13052695560347
12,130,0,8.4121626351513
13,130,0,3.53259984955132
14,130,0,15.4522610157163
15,130,0,1.42087299433724
16,130,0,7.97899188639636
17,130,0,-7.68463392795806
18,130,0,2.31640922971584
19,130,0,6.33830070830906
20,130,0,5.43856330886616
21,130,0,7.73801119958377
22,130,0,12.0906988266677
23,130,0,1.5427125739865
24,130,0,13.0608138317554
25,130,0,14.2244124140602
26,130,0,10.4344114055273
27,130,0,5.14626669575803
28,130,0,16.619805424527
29,130,0,12.5248672426761
30,130,0,5.28614298483444
1,131,0,8.26623015663394
2,131,0,5.67607310688065
3,131,0,8.09469319863981
4,131,0,19.2213888568956
5,131,0,5.95355584092815
6,131,0,18.9422905835694
7,131,0,-8.12391299197556
8,131,0,9.31038144963922
9,131,0,11.5409024196142
10,131,0,8.67745542178077
11,131,0,12.5154745464355
12,131,0,-0.609422898262649
13,131,0,8.11881644773332
14,131,0,6.5758567631327
15,131,0,0.510367162032538
16,131,0,15.0335797854494
17,131,0,8.2464273480031
18,131,0,12.7924933470278
19,131,0,15.7279818691559
20,131,0,18.1920764870118
21,131,0,4.14876452056831
22,131,0,-9.52922836751594
23,131,0,22.909696542236
24,131,0,3.91643017504812
25,131,0,8.46399792871668
26,131,0,17.7826511600193
27,131,0,4.22267850538857
28,131,0,7.5110747188684
29,131,0,15.0937359049375
30,131,0,9.93562758806381
1,132,0,15.808370911269
2,132,0,4.23410626448433
3,132,0,8.4737080041318
4,132,0,18.2547189114115
5,132,0,5.77015450665158
6,132,0,25.2170886098178
7,132,0,9.07968371385491
8,132,0,7.75969252587782
9,132,0,9.35004057955884
10,132,0,7.81890603463186
11,132,0,14.1529980711532
12,132,0,7.93596867918217
13,132,0,7.43158309142116
14,132,0,2.10410775896916
15,132,0,3.40330372331958
16,132,0,6.69503049671425
17,132,0,20.1834228260666
18,132,0,18.352040921125
19,132,0,8.70365724865618
20,132,0,20.7512664001529
21,132,0,3.42107532956017
22,132,0,-0.664368326727605
23,132,0,12.4375592998117
24,132,0,6.60159957424668
25,132,0,-1.83721748641291
26,132,0,16.625487266603
27,132,0,4.34707211791163
28,132,0,3.49028364630939
29,132,0,10.7744419432257
30,132,0,6.26718974711282
1,133,0,13.096882043085
2,133,0,7.31385510598417
3,133,0,6.78444060043384
4,133,0,18.1902428939292
5,133,0,13.04067422986
6,133,0,17.4127581259104
7,133,0,4.44010714681242
8,133,0,10.8417690137375
9,133,0,11.3946874820491
10,133,0,8.06486590459003
11,133,0,13.3938693991985
12,133,0,8.84906411059679
13,133,0,9.93269460939052
14,133,0,10.7372587374243
15,133,0,7.3081150237459
16,133,0,9.607269614339
17,133,0,11.0283753135053
18,133,0,7.87183099527608
19,133,0,11.314552434888
20,133,0,16.3937949774043
21,133,0,5.28083894258525
22,133,0,2.95086898309097
23,133,0,10.192800446687
24,133,0,5.60984931106732
25,133,0,12.0504359125657
26,133,0,11.6035067453892
27,133,0,6.6004345858923
28,133,0,3.50098208092156
29,133,0,14.3987591051114
30,133,0,11.9429123103299
1,134,0,9.64838862653618
2,134,0,11.709812961648
3,134,0,10.4937716842115
4,134,0,18.5119679153884
5,134,0,7.01010692013041
6,134,0,19.8059561818506
7,134,0,4.84406128339541
8,134,0,9.63486720874964
9,134,0,8.06941923117279
10,134,0,8.66315037663974
11,134,0,12.9759863797155
12,134,0,4.75251546671533
13,134,0,9.7064179199971
14,134,0,5.24977813218432
15,134,0,12.6808232442909
16,134,0,10.7395919687108
17,134,0,18.7076189927714
18,134,0,13.708020494764
19,134,0,14.4427684400609
20,134,0,14.9983768000851
21,134,0,9.36602862666136
22,134,0,3.98882474060259
23,134,0,13.6357520701685
24,134,0,8.65186410546757
25,134,0,0.432741409159805
26,134,0,15.6213068964202
27,134,0,2.32146842833125
28,134,0,-2.63308223367381
29,134,0,15.013128120653
30,134,0,15.9440652131354
1,135,0,3.29789309572806
2,135,0,1.13148561307053
3,135,0,3.55091749395986
4,135,0,-0.200083654529752
5,135,0,2.5512921490221
6,135,0,3.36705568405668
7,135,0,10.7167525010534
8,135,0,4.61027424398593
9,135,0,6.72349690923967
10,135,0,-2.66761787758117
11,135,0,6.10651034647128
12,135,0,1.75408778170226
13,135,0,7.08151308795247
14,135,0,13.1735219847963
15,135,0,1.42245851440399
16,135,0,8.1206668265157
17,135,0,-5.40090072484225
18,135,0,4.49721497532167
19,135,0,-4.80610153454127
20,135,0,-2.50466437559863
21,135,0,10.0890640383162
22,135,0,12.3142266346742
23,135,0,7.16625188323416
24,135,0,9.25021582528568
25,135,0,12.1444277346731
26,135,0,4.89408002065144
27,135,0,7.15073527853333
28,135,0,17.2214608910756
29,135,0,9.69610495536645
30,135,0,5.07938104001991
1,136,0,7.711200617867
2,136,0,4.06660450999894
3,136,0,2.43944992210687
4,136,0,12.4101364966373
5,136,0,10.0552085778768
6,136,0,10.4964883787243
7,136,0,9.13262227149548
8,136,0,6.67073744452107
9,136,0,8.64121115174063
10,136,0,6.14091263775032
11,136,0,9.71782370839231
12,136,0,4.46119826143788
13,136,0,11.1721627032037
14,136,0,14.4170807768857
15,136,0,5.14398611438373
16,136,0,10.994947725227
17,136,0,14.7502800102014
18,136,0,13.439606995552
19,136,0,6.86541679244802
20,136,0,13.2570966857766
21,136,0,3.03503870172588
22,136,0,12.003769859581
23,136,0,10.7241979446748
24,136,0,7.19356021925111
25,136,0,2.27778106157592
26,136,0,9.22270659721582
27,136,0,10.612711582949
28,136,0,9.09204987289256
29,136,0,12.2896094399027
30,136,0,6.62874681081292
1,137,0,12.9421850667133
2,137,0,8.97949638442947
3,137,0,8.19778833141994
4,137,0,24.6316670038729
5,137,0,4.80225757260542
6,137,0,19.2501529846328
7,137,0,11.7421976405623
8,137,0,16.5215402961186
9,137,0,11.7869221487395
10,137,0,18.9564003901723
11,137,0,17.3033911494734
12,137,0,8.08429558321188
13,137,0,14.5818853868582
14,137,0,1.77384120541008
15,137,0,13.1134159830784
16,137,0,7.19779813726853
17,137,0,33.5894016859714
18,137,0,17.0498230647291
19,137,0,2.14424615600464
20,137,0,14.7195540258726
21,137,0,3.67070810173482
22,137,0,6.56886429056433
23,137,0,15.191346311568
24,137,0,10.3869259694058
25,137,0,1.77720331129376
26,137,0,11.916077139489
27,137,0,5.23955650176106
28,137,0,-7.84372245881931
29,137,0,7.80710613869787
30,137,0,16.8707996592201
1,138,0,11.1498943539065
2,138,0,17.5802599792471
3,138,0,10.498279099327
4,138,0,10.469846849071
5,138,0,4.41918805160404
6,138,0,12.8765343697875
7,138,0,14.0646647313616
8,138,0,11.3002044323164
9,138,0,4.71009575794355
10,138,0,9.05584147353868
11,138,0,19.8398238229215
12,138,0,9.36310735900519
13,138,0,9.43572906004738
14,138,0,10.0410676407857
15,138,0,23.443155351189
16,138,0,9.51831933517182
17,138,0,27.0859326589894
18,138,0,14.7873026510409
19,138,0,1.3928216628563
20,138,0,2.88150346545032
21,138,0,0.731564832392155
22,138,0,11.0563615671562
23,138,0,6.23981670406807
24,138,0,9.59101888284356
25,138,0,8.3065262644287
26,138,0,11.7415808796701
27,138,0,5.87721616137399
28,138,0,0.252067009033093
29,138,0,13.9050948402184
30,138,0,14.8315798897504
1,139,0,15.9218826908143
2,139,0,8.76530276062321
3,139,0,11.8429890941247
4,139,0,9.55983413188052
5,139,0,7.5708295930022
6,139,0,5.71265740602969
7,139,0,15.6392633004014
8,139,0,6.55534274313719
9,139,0,5.34385849722366
10,139,0,13.6825482206766
11,139,0,15.9549635278053
12,139,0,8.60534833005965
13,139,0,7.88783875452752
14,139,0,3.73811347481323
15,139,0,19.3216212911529
16,139,0,9.69210142861119
17,139,0,16.8952767564833
18,139,0,23.3343445404608
19,139,0,7.6551398546918
20,139,0,0.758188548843632
21,139,0,10.2833836966376
22,139,0,16.1258086605314
23,139,0,1.83132720692619
24,139,0,4.49654564731095
25,139,0,6.19537115350126
26,139,0,7.90076423267047
27,139,0,-2.04772494403151
28,139,0,-5.54281595631149
29,139,0,11.2643746769469
30,139,0,16.2048660415547
1,140,0,5.14799308590493
2,140,0,12.1675238054696
3,140,0,6.8897313647427
4,140,0,7.83374650458735
5,140,0,12.1382176876786
6,140,0,3.69140337299491
7,140,0,8.90535618930375
8,140,0,1.55876035802473
9,140,0,6.09834598136787
10,140,0,0.403150268659648
11,140,0,-0.823213365405885
12,140,0,2.69669640393987
13,140,0,8.49379909245151
14,140,0,12.6190552512931
15,140,0,7.83488937643576
16,140,0,10.2014094810318
17,140,0,2.09438416666412
18,140,0,7.26239100709546
19,140,0,15.0056432142925
20,140,0,9.74677009555178
21,140,0,17.9798592736867
22,140,0,13.2634499733521
23,140,0,5.45722323998331
24,140,0,4.05839488015383
25,140,0,9.53371335823111
26,140,0,7.71634028196295
27,140,0,6.60277802100325
28,140,0,9.90581464659837
29,140,0,12.7749792945223
30,140,0,7.47044191885201
1,141,0,5.00838264549581
2,141,0,7.06456284110591
3,141,0,10.2096494721338
4,141,0,8.80655430782584
5,141,0,7.23386294427006
6,141,0,5.06845353370085
7,141,0,4.93822350008791
8,141,0,7.71107130348786
9,141,0,6.97204145123479
10,141,0,0.975556428040998
11,141,0,14.754071604195
12,141,0,5.53637295352014
13,141,0,17.5023012016978
14,141,0,12.55137550847
15,141,0,-0.218638167031258
16,141,0,4.72521944855325
17,141,0,-1.11838688369435
18,141,0,9.29635413501743
19,141,0,11.6218846883381
20,141,0,6.72065764741047
21,141,0,9.83070736792253
22,141,0,12.1322191696064
23,141,0,3.69825260284789
24,141,0,11.9528406501399
25,141,0,7.62417121262417
26,141,0,4.03289340303333
27,141,0,7.04568806535688
28,141,0,16.0466794985771
29,141,0,14.4568850159834
30,141,0,11.107284302112
1,142,0,3.59098024572609
2,142,0,13.1694083870718
3,142,0,10.061625448353
4,142,0,15.1121559069908
5,142,0,2.16130706941299
6,142,0,9.50772553280597
7,142,0,8.02464760166274
8,142,0,13.0646145148258
9,142,0,4.74701408842957
10,142,0,22.3920093267523
11,142,0,11.2984252947193
12,142,0,11.7784860081816
13,142,0,10.7062604283231
14,142,0,7.23584512222672
15,142,0,17.4071757647472
16,142,0,9.81363112663826
17,142,0,20.0141356857999
18,142,0,10.36727806053
19,142,0,14.8594197106773
20,142,0,7.69725549302027
21,142,0,5.83023231011813
22,142,0,13.1624674743083
23,142,0,8.30863260428782
24,142,0,11.7244078808212
25,142,0,6.87553783954157
26,142,0,14.0108899349732
27,142,0,12.2926157007656
28,142,0,8.73435060455709
29,142,0,15.1480293116921
30,142,0,13.7769170806145
1,143,0,12.2325715172845
2,143,0,8.87020511119189
3,143,0,12.0807892373905
4,143,0,10.2116823917583
5,143,0,8.11702237847547
6,143,0,11.6546779738516
7,143,0,6.52619038909121
8,143,0,6.42934723928673
9,143,0,10.6513436915579
10,143,0,2.18168140352759
11,143,0,6.84429432215726
12,143,0,5.34369791421739
13,143,0,5.68230725406345
14,143,0,14.1349652678252
15,143,0,2.13372541267128
16,143,0,14.562648523286
17,143,0,6.30975371923857
18,143,0,4.42446161359069
19,143,0,12.7925523240812
20,143,0,9.96556607962915
21,143,0,2.78461527349988
22,143,0,12.1699578924515
23,143,0,-0.238039064617152
24,143,0,9.69317492164105
25,143,0,4.25980219765231
26,143,0,10.338921353903
27,143,0,10.9847157843088
28,143,0,7.73962610672324
29,143,0,13.149181819702
30,143,0,6.15655678160165
1,144,0,14.7303889761414
2,144,0,7.8460393730339
3,144,0,4.7595434652866
4,144,0,12.7760537083411
5,144,0,4.37950773420124
6,144,0,13.2612097512084
7,144,0,20.4450139771423
8,144,0,7.31362579941403
9,144,0,8.26429603950694
10,144,0,8.3530089906409
11,144,0,13.7683990319368
12,144,0,9.54851096183603
13,144,0,15.1995954291764
14,144,0,13.7075523818654
15,144,0,13.1107937725289
16,144,0,12.5841892862794
17,144,0,11.6192821529538
18,144,0,15.8608308265164
19,144,0,5.28292268733281
20,144,0,2.69116247589963
21,144,0,3.8058766342888
22,144,0,16.2514916007616
23,144,0,4.6109286325003
24,144,0,9.24311161184846
25,144,0,12.5600405920621
26,144,0,11.8405471249972
27,144,0,13.679127934912
28,144,0,9.45939452534899
29,144,0,13.0354974739436
30,144,0,5.26275518469938
1,145,0,5.93507955004332
2,145,0,0.695728919392874
3,145,0,8.01031076580799
4,145,0,13.4868508030457
5,145,0,8.14377408882004
6,145,0,3.77347840001165
7,145,0,9.41695594579753
8,145,0,3.95091018780171
9,145,0,7.86257235383027
10,145,0,1.51019264907671
11,145,0,5.68615108135852
12,145,0,6.83850778313441
13,145,0,11.0302270736118
14,145,0,15.1966035064417
15,145,0,6.3528445580896
16,145,0,9.27779399595999
17,145,0,2.20305128535696
18,145,0,7.67360487510584
19,145,0,1.00704887341092
20,145,0,8.60912220270707
21,145,0,14.7118071257871
22,145,0,18.5485687239437
23,145,0,3.04945372618501
24,145,0,14.0722169635701
25,145,0,3.91709334871582
26,145,0,8.10218456583035
27,145,0,5.21633241507625
28,145,0,11.4563812962125
29,145,0,12.6817754071248
30,145,0,9.73168888602746
1,146,0,8.84053134635604
2,146,0,6.73447198824605
3,146,0,10.4405300601791
4,146,0,5.8256625926584
5,146,0,2.21741276372866
6,146,0,5.36983653667711
7,146,0,6.5600069975103
8,146,0,5.05096858035151
9,146,0,3.0128764962119
10,146,0,1.74296714898212
11,146,0,11.8345711791202
12,146,0,10.1435765938231
13,146,0,7.40612167917646
14,146,0,11.2494600672798
15,146,0,7.79475315260058
16,146,0,8.75744587712459
17,146,0,-5.30328705358883
18,146,0,2.34030340534246
19,146,0,1.10561512729177
20,146,0,4.32070391937926
21,146,0,9.56654934839744
22,146,0,13.4530676697601
23,146,0,9.63951720912371
24,146,0,15.3734113427182
25,146,0,13.1306701804217
26,146,0,6.54786538487282
27,146,0,9.35315888846117
28,146,0,16.8020231415066
29,146,0,16.9734764439348
30,146,0,3.99513811536485
1,147,0,12.2403543950706
2,147,0,4.61804095950558
3,147,0,5.18233483442188
4,147,0,13.633759878885
5,147,0,4.39478177744465
6,147,0,7.12367022178856
7,147,0,18.4799271198248
8,147,0,6.12070917316256
9,147,0,2.40519268557741
10,147,0,12.5656410078225
11,147,0,4.60639354456932
12,147,0,9.75175357949154
13,147,0,11.2281798314262
14,147,0,3.02894547779408
15,147,0,15.02790479286
16,147,0,3.35107371063349
17,147,0,19.2636707182471
18,147,0,13.9172763487114
19,147,0,1.58410141201133
20,147,0,3.12105359562902
21,147,0,2.05365107615795
22,147,0,16.6809193897875
23,147,0,7.2511730425646
24,147,0,8.66834322207791
25,147,0,4.82525300305368
26,147,0,10.1010751009554
27,147,0,10.1423616448562
28,147,0,-4.58139162891894
29,147,0,9.57788333407083
30,147,0,13.6874649673838
1,148,0,6.58007871299128
2,148,0,7.32060801890363
3,148,0,7.34093984986639
4,148,0,10.0438188791133
5,148,0,10.2831338481446
6,148,0,10.8040312678357
7,148,0,7.12682409829612
8,148,0,-3.55657251842747
9,148,0,4.02422090078321
10,148,0,2.18841652677057
11,148,0,2.10021798448745
12,148,0,-0.0276185243788598
13,148,0,10.6158778953448
14,148,0,10.8232602192904
15,148,0,1.63032375721339
16,148,0,5.41459054168987
17,148,0,-3.94550709573103
18,148,0,-5.47950041183191
19,148,0,4.86326947386497
20,148,0,11.9573252467125
21,148,0,5.36553505492062
22,148,0,-1.14601079264919
23,148,0,13.0487639040644
24,148,0,9.07813538418288
25,148,0,13.1473604491699
26,148,0,12.3617809256432
27,148,0,9.07179079118302
28,148,0,7.92904181540954
29,148,0,13.4573078429654
30,148,0,-2.13802232812183
1,149,0,6.2731229397536
2,149,0,8.50969222858369
3,149,0,8.65249397865001
4,149,0,10.3515622440069
5,149,0,9.11920416385
6,149,0,4.28544481205078
7,149,0,4.39968623128619
8,149,0,1.08366346562071
9,149,0,5.93385573493323
10,149,0,3.92249055541607
11,149,0,5.30799842854963
12,149,0,8.86869629490979
13,149,0,5.24951507667248
14,149,0,12.6364200093305
15,149,0,5.58923216576838
16,149,0,7.0391839310726
17,149,0,11.9583253990314
18,149,0,6.22419315081618
19,149,0,6.58346065846638
20,149,0,4.83160212057873
21,149,0,4.26712657592153
22,149,0,10.750034731931
23,149,0,13.6544969683796
24,149,0,5.1772908791959
25,149,0,6.45925589436409
26,149,0,7.07288973690159
27,149,0,1.8331196000603
28,149,0,10.4318721825378
29,149,0,7.6649736537474
30,149,0,4.15291887167022
1,150,0,11.2453124696545
2,150,0,13.3497311474869
3,150,0,20.7494785407696
4,150,0,19.2296018394187
5,150,0,9.56635533624723
6,150,0,11.5841621573084
7,150,0,4.00605982727901
8,150,0,7.1318898406285
9,150,0,8.38621695641267
10,150,0,15.0729317965159
11,150,0,13.7288118770533
12,150,0,5.25622150958586
13,150,0,8.6666836478419
14,150,0,7.26283264207327
15,150,0,5.97028103839924
16,150,0,5.17803910758088
17,150,0,13.4532965724651
18,150,0,12.5403259490172
19,150,0,15.3770588389706
20,150,0,18.1753951774742
21,150,0,2.32300889671526
22,150,0,3.03816596632923
23,150,0,18.1943640805692
24,150,0,3.80730840055362
25,150,0,4.80603635658662
26,150,0,15.2571222790321
27,150,0,5.06090826103075
28,150,0,3.63172859109761
29,150,0,13.925926066318
30,150,0,10.5207699563242
