date,country,confirmed,deaths,recovered,active,new cases,new deaths,new recovered,region
2020-01-22,Canada,0,0,0,0,0,0,0,Americas
2020-01-22,France,0,0,0,0,0,0,0,Europe
2020-01-22,Germany,0,0,0,0,0,0,0,Europe
2020-01-22,Italy,0,0,0,0,0,0,0,Europe
2020-01-22,Spain,0,0,0,0,0,0,0,Europe
2020-01-22,US,1,0,0,1,0,0,0,Americas
2020-01-22,United Kingdom,0,0,0,0,0,0,0,Europe
2020-01-23,Canada,0,0,0,0,0,0,0,Americas
2020-01-23,France,0,0,0,0,0,0,0,Europe
2020-01-23,Germany,0,0,0,0,0,0,0,Europe
2020-01-23,Italy,0,0,0,0,0,0,0,Europe
2020-01-23,Spain,0,0,0,0,0,0,0,Europe
2020-01-23,US,1,0,0,1,0,0,0,Americas
2020-01-23,United Kingdom,0,0,0,0,0,0,0,Europe
2020-01-24,Canada,0,0,0,0,0,0,0,Americas
2020-01-24,France,2,0,0,2,2,0,0,Europe
2020-01-24,Germany,0,0,0,0,0,0,0,Europe
2020-01-24,Italy,0,0,0,0,0,0,0,Europe
2020-01-24,Spain,0,0,0,0,0,0,0,Europe
2020-01-24,US,2,0,0,2,1,0,0,Americas
2020-01-24,United Kingdom,0,0,0,0,0,0,0,Europe
2020-01-25,Canada,0,0,0,0,0,0,0,Americas
2020-01-25,France,3,0,0,3,1,0,0,Europe
2020-01-25,Germany,0,0,0,0,0,0,0,Europe
2020-01-25,Italy,0,0,0,0,0,0,0,Europe
2020-01-25,Spain,0,0,0,0,0,0,0,Europe
2020-01-25,US,2,0,0,2,0,0,0,Americas
2020-01-25,United Kingdom,0,0,0,0,0,0,0,Europe
2020-01-26,Canada,1,0,0,1,1,0,0,Americas
2020-01-26,France,3,0,0,3,0,0,0,Europe
2020-01-26,Germany,0,0,0,0,0,0,0,Europe
2020-01-26,Italy,0,0,0,0,0,0,0,Europe
2020-01-26,Spain,0,0,0,0,0,0,0,Europe
2020-01-26,US,5,0,0,5,3,0,0,Americas
2020-01-26,United Kingdom,0,0,0,0,0,0,0,Europe
2020-01-27,Canada,1,0,0,1,0,0,0,Americas
2020-01-27,France,3,0,0,3,0,0,0,Europe
2020-01-27,Germany,1,0,0,1,1,0,0,Europe
2020-01-27,Italy,0,0,0,0,0,0,0,Europe
2020-01-27,Spain,0,0,0,0,0,0,0,Europe
2020-01-27,US,5,0,0,5,0,0,0,Americas
2020-01-27,United Kingdom,0,0,0,0,0,0,0,Europe
2020-01-28,Canada,2,0,0,2,1,0,0,Americas
2020-01-28,France,4,0,0,4,1,0,0,Europe
2020-01-28,Germany,4,0,0,4,3,0,0,Europe
2020-01-28,Italy,0,0,0,0,0,0,0,Europe
2020-01-28,Spain,0,0,0,0,0,0,0,Europe
2020-01-28,US,5,0,0,5,0,0,0,Americas
2020-01-28,United Kingdom,0,0,0,0,0,0,0,Europe
2020-01-29,Canada,2,0,0,2,0,0,0,Americas
2020-01-29,France,5,0,0,5,1,0,0,Europe
2020-01-29,Germany,4,0,0,4,0,0,0,Europe
2020-01-29,Italy,0,0,0,0,0,0,0,Europe
2020-01-29,Spain,0,0,0,0,0,0,0,Europe
2020-01-29,US,5,0,0,5,0,0,0,Americas
2020-01-29,United Kingdom,0,0,0,0,0,0,0,Europe
2020-01-30,Canada,2,0,0,2,0,0,0,Americas
2020-01-30,France,5,0,0,5,0,0,0,Europe
2020-01-30,Germany,4,0,0,4,0,0,0,Europe
2020-01-30,Italy,0,0,0,0,0,0,0,Europe
2020-01-30,Spain,0,0,0,0,0,0,0,Europe
2020-01-30,US,5,0,0,5,0,0,0,Americas
2020-01-30,United Kingdom,0,0,0,0,0,0,0,Europe
2020-01-31,Canada,4,0,0,4,2,0,0,Americas
2020-01-31,France,5,0,0,5,0,0,0,Europe
2020-01-31,Germany,5,0,0,5,1,0,0,Europe
2020-01-31,Italy,2,0,0,2,2,0,0,Europe
2020-01-31,Spain,0,0,0,0,0,0,0,Europe
2020-01-31,US,7,0,0,7,2,0,0,Americas
2020-01-31,United Kingdom,2,0,0,2,2,0,0,Europe
2020-02-01,Canada,4,0,0,4,0,0,0,Americas
2020-02-01,France,6,0,0,6,1,0,0,Europe
2020-02-01,Germany,8,0,0,8,3,0,0,Europe
2020-02-01,Italy,2,0,0,2,0,0,0,Europe
2020-02-01,Spain,1,0,0,1,1,0,0,Europe
2020-02-01,US,8,0,0,8,1,0,0,Americas
2020-02-01,United Kingdom,2,0,0,2,0,0,0,Europe
2020-02-02,Canada,4,0,0,4,0,0,0,Americas
2020-02-02,France,6,0,0,6,0,0,0,Europe
2020-02-02,Germany,10,0,0,10,2,0,0,Europe
2020-02-02,Italy,2,0,0,2,0,0,0,Europe
2020-02-02,Spain,1,0,0,1,0,0,0,Europe
2020-02-02,US,8,0,0,8,0,0,0,Americas
2020-02-02,United Kingdom,2,0,0,2,0,0,0,Europe
2020-02-03,Canada,4,0,0,4,0,0,0,Americas
2020-02-03,France,6,0,0,6,0,0,0,Europe
2020-02-03,Germany,12,0,0,12,2,0,0,Europe
2020-02-03,Italy,2,0,0,2,0,0,0,Europe
2020-02-03,Spain,1,0,0,1,0,0,0,Europe
2020-02-03,US,11,0,0,11,3,0,0,Americas
2020-02-03,United Kingdom,8,0,0,8,6,0,0,Europe
2020-02-04,Canada,4,0,0,4,0,0,0,Americas
2020-02-04,France,6,0,0,6,0,0,0,Europe
2020-02-04,Germany,12,0,0,12,0,0,0,Europe
2020-02-04,Italy,2,0,0,2,0,0,0,Europe
2020-02-04,Spain,1,0,0,1,0,0,0,Europe
2020-02-04,US,11,0,0,11,0,0,0,Americas
2020-02-04,United Kingdom,8,0,0,8,0,0,0,Europe
2020-02-05,Canada,5,0,0,5,1,0,0,Americas
2020-02-05,France,6,0,0,6,0,0,0,Europe
2020-02-05,Germany,12,0,0,12,0,0,0,Europe
2020-02-05,Italy,2,0,0,2,0,0,0,Europe
2020-02-05,Spain,1,0,0,1,0,0,0,Europe
2020-02-05,US,11,0,0,11,0,0,0,Americas
2020-02-05,United Kingdom,9,0,0,9,1,0,0,Europe
2020-02-06,Canada,5,0,0,5,0,0,0,Americas
2020-02-06,France,6,0,0,6,0,0,0,Europe
2020-02-06,Germany,12,0,0,12,0,0,0,Europe
2020-02-06,Italy,2,0,0,2,0,0,0,Europe
2020-02-06,Spain,1,0,0,1,0,0,0,Europe
2020-02-06,US,11,0,0,11,0,0,0,Americas
2020-02-06,United Kingdom,9,0,0,9,0,0,0,Europe
2020-02-07,Canada,7,0,0,7,2,0,0,Americas
2020-02-07,France,6,0,0,6,0,0,0,Europe
2020-02-07,Germany,13,0,0,13,1,0,0,Europe
2020-02-07,Italy,3,0,0,3,1,0,0,Europe
2020-02-07,Spain,1,0,0,1,0,0,0,Europe
2020-02-07,US,11,0,0,11,0,0,0,Americas
2020-02-07,United Kingdom,9,0,0,9,0,0,0,Europe
2020-02-08,Canada,7,0,0,7,0,0,0,Americas
2020-02-08,France,11,0,0,11,5,0,0,Europe
2020-02-08,Germany,13,0,0,13,0,0,0,Europe
2020-02-08,Italy,3,0,0,3,0,0,0,Europe
2020-02-08,Spain,1,0,0,1,0,0,0,Europe
2020-02-08,US,11,0,0,11,0,0,0,Americas
2020-02-08,United Kingdom,13,0,0,13,4,0,0,Europe
2020-02-09,Canada,7,0,0,7,0,0,0,Americas
2020-02-09,France,11,0,0,11,0,0,0,Europe
2020-02-09,Germany,14,0,0,14,1,0,0,Europe
2020-02-09,Italy,3,0,0,3,0,0,0,Europe
2020-02-09,Spain,2,0,0,2,1,0,0,Europe
2020-02-09,US,11,0,3,8,0,0,3,Americas
2020-02-09,United Kingdom,14,0,0,14,1,0,0,Europe
2020-02-10,Canada,7,0,0,7,0,0,0,Americas
2020-02-10,France,11,0,0,11,0,0,0,Europe
2020-02-10,Germany,14,0,0,14,0,0,0,Europe
2020-02-10,Italy,3,0,0,3,0,0,0,Europe
2020-02-10,Spain,2,0,0,2,0,0,0,Europe
2020-02-10,US,11,0,3,8,0,0,0,Americas
2020-02-10,United Kingdom,14,0,0,14,0,0,0,Europe
2020-02-11,Canada,7,0,0,7,0,0,0,Americas
2020-02-11,France,11,0,0,11,0,0,0,Europe
2020-02-11,Germany,16,0,0,16,2,0,0,Europe
2020-02-11,Italy,3,0,0,3,0,0,0,Europe
2020-02-11,Spain,2,0,0,2,0,0,0,Europe
2020-02-11,US,12,0,3,9,1,0,0,Americas
2020-02-11,United Kingdom,15,0,0,15,1,0,0,Europe
2020-02-12,Canada,7,0,0,7,0,0,0,Americas
2020-02-12,France,11,0,2,9,0,0,2,Europe
2020-02-12,Germany,16,0,0,16,0,0,0,Europe
2020-02-12,Italy,3,0,0,3,0,0,0,Europe
2020-02-12,Spain,2,0,0,2,0,0,0,Europe
2020-02-12,US,12,0,3,9,0,0,0,Americas
2020-02-12,United Kingdom,16,0,1,15,1,0,1,Europe
2020-02-13,Canada,7,0,0,7,0,0,0,Americas
2020-02-13,France,11,0,2,9,0,0,0,Europe
2020-02-13,Germany,16,0,1,15,0,0,1,Europe
2020-02-13,Italy,3,0,0,3,0,0,0,Europe
2020-02-13,Spain,2,0,0,2,0,0,0,Europe
2020-02-13,US,13,0,3,10,1,0,0,Americas
2020-02-13,United Kingdom,17,0,1,16,1,0,0,Europe
2020-02-14,Canada,7,0,0,7,0,0,0,Americas
2020-02-14,France,11,0,2,9,0,0,0,Europe
2020-02-14,Germany,16,0,1,15,0,0,0,Europe
2020-02-14,Italy,3,0,0,3,0,0,0,Europe
2020-02-14,Spain,2,0,0,2,0,0,0,Europe
2020-02-14,US,13,0,3,10,0,0,0,Americas
2020-02-14,United Kingdom,18,0,1,17,1,0,0,Europe
2020-02-15,Canada,7,0,0,7,0,0,0,Americas
2020-02-15,France,12,1,4,7,1,1,2,Europe
2020-02-15,Germany,16,0,1,15,0,0,0,Europe
2020-02-15,Italy,3,0,0,3,0,0,0,Europe
2020-02-15,Spain,2,0,2,0,0,0,2,Europe
2020-02-15,US,13,0,3,10,0,0,0,Americas
2020-02-15,United Kingdom,18,0,1,17,0,0,0,Europe
2020-02-16,Canada,7,0,0,7,0,0,0,Americas
2020-02-16,France,12,1,4,7,0,0,0,Europe
2020-02-16,Germany,16,0,1,15,0,0,0,Europe
2020-02-16,Italy,3,0,0,3,0,0,0,Europe
2020-02-16,Spain,2,0,2,0,0,0,0,Europe
2020-02-16,US,13,0,3,10,0,0,0,Americas
2020-02-16,United Kingdom,18,0,8,10,0,0,7,Europe
2020-02-17,Canada,8,0,0,8,1,0,0,Americas
2020-02-17,France,12,1,4,7,0,0,0,Europe
2020-02-17,Germany,16,0,1,15,0,0,0,Europe
2020-02-17,Italy,3,0,0,3,0,0,0,Europe
2020-02-17,Spain,2,0,2,0,0,0,0,Europe
2020-02-17,US,13,0,3,10,0,0,0,Americas
2020-02-17,United Kingdom,19,0,8,11,1,0,0,Europe
2020-02-18,Canada,8,0,0,8,0,0,0,Americas
2020-02-18,France,12,1,4,7,0,0,0,Europe
2020-02-18,Germany,16,0,12,4,0,0,11,Europe
2020-02-18,Italy,3,0,0,3,0,0,0,Europe
2020-02-18,Spain,2,0,2,0,0,0,0,Europe
2020-02-18,US,13,0,3,10,0,0,0,Americas
2020-02-18,United Kingdom,19,0,8,11,0,0,0,Europe
2020-02-19,Canada,8,0,0,8,0,0,0,Americas
2020-02-19,France,12,1,4,7,0,0,0,Europe
2020-02-19,Germany,16,0,12,4,0,0,0,Europe
2020-02-19,Italy,3,0,0,3,0,0,0,Europe
2020-02-19,Spain,2,0,2,0,0,0,0,Europe
2020-02-19,US,13,0,3,10,0,0,0,Americas
2020-02-19,United Kingdom,20,0,8,12,1,0,0,Europe
2020-02-20,Canada,8,0,0,8,0,0,0,Americas
2020-02-20,France,12,1,4,7,0,0,0,Europe
2020-02-20,Germany,16,0,12,4,0,0,0,Europe
2020-02-20,Italy,3,0,0,3,0,0,0,Europe
2020-02-20,Spain,2,0,2,0,0,0,0,Europe
2020-02-20,US,13,0,3,10,0,0,0,Americas
2020-02-20,United Kingdom,22,0,8,14,2,0,0,Europe
2020-02-21,Canada,9,0,0,9,1,0,0,Americas
2020-02-21,France,12,1,4,7,0,0,0,Europe
2020-02-21,Germany,16,0,14,2,0,0,2,Europe
2020-02-21,Italy,20,1,0,19,17,1,0,Europe
2020-02-21,Spain,2,0,2,0,0,0,0,Europe
2020-02-21,US,15,0,5,10,2,0,2,Americas
2020-02-21,United Kingdom,23,0,8,15,1,0,0,Europe
2020-02-22,Canada,9,0,0,9,0,0,0,Americas
2020-02-22,France,12,1,4,7,0,0,0,Europe
2020-02-22,Germany,16,0,14,2,0,0,0,Europe
2020-02-22,Italy,62,2,1,59,42,1,1,Europe
2020-02-22,Spain,2,0,2,0,0,0,0,Europe
2020-02-22,US,15,0,5,10,0,0,0,Americas
2020-02-22,United Kingdom,23,0,8,15,0,0,0,Europe
2020-02-23,Canada,9,0,0,9,0,0,0,Americas
2020-02-23,France,12,1,4,7,0,0,0,Europe
2020-02-23,Germany,16,0,14,2,0,0,0,Europe
2020-02-23,Italy,155,3,2,150,93,1,1,Europe
2020-02-23,Spain,2,0,2,0,0,0,0,Europe
2020-02-23,US,15,0,5,10,0,0,0,Americas
2020-02-23,United Kingdom,28,0,8,20,5,0,0,Europe
2020-02-24,Canada,10,0,0,10,1,0,0,Americas
2020-02-24,France,12,1,4,7,0,0,0,Europe
2020-02-24,Germany,16,0,14,2,0,0,0,Europe
2020-02-24,Italy,229,7,1,221,74,4,-1,Europe
2020-02-24,Spain,2,0,2,0,0,0,0,Europe
2020-02-24,US,15,0,5,10,0,0,0,Americas
2020-02-24,United Kingdom,30,0,8,22,2,0,0,Europe
2020-02-25,Canada,11,0,0,11,1,0,0,Americas
2020-02-25,France,14,1,11,2,2,0,7,Europe
2020-02-25,Germany,17,0,14,3,1,0,0,Europe
2020-02-25,Italy,322,10,1,311,93,3,0,Europe
2020-02-25,Spain,6,0,2,4,4,0,0,Europe
2020-02-25,US,15,0,6,9,0,0,1,Americas
2020-02-25,United Kingdom,34,0,8,26,4,0,0,Europe
2020-02-26,Canada,11,0,0,11,0,0,0,Americas
2020-02-26,France,18,2,11,5,4,1,0,Europe
2020-02-26,Germany,27,0,15,12,10,0,1,Europe
2020-02-26,Italy,453,12,3,438,131,2,2,Europe
2020-02-26,Spain,13,0,2,11,7,0,0,Europe
2020-02-26,US,15,0,6,9,0,0,0,Americas
2020-02-26,United Kingdom,37,0,8,29,3,0,0,Europe
2020-02-27,Canada,13,0,0,13,2,0,0,Americas
2020-02-27,France,38,2,11,25,20,0,0,Europe
2020-02-27,Germany,46,0,16,30,19,0,1,Europe
2020-02-27,Italy,655,17,45,593,202,5,42,Europe
2020-02-27,Spain,15,0,2,13,2,0,0,Europe
2020-02-27,US,16,0,6,10,1,0,0,Americas
2020-02-27,United Kingdom,44,0,8,36,7,0,0,Europe
2020-02-28,Canada,14,0,0,14,1,0,0,Americas
2020-02-28,France,57,2,11,44,19,0,0,Europe
2020-02-28,Germany,48,0,16,32,2,0,0,Europe
2020-02-28,Italy,888,21,46,821,233,4,1,Europe
2020-02-28,Spain,32,0,2,30,17,0,0,Europe
2020-02-28,US,16,0,7,9,0,0,1,Americas
2020-02-28,United Kingdom,56,0,8,48,12,0,0,Europe
2020-02-29,Canada,20,0,0,20,6,0,0,Americas
2020-02-29,France,100,2,12,86,43,0,1,Europe
2020-02-29,Germany,79,0,16,63,31,0,0,Europe
2020-02-29,Italy,1128,29,46,1053,240,8,0,Europe
2020-02-29,Spain,45,0,2,43,13,0,0,Europe
2020-02-29,US,24,1,7,16,8,1,0,Americas
2020-02-29,United Kingdom,61,0,8,53,5,0,0,Europe
2020-03-01,Canada,24,0,0,24,4,0,0,Americas
2020-03-01,France,130,2,12,116,30,0,0,Europe
2020-03-01,Germany,130,0,16,114,51,0,0,Europe
2020-03-01,Italy,1694,34,83,1577,566,5,37,Europe
2020-03-01,Spain,84,0,2,82,39,0,0,Europe
2020-03-01,US,30,1,7,22,6,0,0,Americas
2020-03-01,United Kingdom,94,0,8,86,33,0,0,Europe
2020-03-02,Canada,27,0,0,27,3,0,0,Americas
2020-03-02,France,191,3,12,176,61,1,0,Europe
2020-03-02,Germany,159,0,16,143,29,0,0,Europe
2020-03-02,Italy,2036,52,149,1835,342,18,66,Europe
2020-03-02,Spain,120,0,2,118,36,0,0,Europe
2020-03-02,US,53,6,7,40,23,5,0,Americas
2020-03-02,United Kingdom,134,0,8,126,40,0,0,Europe
2020-03-03,Canada,30,0,0,30,3,0,0,Americas
2020-03-03,France,204,4,12,188,13,1,0,Europe
2020-03-03,Germany,196,0,16,180,37,0,0,Europe
2020-03-03,Italy,2502,79,160,2263,466,27,11,Europe
2020-03-03,Spain,165,1,2,162,45,1,0,Europe
2020-03-03,US,73,7,7,59,20,1,0,Americas
2020-03-03,United Kingdom,189,0,8,181,55,0,0,Europe
2020-03-04,Canada,33,0,0,33,3,0,0,Americas
2020-03-04,France,288,4,12,272,84,0,0,Europe
2020-03-04,Germany,262,0,16,246,66,0,0,Europe
2020-03-04,Italy,3089,107,276,2706,587,28,116,Europe
2020-03-04,Spain,222,2,2,218,57,1,0,Europe
2020-03-04,US,104,11,7,86,31,4,0,Americas
2020-03-04,United Kingdom,246,0,8,238,57,0,0,Europe
2020-03-05,Canada,37,0,0,37,4,0,0,Americas
2020-03-05,France,380,6,12,362,92,2,0,Europe
2020-03-05,Germany,482,0,16,466,220,0,0,Europe
2020-03-05,Italy,3858,148,414,3296,769,41,138,Europe
2020-03-05,Spain,259,3,2,254,37,1,0,Europe
2020-03-05,US,174,12,7,155,70,1,0,Americas
2020-03-05,United Kingdom,295,0,8,287,49,0,0,Europe
2020-03-06,Canada,49,0,0,49,12,0,0,Americas
2020-03-06,France,656,9,12,635,276,3,0,Europe
2020-03-06,Germany,670,0,17,653,188,0,1,Europe
2020-03-06,Italy,4636,197,523,3916,778,49,109,Europe
2020-03-06,Spain,400,5,2,393,141,2,0,Europe
2020-03-06,US,222,14,7,201,48,2,0,Americas
2020-03-06,United Kingdom,374,1,8,365,79,1,0,Europe
2020-03-07,Canada,54,0,0,54,5,0,0,Americas
2020-03-07,France,959,11,12,936,303,2,0,Europe
2020-03-07,Germany,799,0,18,781,129,0,1,Europe
2020-03-07,Italy,5883,233,589,5061,1247,36,66,Europe
2020-03-07,Spain,500,10,30,460,100,5,28,Europe
2020-03-07,US,337,17,7,313,115,3,0,Americas
2020-03-07,United Kingdom,429,2,18,409,55,1,10,Europe
2020-03-08,Canada,64,0,0,64,10,0,0,Americas
2020-03-08,France,1136,19,12,1105,177,8,0,Europe
2020-03-08,Germany,1040,0,18,1022,241,0,0,Europe
2020-03-08,Italy,7375,366,622,6387,1492,133,33,Europe
2020-03-08,Spain,673,17,30,626,173,7,0,Europe
2020-03-08,US,451,21,7,423,114,4,0,Americas
2020-03-08,United Kingdom,483,2,18,463,54,0,0,Europe
2020-03-09,Canada,77,1,0,76,13,1,0,Americas
2020-03-09,France,1219,19,12,1188,83,0,0,Europe
2020-03-09,Germany,1176,2,18,1156,136,2,0,Europe
2020-03-09,Italy,9172,463,724,7985,1797,97,102,Europe
2020-03-09,Spain,1073,28,32,1013,400,11,2,Europe
2020-03-09,US,519,22,7,490,68,1,0,Americas
2020-03-09,United Kingdom,630,3,18,609,147,1,0,Europe
2020-03-10,Canada,79,1,0,78,2,0,0,Americas
2020-03-10,France,1794,33,12,1749,575,14,0,Europe
2020-03-10,Germany,1457,2,18,1437,281,0,0,Europe
2020-03-10,Italy,10149,631,724,8794,977,168,0,Europe
2020-03-10,Spain,1695,35,32,1628,622,7,0,Europe
2020-03-10,US,711,28,8,675,192,6,1,Americas
2020-03-10,United Kingdom,889,7,19,863,259,4,1,Europe
2020-03-11,Canada,108,1,0,107,29,0,0,Americas
2020-03-11,France,2293,48,12,2233,499,15,0,Europe
2020-03-11,Germany,1908,3,25,1880,451,1,7,Europe
2020-03-11,Italy,12462,827,1045,10590,2313,196,321,Europe
2020-03-11,Spain,2277,54,183,2040,582,19,151,Europe
2020-03-11,US,1109,33,8,1068,398,5,0,Americas
2020-03-11,United Kingdom,1301,7,19,1275,412,0,0,Europe
2020-03-12,Canada,117,1,0,116,9,0,0,Americas
2020-03-12,France,2293,48,12,2233,0,0,0,Europe
2020-03-12,Germany,2078,3,25,2050,170,0,0,Europe
2020-03-12,Italy,15113,1016,1045,13052,2651,189,0,Europe
2020-03-12,Spain,2277,55,183,2039,0,1,0,Europe
2020-03-12,US,1561,43,12,1506,452,10,4,Americas
2020-03-12,United Kingdom,1790,9,19,1762,489,2,0,Europe
2020-03-13,Canada,191,1,0,190,74,0,0,Americas
2020-03-13,France,3681,79,12,3590,1388,31,0,Europe
2020-03-13,Germany,3675,7,46,3622,1597,4,21,Europe
2020-03-13,Italy,17660,1266,1439,14955,2547,250,394,Europe
2020-03-13,Spain,5232,133,193,4906,2955,78,10,Europe
2020-03-13,US,2157,52,12,2093,596,9,0,Americas
2020-03-13,United Kingdom,2270,10,19,2241,480,1,0,Europe
2020-03-14,Canada,196,1,0,195,5,0,0,Americas
2020-03-14,France,4496,91,12,4393,815,12,0,Europe
2020-03-14,Germany,4585,9,46,4530,910,2,0,Europe
2020-03-14,Italy,21157,1441,1966,17750,3497,175,527,Europe
2020-03-14,Spain,6391,195,517,5679,1159,62,324,Europe
2020-03-14,US,2870,58,12,2800,713,6,0,Americas
2020-03-14,United Kingdom,2634,28,19,2587,364,18,0,Europe
2020-03-15,Canada,250,1,0,249,54,0,0,Americas
2020-03-15,France,4532,91,12,4429,36,0,0,Europe
2020-03-15,Germany,5795,11,46,5738,1210,2,0,Europe
2020-03-15,Italy,24747,1809,2335,20603,3590,368,369,Europe
2020-03-15,Spain,7798,289,517,6992,1407,94,0,Europe
2020-03-15,US,2968,70,12,2886,98,12,0,Americas
2020-03-15,United Kingdom,3077,43,19,3015,443,15,0,Europe
2020-03-16,Canada,413,4,0,409,163,3,0,Americas
2020-03-16,France,6683,149,12,6522,2151,58,0,Europe
2020-03-16,Germany,7272,17,67,7188,1477,6,21,Europe
2020-03-16,Italy,27980,2158,2749,23073,3233,349,414,Europe
2020-03-16,Spain,9942,342,530,9070,2144,53,13,Europe
2020-03-16,US,4360,97,17,4246,1392,27,5,Americas
2020-03-16,United Kingdom,3692,66,21,3605,615,23,2,Europe
2020-03-17,Canada,470,5,0,465,57,1,0,Americas
2020-03-17,France,7715,149,12,7554,1032,0,0,Europe
2020-03-17,Germany,9257,24,67,9166,1985,7,0,Europe
2020-03-17,Italy,31506,2503,2941,26062,3526,345,192,Europe
2020-03-17,Spain,11748,533,1028,10187,1806,191,498,Europe
2020-03-17,US,6141,131,17,5993,1781,34,0,Americas
2020-03-17,United Kingdom,4462,82,53,4327,770,16,32,Europe
2020-03-18,Canada,648,8,0,640,178,3,0,Americas
2020-03-18,France,9124,149,12,8963,1409,0,0,Europe
2020-03-18,Germany,12327,28,105,12194,3070,4,38,Europe
2020-03-18,Italy,35713,2978,4025,28710,4207,475,1084,Europe
2020-03-18,Spain,13910,623,1081,12206,2162,90,53,Europe
2020-03-18,US,8917,188,105,8624,2776,57,88,Americas
2020-03-18,United Kingdom,5467,116,67,5284,1005,34,14,Europe
2020-03-19,Canada,791,9,0,782,143,1,0,Americas
2020-03-19,France,10970,244,12,10714,1846,95,0,Europe
2020-03-19,Germany,15320,44,113,15163,2993,16,8,Europe
2020-03-19,Italy,41035,3405,4440,33190,5322,427,415,Europe
2020-03-19,Spain,17963,830,1107,16026,4053,207,26,Europe
2020-03-19,US,14157,265,121,13771,5240,77,16,Americas
2020-03-19,United Kingdom,6533,159,67,6307,1066,43,0,Europe
2020-03-20,Canada,933,12,0,921,142,3,0,Americas
2020-03-20,France,12758,451,12,12295,1788,207,0,Europe
2020-03-20,Germany,19848,67,180,19601,4528,23,67,Europe
2020-03-20,Italy,47021,4032,4440,38549,5986,627,0,Europe
2020-03-20,Spain,20410,1043,1588,17779,2447,213,481,Europe
2020-03-20,US,19479,362,147,18970,5322,97,26,Americas
2020-03-20,United Kingdom,7791,195,67,7529,1258,36,0,Europe
2020-03-21,Canada,1267,19,0,1248,334,7,0,Americas
2020-03-21,France,14463,563,12,13888,1705,112,0,Europe
2020-03-21,Germany,22213,84,233,21896,2365,17,53,Europe
2020-03-21,Italy,53578,4825,6072,42681,6557,793,1632,Europe
2020-03-21,Spain,25374,1375,2125,21874,4964,332,537,Europe
2020-03-21,US,25825,456,176,25193,6346,94,29,Americas
2020-03-21,United Kingdom,9006,251,67,8688,1215,56,0,Europe
2020-03-22,Canada,1456,20,0,1436,189,1,0,Americas
2020-03-22,France,16243,676,2206,13361,1780,113,2194,Europe
2020-03-22,Germany,24873,94,266,24513,2660,10,33,Europe
2020-03-22,Italy,59138,5476,7024,46638,5560,651,952,Europe
2020-03-22,Spain,28768,1772,2575,24421,3394,397,450,Europe
2020-03-22,US,33761,601,178,32982,7936,145,2,Americas
2020-03-22,United Kingdom,10395,286,67,10042,1389,35,0,Europe
2020-03-23,Canada,2075,24,0,2051,619,4,0,Americas
2020-03-23,France,20123,862,2206,17055,3880,186,0,Europe
2020-03-23,Germany,29056,123,266,28667,4183,29,0,Europe
2020-03-23,Italy,63927,6077,7024,50826,4789,601,0,Europe
2020-03-23,Spain,35136,2311,2575,30250,6368,539,0,Europe
2020-03-23,US,43850,784,178,42888,10089,183,0,Americas
2020-03-23,United Kingdom,12744,360,67,12317,2349,74,0,Europe
2020-03-24,Canada,2777,25,0,2752,702,1,0,Americas
2020-03-24,France,22622,1102,3250,18270,2499,240,1044,Europe
2020-03-24,Germany,32986,157,3243,29586,3930,34,2977,Europe
2020-03-24,Italy,69176,6820,8326,54030,5249,743,1302,Europe
2020-03-24,Spain,39885,2808,3794,33283,4749,497,1219,Europe
2020-03-24,US,54112,1021,348,52743,10262,237,170,Americas
2020-03-24,United Kingdom,15126,509,140,14477,2382,149,73,Europe
2020-03-25,Canada,3238,29,0,3209,461,4,0,Americas
2020-03-25,France,25600,1333,3907,20360,2978,231,657,Europe
2020-03-25,Germany,37323,206,3547,33570,4337,49,304,Europe
2020-03-25,Italy,74386,7503,9362,57521,5210,683,1036,Europe
2020-03-25,Spain,49515,3647,5367,40501,9630,839,1573,Europe
2020-03-25,US,66055,1333,361,64361,11943,312,13,Americas
2020-03-25,United Kingdom,17843,696,140,17007,2717,187,0,Europe
2020-03-26,Canada,4029,37,0,3992,791,8,0,Americas
2020-03-26,France,29551,1698,4955,22898,3951,365,1048,Europe
2020-03-26,Germany,43938,267,5673,37998,6615,61,2126,Europe
2020-03-26,Italy,80589,8215,10361,62013,6203,712,999,Europe
2020-03-26,Spain,57786,4365,7015,46406,8271,718,1648,Europe
2020-03-26,US,84091,1746,681,81664,18036,413,320,Americas
2020-03-26,United Kingdom,20970,880,150,19940,3127,184,10,Europe
2020-03-27,Canada,4669,53,0,4616,640,16,0,Americas
2020-03-27,France,33402,1997,5707,25698,3851,299,752,Europe
2020-03-27,Germany,50871,342,6658,43871,6933,75,985,Europe
2020-03-27,Italy,86498,9134,10950,66414,5909,919,589,Europe
2020-03-27,Spain,65719,5138,9357,51224,7933,773,2342,Europe
2020-03-27,US,102276,2300,869,99107,18185,554,188,Americas
2020-03-27,United Kingdom,24219,1164,151,22904,3249,284,1,Europe
2020-03-28,Canada,5563,60,0,5503,894,7,0,Americas
2020-03-28,France,38105,2317,5724,30064,4703,320,17,Europe
2020-03-28,Germany,57695,433,8481,48781,6824,91,1823,Europe
2020-03-28,Italy,92472,10023,12384,70065,5974,889,1434,Europe
2020-03-28,Spain,73235,5982,12285,54968,7516,844,2928,Europe
2020-03-28,US,122069,2934,1072,118063,19793,634,203,Americas
2020-03-28,United Kingdom,27062,1458,151,25453,2843,294,0,Europe
2020-03-29,Canada,6267,63,0,6204,704,3,0,Americas
2020-03-29,France,40708,2611,7226,30871,2603,294,1502,Europe
2020-03-29,Germany,62095,533,9211,52351,4400,100,730,Europe
2020-03-29,Italy,97689,10779,13030,73880,5217,756,646,Europe
2020-03-29,Spain,80110,6803,14709,58598,6875,821,2424,Europe
2020-03-29,US,141205,3561,2665,134979,19136,627,1593,Americas
2020-03-29,United Kingdom,29954,1673,151,28130,2892,215,0,Europe
2020-03-30,Canada,7385,79,0,7306,1118,16,0,Americas
2020-03-30,France,45170,3030,7964,34176,4462,419,738,Europe
2020-03-30,Germany,66885,645,13500,52740,4790,112,4289,Europe
2020-03-30,Italy,101739,11591,14620,75528,4050,812,1590,Europe
2020-03-30,Spain,87956,7716,16780,63460,7846,913,2071,Europe
2020-03-30,US,162707,4381,5644,152682,21502,820,2979,Americas
2020-03-30,United Kingdom,34281,2047,171,32063,4327,374,20,Europe
2020-03-31,Canada,8514,100,0,8414,1129,21,0,Americas
2020-03-31,France,52827,3532,9513,39782,7657,502,1549,Europe
2020-03-31,Germany,71808,775,16100,54933,4923,130,2600,Europe
2020-03-31,Italy,105792,12428,15729,77635,4053,837,1109,Europe
2020-03-31,Spain,95923,8464,19259,68200,7967,748,2479,Europe
2020-03-31,US,188724,5605,7024,176095,26017,1224,1380,Americas
2020-03-31,United Kingdom,38815,2430,179,36206,4534,383,8,Europe
2020-04-01,Canada,9547,108,0,9439,1033,8,0,Americas
2020-04-01,France,57749,4414,11053,42282,4922,882,1540,Europe
2020-04-01,Germany,77872,920,18700,58252,6064,145,2600,Europe
2020-04-01,Italy,110574,13155,16847,80572,4782,727,1118,Europe
2020-04-01,Spain,104118,9387,22647,72084,8195,923,3388,Europe
2020-04-01,US,214205,6846,8474,198885,25481,1241,1450,Americas
2020-04-01,United Kingdom,43789,3101,179,40509,4974,671,0,Europe
2020-04-02,Canada,11271,138,0,11133,1724,30,0,Americas
2020-04-02,France,59929,5398,12548,41983,2180,984,1495,Europe
2020-04-02,Germany,84794,1107,22440,61247,6922,187,3740,Europe
2020-04-02,Italy,115242,13915,18278,83049,4668,760,1431,Europe
2020-04-02,Spain,112065,10348,26743,74974,7947,961,4096,Europe
2020-04-02,US,244610,8432,9001,227177,30405,1586,527,Americas
2020-04-02,United Kingdom,48718,3753,192,44773,4929,652,13,Europe
2020-04-03,Canada,12424,178,0,12246,1153,40,0,Americas
2020-04-03,France,65202,6520,14135,44547,5273,1122,1587,Europe
2020-04-03,Germany,91159,1275,24575,65309,6365,168,2135,Europe
2020-04-03,Italy,119827,14681,19758,85388,4585,766,1480,Europe
2020-04-03,Spain,119199,11198,30513,77488,7134,850,3770,Europe
2020-04-03,US,276547,9747,9707,257093,31937,1315,706,Americas
2020-04-03,United Kingdom,53699,4468,208,49023,4981,715,16,Europe
2020-04-04,Canada,12965,217,0,12748,541,39,0,Americas
2020-04-04,France,69500,7574,15572,46354,4298,1054,1437,Europe
2020-04-04,Germany,96092,1444,26400,68248,4933,169,1825,Europe
2020-04-04,Italy,124632,15362,20996,88274,4805,681,1238,Europe
2020-04-04,Spain,126168,11947,34219,80002,6969,749,3706,Europe
2020-04-04,US,309699,11031,14652,284016,33152,1284,4945,Americas
2020-04-04,United Kingdom,57772,5229,215,52328,4073,761,7,Europe
2020-04-05,Canada,15743,258,0,15485,2778,41,0,Americas
2020-04-05,France,71412,8093,16349,46970,1912,519,777,Europe
2020-04-05,Germany,100123,1584,28700,69839,4031,140,2300,Europe
2020-04-05,Italy,128948,15887,21815,91246,4316,525,819,Europe
2020-04-05,Spain,131646,12641,38080,80925,5478,694,3861,Europe
2020-04-05,US,337573,12470,17448,307655,27874,1439,2796,Americas
2020-04-05,United Kingdom,61422,5875,229,55318,3650,646,14,Europe
2020-04-06,Canada,16550,338,0,16212,807,80,0,Americas
2020-04-06,France,75343,8926,17428,48989,3931,833,1079,Europe
2020-04-06,Germany,103374,1810,28700,72864,3251,226,0,Europe
2020-04-06,Italy,132547,16523,22837,93187,3599,636,1022,Europe
2020-04-06,Spain,136675,13341,40437,82897,5029,700,2357,Europe
2020-04-06,US,367215,14138,19581,333496,29642,1668,2133,Americas
2020-04-06,United Kingdom,66738,6446,287,60005,5316,571,58,Europe
2020-04-07,Canada,17859,374,0,17485,1309,36,0,Americas
2020-04-07,France,79163,10343,19523,49297,3820,1417,2095,Europe
2020-04-07,Germany,107663,2016,36081,69566,4289,206,7381,Europe
2020-04-07,Italy,135586,17127,24392,94067,3039,604,1555,Europe
2020-04-07,Spain,141942,14045,43208,84689,5267,704,2771,Europe
2020-04-07,US,397992,16447,21763,359782,30777,2309,2182,Americas
2020-04-07,United Kingdom,72224,7484,325,64415,5486,1038,38,Europe
2020-04-08,Canada,19128,406,0,18722,1269,32,0,Americas
2020-04-08,France,83057,10887,21452,50718,3894,544,1929,Europe
2020-04-08,Germany,113296,2349,46300,64647,5633,333,10219,Europe
2020-04-08,Italy,139422,17669,26491,95262,3836,542,2099,Europe
2020-04-08,Spain,148220,14792,48021,85407,6278,747,4813,Europe
2020-04-08,US,429686,18563,23559,387564,31694,2116,1796,Americas
2020-04-08,United Kingdom,77387,8520,345,68522,5163,1036,20,Europe
2020-04-09,Canada,20641,502,0,20139,1513,96,0,Americas
2020-04-09,France,87366,12228,23413,51725,4309,1341,1961,Europe
2020-04-09,Germany,118181,2607,52407,63167,4885,258,6107,Europe
2020-04-09,Italy,143626,18279,28470,96877,4204,610,1979,Europe
2020-04-09,Spain,153222,15447,52165,85610,5002,655,4144,Europe
2020-04-09,US,464442,20638,25410,418394,34756,2075,1851,Americas
2020-04-09,United Kingdom,82293,9631,359,72303,4906,1111,14,Europe
2020-04-10,Canada,22046,556,0,21490,1405,54,0,Americas
2020-04-10,France,91738,13215,25195,53328,4372,987,1782,Europe
2020-04-10,Germany,122171,2767,53913,65491,3990,160,1506,Europe
2020-04-10,Italy,147577,18849,30455,98273,3951,570,1985,Europe
2020-04-10,Spain,158273,16081,55668,86524,5051,634,3503,Europe
2020-04-10,US,497943,22731,28790,446422,33501,2093,3380,Americas
2020-04-10,United Kingdom,86660,10784,588,75288,4367,1153,229,Europe
2020-04-11,Canada,23303,653,0,22650,1257,97,0,Americas
2020-04-11,France,94863,13851,26663,54349,3125,636,1468,Europe
2020-04-11,Germany,124908,2736,57400,64772,2737,-31,3487,Europe
2020-04-11,Italy,152271,19468,32534,100269,4694,619,2079,Europe
2020-04-11,Spain,163027,16606,59109,87312,4754,525,3441,Europe
2020-04-11,US,527969,24777,31270,471922,30026,2046,2480,Americas
2020-04-11,United Kingdom,90273,11625,622,78026,3613,841,34,Europe
2020-04-12,Canada,24286,713,0,23573,983,60,0,Americas
2020-04-12,France,121712,14412,27469,79831,26849,561,806,Europe
2020-04-12,Germany,127854,3022,60300,64532,2946,286,2900,Europe
2020-04-12,Italy,156363,19899,34211,102253,4092,431,1677,Europe
2020-04-12,Spain,166831,17209,62391,87231,3804,603,3282,Europe
2020-04-12,US,556522,26548,32988,496986,28553,1771,1718,Americas
2020-04-12,United Kingdom,93812,12311,626,80875,3539,686,4,Europe
2020-04-13,Canada,25667,780,0,24887,1381,67,0,Americas
2020-04-13,France,125394,14986,28001,82407,3682,574,532,Europe
2020-04-13,Germany,130072,3194,64300,62578,2218,172,4000,Europe
2020-04-13,Italy,159516,20465,35435,103616,3153,566,1224,Europe
2020-04-13,Spain,170099,17756,64727,87616,3268,547,2336,Europe
2020-04-13,US,581813,28376,43482,509955,25291,1828,10494,Americas
2020-04-13,United Kingdom,98017,13056,304,84657,4205,745,-322,Europe
2020-04-14,Canada,27022,900,0,26122,1355,120,0,Americas
2020-04-14,France,130365,15731,28805,85829,4971,745,804,Europe
2020-04-14,Germany,131359,3294,68200,59865,1287,100,3900,Europe
2020-04-14,Italy,162488,21067,37130,104291,2972,602,1695,Europe
2020-04-14,Spain,172541,18056,67504,86981,2442,300,2777,Europe
2020-04-14,US,608878,30780,47763,530335,27065,2404,4281,Americas
2020-04-14,United Kingdom,102365,14107,323,87935,4348,1051,19,Europe
2020-04-15,Canada,28196,1007,0,27189,1174,107,0,Americas
2020-04-15,France,133585,17169,30955,85461,3220,1438,2150,Europe
2020-04-15,Germany,134753,3804,72600,58349,3394,510,4400,Europe
2020-04-15,Italy,165155,21645,38092,105418,2667,578,962,Europe
2020-04-15,Spain,177644,18708,70853,88083,5103,652,3349,Europe
2020-04-15,US,637974,33329,52096,552549,29096,2549,4333,Americas
2020-04-15,United Kingdom,107465,14953,368,92144,5100,846,45,Europe
2020-04-16,Canada,30796,1258,0,29538,2600,251,0,Americas
2020-04-16,France,146075,17922,32812,95341,12490,753,1857,Europe
2020-04-16,Germany,137698,4052,77000,56646,2945,248,4400,Europe
2020-04-16,Italy,168941,22170,40164,106607,3786,525,2072,Europe
2020-04-16,Spain,184948,19315,74797,90836,7304,607,3944,Europe
2020-04-16,US,669272,35442,54703,579127,31298,2113,2607,Americas
2020-04-16,United Kingdom,112808,15986,375,96447,5343,1033,7,Europe
2020-04-17,Canada,32801,1355,0,31446,2005,97,0,Americas
2020-04-17,France,148084,18683,34420,94981,2009,761,1608,Europe
2020-04-17,Germany,141397,4352,83114,53931,3699,300,6114,Europe
2020-04-17,Italy,172434,22745,42727,106962,3493,575,2563,Europe
2020-04-17,Spain,190839,20002,74797,96040,5891,687,0,Europe
2020-04-17,US,701996,38056,58545,605395,32724,2614,3842,Americas
2020-04-17,United Kingdom,117798,16923,394,100481,4990,937,19,Europe
2020-04-18,Canada,34343,1400,0,32943,1542,45,0,Americas
2020-04-18,France,148086,19325,35983,92778,2,642,1563,Europe
2020-04-18,Germany,143342,4459,85400,53483,1945,107,2286,Europe
2020-04-18,Italy,175925,23227,44927,107771,3491,482,2200,Europe
2020-04-18,Spain,191726,20043,74797,96886,887,41,0,Europe
2020-04-18,US,730337,40442,64840,625055,28341,2386,6295,Americas
2020-04-18,United Kingdom,122534,18041,414,104079,4736,1118,20,Europe
2020-04-19,Canada,35620,1564,0,34056,1277,164,0,Americas
2020-04-19,France,153011,19720,36578,96713,4925,395,595,Europe
2020-04-19,Germany,145184,4586,88000,52598,1842,127,2600,Europe
2020-04-19,Italy,178972,23660,47055,108257,3047,433,2128,Europe
2020-04-19,Spain,198674,20453,77357,100864,6948,410,2560,Europe
2020-04-19,US,756375,41671,70337,644367,26038,1229,5497,Americas
2020-04-19,United Kingdom,126394,18540,436,107418,3860,499,22,Europe
2020-04-20,Canada,37645,1726,0,35919,2025,162,0,Americas
2020-04-20,France,155393,20267,37409,97717,2382,547,831,Europe
2020-04-20,Germany,147065,4862,91500,50703,1881,276,3500,Europe
2020-04-20,Italy,181228,24114,48877,108237,2256,454,1822,Europe
2020-04-20,Spain,200210,20852,80587,98771,1536,399,3230,Europe
2020-04-20,US,783716,43466,72329,667921,27341,1795,1992,Americas
2020-04-20,United Kingdom,131260,19105,446,111709,4866,565,10,Europe
2020-04-21,Canada,39389,1909,0,37480,1744,183,0,Americas
2020-04-21,France,158168,20798,39181,98189,2775,531,1772,Europe
2020-04-21,Germany,148291,5033,95200,48058,1226,171,3700,Europe
2020-04-21,Italy,183957,24648,51600,107709,2729,534,2723,Europe
2020-04-21,Spain,204178,21282,82514,100382,3968,430,1927,Europe
2020-04-21,US,809318,45923,75204,688191,25602,2457,2875,Americas
2020-04-21,United Kingdom,136035,20278,638,115119,4775,1173,192,Europe
2020-04-22,Canada,41650,2077,0,39573,2261,168,0,Americas
2020-04-22,France,155980,21342,40657,93981,0,544,1476,Europe
2020-04-22,Germany,150648,5279,99400,45969,2357,246,4200,Europe
2020-04-22,Italy,187327,25085,54543,107699,3370,437,2943,Europe
2020-04-22,Spain,208389,21717,85915,100757,4211,435,3401,Europe
2020-04-22,US,837422,48312,77366,711744,28104,2389,2162,Americas
2020-04-22,United Kingdom,141540,21125,683,119732,5505,847,45,Europe
2020-04-23,Canada,43286,2240,0,41046,1636,163,0,Americas
2020-04-23,France,158303,21858,42088,94357,2323,516,1431,Europe
2020-04-23,Germany,153129,5575,103300,44254,2481,296,3900,Europe
2020-04-23,Italy,189973,25549,57576,106848,2646,464,3033,Europe
2020-04-23,Spain,213024,22157,89250,101617,4635,440,3335,Europe
2020-04-23,US,871617,50749,80203,740665,34195,2437,2837,Americas
2020-04-23,United Kingdom,146708,21854,712,124142,5168,729,29,Europe
2020-04-24,Canada,44906,2401,0,42505,1620,161,0,Americas
2020-04-24,France,159952,22248,43493,94211,1649,390,1405,Europe
2020-04-24,Germany,154999,5760,109800,39439,1870,185,6500,Europe
2020-04-24,Italy,192994,25969,60498,106527,3021,420,2922,Europe
2020-04-24,Spain,202990,22524,92355,88111,0,367,3105,Europe
2020-04-24,US,907908,52867,99079,755962,36291,2118,18876,Americas
2020-04-24,United Kingdom,151689,22868,724,128097,4981,1014,12,Europe
2020-04-25,Canada,46358,2570,0,43788,1452,169,0,Americas
2020-04-25,France,161644,22617,44594,94433,1692,369,1101,Europe
2020-04-25,Germany,156513,5877,109800,40836,1514,117,0,Europe
2020-04-25,Italy,195351,26384,63120,105847,2357,415,2622,Europe
2020-04-25,Spain,205905,22902,95708,87295,2915,378,3353,Europe
2020-04-25,US,940829,54517,100372,785940,32921,1650,1293,Americas
2020-04-25,United Kingdom,155453,23712,774,130967,3764,844,50,Europe
2020-04-26,Canada,48020,2686,0,45334,1662,116,0,Americas
2020-04-26,France,162220,22859,44903,94458,576,242,309,Europe
2020-04-26,Germany,157770,5976,112000,39794,1257,99,2200,Europe
2020-04-26,Italy,197675,26644,64928,106103,2324,260,1808,Europe
2020-04-26,Spain,207634,23190,98372,86072,1729,288,2664,Europe
2020-04-26,US,968518,55810,106988,805720,27689,1293,6616,Americas
2020-04-26,United Kingdom,158926,24132,778,134016,3473,420,4,Europe
2020-04-27,Canada,49603,2840,0,46763,1583,154,0,Americas
2020-04-27,France,165963,23296,45513,97154,3743,437,610,Europe
2020-04-27,Germany,158758,6126,114500,38132,988,150,2500,Europe
2020-04-27,Italy,199414,26977,66624,105813,1739,333,1696,Europe
2020-04-27,Spain,209465,23521,100875,85069,1831,331,2503,Europe
2020-04-27,US,990983,57235,111424,822324,22465,1425,4436,Americas
2020-04-27,United Kingdom,163630,24473,807,138350,4704,341,29,Europe
2020-04-28,Canada,51137,2982,0,48155,1534,142,0,Americas
2020-04-28,France,169053,23663,46886,98504,3090,367,1373,Europe
2020-04-28,Germany,159912,6314,117400,36198,1154,188,2900,Europe
2020-04-28,Italy,201505,27359,68941,105205,2091,382,2317,Europe
2020-04-28,Spain,210773,23822,102548,84403,1308,301,1673,Europe
2020-04-28,US,1015518,59454,115936,840128,24535,2219,4512,Americas
2020-04-28,United Kingdom,168357,25386,813,142158,4727,913,6,Europe
2020-04-29,Canada,52852,3154,0,49698,1715,172,0,Americas
2020-04-29,France,166543,24090,48228,94225,0,427,1342,Europe
2020-04-29,Germany,161539,6467,120400,34672,1627,153,3000,Europe
2020-04-29,Italy,203591,27682,71252,104657,2086,323,2311,Europe
2020-04-29,Spain,212917,24275,108947,79695,2144,453,6399,Europe
2020-04-29,US,1043038,61960,120720,860358,27520,2506,4784,Americas
2020-04-29,United Kingdom,173807,26183,857,146767,5450,797,44,Europe
2020-04-30,Canada,54444,3309,0,51135,1592,155,0,Americas
2020-04-30,France,167299,24379,49476,93444,756,289,1248,Europe
2020-04-30,Germany,163009,6623,123500,32886,1470,156,3100,Europe
2020-04-30,Italy,205463,27967,75945,101551,1872,285,4693,Europe
2020-04-30,Spain,213435,24543,112050,76842,518,268,3103,Europe
2020-04-30,US,1072667,64256,153947,854464,29629,2296,33227,Americas
2020-04-30,United Kingdom,178771,26859,859,151053,4964,676,2,Europe
2020-05-01,Canada,56329,3536,0,52793,1885,227,0,Americas
2020-05-01,France,167305,24597,50212,92496,6,218,736,Europe
2020-05-01,Germany,164077,6736,126900,30441,1068,113,3400,Europe
2020-05-01,Italy,207428,28236,78249,100943,1965,269,2304,Europe
2020-05-01,Spain,215216,24543,112050,78623,1781,0,0,Europe
2020-05-01,US,1106829,66125,164015,876689,34162,1869,10068,Americas
2020-05-01,United Kingdom,183501,27601,892,155008,4730,742,33,Europe
2020-05-02,Canada,57912,3683,0,54229,1583,147,0,Americas
2020-05-02,France,168518,24763,50663,93092,1213,166,451,Europe
2020-05-02,Germany,164967,6812,129000,29155,890,76,2100,Europe
2020-05-02,Italy,209328,28710,79914,100704,1900,474,1665,Europe
2020-05-02,Spain,216582,25100,117248,74234,1366,557,5198,Europe
2020-05-02,US,1136024,67681,175382,892961,29195,1556,11367,Americas
2020-05-02,United Kingdom,186731,28223,896,157612,3230,622,4,Europe
2020-05-03,Canada,60490,3794,0,56696,2578,111,0,Americas
2020-05-03,France,168925,24900,50885,93140,407,137,222,Europe
2020-05-03,Germany,165664,6866,130600,28198,697,54,1600,Europe
2020-05-03,Italy,210717,28884,81654,100179,1389,174,1740,Europe
2020-05-03,Spain,217466,25264,118902,73300,884,164,1654,Europe
2020-05-03,US,1161611,68777,180152,912682,25587,1096,4770,Americas
2020-05-03,United Kingdom,189708,28538,901,160269,2977,315,5,Europe
2020-05-04,Canada,61943,4002,0,57941,1453,208,0,Americas
2020-05-04,France,169583,25204,51476,92903,658,304,591,Europe
2020-05-04,Germany,166152,6993,132700,26459,488,127,2100,Europe
2020-05-04,Italy,211938,29079,82879,99980,1221,195,1225,Europe
2020-05-04,Spain,218011,25428,121343,71240,545,164,2441,Europe
2020-05-04,US,1184086,70086,187180,926820,22475,1309,7028,Americas
2020-05-04,United Kingdom,193091,28827,910,163354,3383,289,9,Europe
2020-05-05,Canada,63201,4189,0,59012,1258,187,0,Americas
2020-05-05,France,170687,25537,52842,92308,1104,333,1366,Europe
2020-05-05,Germany,167007,6993,135100,24914,855,0,2400,Europe
2020-05-05,Italy,213013,29315,85231,98467,1075,236,2352,Europe
2020-05-05,Spain,219329,25613,123486,70230,1318,185,2143,Europe
2020-05-05,US,1208271,72393,189791,946087,24185,2307,2611,Americas
2020-05-05,United Kingdom,196780,29520,926,166334,3689,693,16,Europe
2020-05-06,Canada,64680,4365,0,60315,1479,176,0,Americas
2020-05-06,France,174224,25812,54079,94333,3537,275,1237,Europe
2020-05-06,Germany,168162,7275,139900,20987,1155,282,4800,Europe
2020-05-06,Italy,214457,29684,93245,91528,1444,369,8014,Europe
2020-05-06,Spain,220325,25857,126002,68466,996,244,2516,Europe
2020-05-06,US,1233527,74851,189910,968766,25256,2458,119,Americas
2020-05-06,United Kingdom,200616,30172,934,169510,3836,652,8,Europe
2020-05-07,Canada,66187,4540,0,61647,1507,175,0,Americas
2020-05-07,France,174918,25990,55191,93737,694,178,1112,Europe
2020-05-07,Germany,169430,7392,141700,20338,1268,117,1800,Europe
2020-05-07,Italy,215858,29958,96276,89624,1401,274,3031,Europe
2020-05-07,Spain,221447,26070,128511,66866,1122,213,2509,Europe
2020-05-07,US,1261409,76770,195036,989603,27882,1919,5126,Americas
2020-05-07,United Kingdom,204387,30712,970,172705,3771,540,36,Europe
2020-05-08,Canada,67660,4696,0,62964,1473,156,0,Americas
2020-05-08,France,176202,26233,55892,94077,1284,243,701,Europe
2020-05-08,Germany,170588,7510,141700,21378,1158,118,0,Europe
2020-05-08,Italy,217185,30201,99023,87961,1327,243,2747,Europe
2020-05-08,Spain,222857,26299,131148,65410,1410,229,2637,Europe
2020-05-08,US,1288587,78497,198993,1011097,27178,1727,3957,Americas
2020-05-08,United Kingdom,207439,31340,997,175102,3052,628,27,Europe
2020-05-09,Canada,68904,4822,0,64082,1244,126,0,Americas
2020-05-09,France,176782,26313,56148,94321,580,80,256,Europe
2020-05-09,Germany,171324,7549,143300,20475,736,39,1600,Europe
2020-05-09,Italy,218268,30395,103031,84842,1083,194,4008,Europe
2020-05-09,Spain,223578,26478,133952,63148,721,179,2804,Europe
2020-05-09,US,1314320,79976,212534,1021810,25733,1479,13541,Americas
2020-05-09,United Kingdom,209589,31685,1001,176903,2150,345,4,Europe
2020-05-10,Canada,70077,4990,0,65087,1173,168,0,Americas
2020-05-10,France,177094,26383,56327,94384,312,70,179,Europe
2020-05-10,Germany,171879,7569,144400,19910,555,20,1100,Europe
2020-05-10,Italy,219070,30560,105186,83324,802,165,2155,Europe
2020-05-10,Spain,224350,26621,136166,61563,772,143,2214,Europe
2020-05-10,US,1334084,80855,216169,1037060,19764,879,3635,Americas
2020-05-10,United Kingdom,211911,31954,1002,178955,2322,269,1,Europe
2020-05-11,Canada,71250,5114,0,66136,1173,124,0,Americas
2020-05-11,France,177547,26646,56835,94066,453,263,508,Europe
2020-05-11,Germany,172576,7661,145617,19298,697,92,1217,Europe
2020-05-11,Italy,219814,30739,106587,82488,744,179,1401,Europe
2020-05-11,Spain,227436,26744,137139,63553,3086,123,973,Europe
2020-05-11,US,1352962,81868,232733,1038361,18878,1013,16564,Americas
2020-05-11,United Kingdom,215500,32166,1015,182319,3589,212,13,Europe
2020-05-12,Canada,72405,5299,0,67106,1155,185,0,Americas
2020-05-12,France,178349,26994,57898,93457,802,348,1063,Europe
2020-05-12,Germany,173171,7738,147200,18233,595,77,1583,Europe
2020-05-12,Italy,221216,30911,109039,81266,1402,172,2452,Europe
2020-05-12,Spain,228030,26920,138980,62130,594,176,1841,Europe
2020-05-12,US,1375152,83483,230287,1061382,22190,1615,-2446,Americas
2020-05-12,United Kingdom,218895,32797,1023,185075,3395,631,8,Europe
2020-05-13,Canada,73554,5424,0,68130,1149,125,0,Americas
2020-05-13,France,178184,27077,58786,92321,0,83,888,Europe
2020-05-13,Germany,174098,7861,148700,17537,927,123,1500,Europe
2020-05-13,Italy,222104,31106,112541,78457,888,195,3502,Europe
2020-05-13,Spain,228691,27104,140823,60764,661,184,1843,Europe
2020-05-13,US,1396110,85234,243430,1067446,20958,1751,13143,Americas
2020-05-13,United Kingdom,222195,33294,1032,187869,3300,497,9,Europe
2020-05-14,Canada,74767,5591,0,69176,1213,167,0,Americas
2020-05-14,France,178994,27428,59719,91847,810,351,933,Europe
2020-05-14,Germany,174478,7884,150300,16294,380,23,1600,Europe
2020-05-14,Italy,223096,31368,115288,76440,992,262,2747,Europe
2020-05-14,Spain,229540,27321,143374,58845,849,217,2551,Europe
2020-05-14,US,1423727,87008,246414,1090305,27617,1774,2984,Americas
2020-05-14,United Kingdom,224813,33723,1043,190047,2618,429,11,Europe
2020-05-15,Canada,75945,5678,0,70267,1178,87,0,Americas
2020-05-15,France,179630,27532,60562,91536,636,104,843,Europe
2020-05-15,Germany,175233,7897,151597,15739,755,13,1297,Europe
2020-05-15,Italy,223885,31610,120205,72070,789,242,4917,Europe
2020-05-15,Spain,230183,27459,144783,57941,643,138,1409,Europe
2020-05-15,US,1449027,88669,250747,1109611,25300,1661,4333,Americas
2020-05-15,United Kingdom,227334,34108,1047,192179,2521,385,4,Europe
2020-05-16,Canada,77192,5799,0,71393,1247,121,0,Americas
2020-05-16,France,179630,27532,60562,91536,0,0,0,Europe
2020-05-16,Germany,175752,7938,152600,15214,519,41,1003,Europe
2020-05-16,Italy,224760,31763,122810,70187,875,153,2605,Europe
2020-05-16,Spain,230698,27563,146446,56689,515,104,1663,Europe
2020-05-16,US,1474128,89892,268376,1115860,25101,1223,17629,Americas
2020-05-16,United Kingdom,229406,34588,1058,193760,2072,480,11,Europe
2020-05-17,Canada,78318,5902,0,72416,1126,103,0,Americas
2020-05-17,France,179693,28111,61327,90255,63,579,765,Europe
2020-05-17,Germany,176369,7962,154011,14396,617,24,1411,Europe
2020-05-17,Italy,225435,31908,125176,68351,675,145,2366,Europe
2020-05-17,Spain,230698,27563,146446,56689,0,0,0,Europe
2020-05-17,US,1493132,90644,272265,1130223,19004,752,3889,Americas
2020-05-17,United Kingdom,231232,34758,1058,195416,1826,170,0,Europe
2020-05-18,Canada,79397,5959,0,73438,1079,57,0,Americas
2020-05-18,France,180051,28242,61843,89966,358,131,516,Europe
2020-05-18,Germany,176551,8003,155041,13507,182,41,1030,Europe
2020-05-18,Italy,225886,32007,127326,66553,451,99,2150,Europe
2020-05-18,Spain,231606,27709,150376,53521,908,146,3930,Europe
2020-05-18,US,1514901,91414,283178,1140309,21769,770,10913,Americas
2020-05-18,United Kingdom,233809,34918,1090,197801,2577,160,32,Europe
2020-05-19,Canada,80479,6027,0,74452,1082,68,0,Americas
2020-05-19,France,180933,28025,62678,90230,882,-217,835,Europe
2020-05-19,Germany,177778,8081,155681,14016,1227,78,640,Europe
2020-05-19,Italy,226699,32169,129401,65129,813,162,2075,Europe
2020-05-19,Spain,232037,27778,150376,53883,431,69,0,Europe
2020-05-19,US,1535350,92965,289392,1152993,20449,1551,6214,Americas
2020-05-19,United Kingdom,236867,35467,1099,200301,3058,549,9,Europe
2020-05-20,Canada,81561,6149,0,75412,1082,122,0,Americas
2020-05-20,France,181700,28135,63472,90093,767,110,794,Europe
2020-05-20,Germany,178473,8144,156966,13363,695,63,1285,Europe
2020-05-20,Italy,227364,32330,132282,62752,665,161,2881,Europe
2020-05-20,Spain,232555,27888,150376,54291,518,110,0,Europe
2020-05-20,US,1559157,94533,294312,1170312,23807,1568,4920,Americas
2020-05-20,United Kingdom,239579,35837,1116,202626,2712,370,17,Europe
2020-05-21,Canada,82728,6266,0,76462,1167,117,0,Americas
2020-05-21,France,181951,28218,63976,89757,251,83,504,Europe
2020-05-21,Germany,179021,8203,158087,12731,548,59,1121,Europe
2020-05-21,Italy,228006,32486,134560,60960,642,156,2278,Europe
2020-05-21,Spain,233037,27940,150376,54721,482,52,0,Europe
2020-05-21,US,1584512,95756,298418,1190338,25355,1223,4106,Americas
2020-05-21,United Kingdom,242133,36175,1134,204824,2554,338,18,Europe
2020-05-22,Canada,83933,6359,0,77574,1205,93,0,Americas
2020-05-22,France,182354,28292,64327,89735,403,74,351,Europe
2020-05-22,Germany,179710,8228,159064,12418,689,25,977,Europe
2020-05-22,Italy,228658,32616,136720,59322,652,130,2160,Europe
2020-05-22,Spain,234824,28628,150376,55820,1787,688,0,Europe
2020-05-22,US,1608653,97025,350135,1161493,24141,1269,51717,Americas
2020-05-22,United Kingdom,244174,36533,1142,206499,2041,358,8,Europe
2020-05-23,Canada,85137,6465,0,78672,1204,106,0,Americas
2020-05-23,France,182694,28335,64665,89694,340,43,338,Europe
2020-05-23,Germany,179986,8261,159716,12009,276,33,652,Europe
2020-05-23,Italy,229327,32735,138840,57752,669,119,2120,Europe
2020-05-23,Spain,235290,28678,150376,56236,466,50,0,Europe
2020-05-23,US,1630476,98146,361239,1171091,21823,1121,11104,Americas
2020-05-23,United Kingdom,245682,36816,1149,207717,1508,283,7,Europe
2020-05-24,Canada,86092,6533,0,79559,955,68,0,Americas
2020-05-24,France,182709,28370,64735,89604,15,35,70,Europe
2020-05-24,Germany,180328,8283,160281,11764,342,22,565,Europe
2020-05-24,Italy,229858,32785,140479,56594,531,50,1639,Europe
2020-05-24,Spain,235772,28752,150376,56644,482,74,0,Europe
2020-05-24,US,1651289,98754,366736,1185799,20813,608,5497,Americas
2020-05-24,United Kingdom,247037,37257,1151,208629,1355,441,2,Europe
2020-05-25,Canada,87105,6654,0,80451,1013,121,0,Americas
2020-05-25,France,183067,28460,65317,89290,358,90,582,Europe
2020-05-25,Germany,180600,8309,161199,11092,272,26,918,Europe
2020-05-25,Italy,230158,32877,141981,55300,300,92,1502,Europe
2020-05-25,Spain,235400,26834,150376,58190,0,-1918,0,Europe
2020-05-25,US,1670280,99267,379157,1191856,18991,513,12421,Americas
2020-05-25,United Kingdom,248650,37379,1161,210110,1613,122,10,Europe
2020-05-26,Canada,88076,6752,0,81324,971,98,0,Americas
2020-05-26,France,182847,28533,65997,88317,0,73,680,Europe
2020-05-26,Germany,181200,8372,161967,10861,600,63,768,Europe
2020-05-26,Italy,230555,32955,144658,52942,397,78,2677,Europe
2020-05-26,Spain,236259,27117,150376,58766,859,283,0,Europe
2020-05-26,US,1689163,99952,384902,1204309,18883,685,5745,Americas
2020-05-26,United Kingdom,250309,37515,1161,211633,1659,136,0,Europe
2020-05-27,Canada,88975,6875,0,82100,899,123,0,Americas
2020-05-27,France,183038,28599,66702,87737,191,66,705,Europe
2020-05-27,Germany,181524,8428,162820,10276,324,56,853,Europe
2020-05-27,Italy,231139,33072,147101,50966,584,117,2443,Europe
2020-05-27,Spain,236259,27117,150376,58766,0,0,0,Europe
2020-05-27,US,1707445,101461,391508,1214476,18282,1509,6606,Americas
2020-05-27,United Kingdom,252118,37958,1166,212994,1809,443,5,Europe
2020-05-28,Canada,89962,6981,0,82981,987,106,0,Americas
2020-05-28,France,186364,28665,67309,90390,3326,66,607,Europe
2020-05-28,Germany,182196,8470,163360,10366,672,42,540,Europe
2020-05-28,Italy,231732,33142,150604,47986,593,70,3503,Europe
2020-05-28,Spain,237906,27119,150376,60411,1647,2,0,Europe
2020-05-28,US,1730260,102643,399991,1227626,22815,1182,8483,Americas
2020-05-28,United Kingdom,253854,38374,1167,214313,1736,416,1,Europe
2020-05-29,Canada,90895,7062,0,83833,933,81,0,Americas
2020-05-29,France,186923,28717,67921,90285,559,52,612,Europe
2020-05-29,Germany,182922,8504,164245,10173,726,34,885,Europe
2020-05-29,Italy,232248,33229,152844,46175,516,87,2240,Europe
2020-05-29,Spain,238564,27121,150376,61067,658,2,0,Europe
2020-05-29,US,1754764,103809,406446,1244509,24504,1166,6455,Americas
2020-05-29,United Kingdom,255362,38747,1172,215443,1508,373,5,Europe
2020-05-30,Canada,91667,7158,0,84509,772,96,0,Americas
2020-05-30,France,188752,28774,68386,91592,1829,57,465,Europe
2020-05-30,Germany,183189,8530,164908,9751,267,26,663,Europe
2020-05-30,Italy,232664,33340,155633,43691,416,111,2789,Europe
2020-05-30,Spain,239228,27125,150376,61727,664,4,0,Europe
2020-05-30,US,1779214,104778,416461,1257975,24450,969,10015,Americas
2020-05-30,United Kingdom,256469,38977,1187,216305,1107,230,15,Europe
2020-05-31,Canada,92465,7373,0,85092,798,215,0,Americas
2020-05-31,France,189009,28805,68473,91731,257,31,87,Europe
2020-05-31,Germany,183410,8540,165352,9518,221,10,444,Europe
2020-05-31,Italy,232997,33415,157507,42075,333,75,1874,Europe
2020-05-31,Spain,239479,27127,150376,61976,251,2,0,Europe
2020-05-31,US,1799124,105364,444758,1249002,19910,586,28297,Americas
2020-05-31,United Kingdom,257539,39092,1190,217257,1070,115,3,Europe
2020-06-01,Canada,93274,7403,0,85871,809,30,0,Americas
2020-06-01,France,189348,28836,68558,91954,339,31,85,Europe
2020-06-01,Germany,183594,8555,165632,9407,184,15,280,Europe
2020-06-01,Italy,233197,33475,158355,41367,200,60,848,Europe
2020-06-01,Spain,239638,27127,150376,62135,159,0,0,Europe
2020-06-01,US,1816479,106136,458231,1252112,17355,772,13473,Americas
2020-06-01,United Kingdom,258983,39203,1221,218559,1444,111,31,Europe
2020-06-02,Canada,93947,7477,0,86470,673,74,0,Americas
2020-06-02,France,188582,28943,68930,90709,0,107,372,Europe
2020-06-02,Germany,183879,8563,166609,8707,285,8,977,Europe
2020-06-02,Italy,233515,33530,160092,39893,318,55,1737,Europe
2020-06-02,Spain,239932,27127,150376,62429,294,0,0,Europe
2020-06-02,US,1837374,107169,463868,1266337,20895,1033,5637,Americas
2020-06-02,United Kingdom,260453,39530,1224,219699,1470,327,3,Europe
2020-06-03,Canada,94628,7578,0,87050,681,101,0,Americas
2020-06-03,France,188934,29024,69573,90337,352,81,643,Europe
2020-06-03,Germany,184121,8602,167453,8066,242,39,844,Europe
2020-06-03,Italy,233836,33601,160938,39297,321,71,846,Europe
2020-06-03,Spain,240326,27128,150376,62822,394,1,0,Europe
2020-06-03,US,1857332,108159,479258,1269915,19958,990,15390,Americas
2020-06-03,United Kingdom,261802,39895,1212,220695,1349,365,-12,Europe
2020-06-04,Canada,95256,7716,0,87540,628,138,0,Americas
2020-06-04,France,189701,29068,70094,90539,767,44,521,Europe
2020-06-04,Germany,184472,8635,167909,7928,351,33,456,Europe
2020-06-04,Italy,234013,33689,161895,38429,177,88,957,Europe
2020-06-04,Spain,240660,27133,150376,63151,334,5,0,Europe
2020-06-04,US,1878683,109168,485002,1284513,21351,1009,5744,Americas
2020-06-04,United Kingdom,263040,40072,1219,221749,1238,177,7,Europe
2020-06-05,Canada,95934,7777,0,88157,678,61,0,Americas
2020-06-05,France,190312,29114,70622,90576,611,46,528,Europe
2020-06-05,Germany,184924,8658,168480,7786,452,23,571,Europe
2020-06-05,Italy,234531,33774,163781,36976,518,85,1886,Europe
2020-06-05,Spain,240978,27134,150376,63468,318,1,0,Europe
2020-06-05,US,1903907,110138,491706,1302063,25224,970,6704,Americas
2020-06-05,United Kingdom,264150,40430,1228,222492,1110,358,9,Europe
2020-06-06,Canada,96462,7849,0,88613,528,72,0,Americas
2020-06-06,France,190891,29145,70924,90822,579,31,302,Europe
2020-06-06,Germany,185450,8673,168958,7819,526,15,478,Europe
2020-06-06,Italy,234801,33846,165078,35877,270,72,1297,Europe
2020-06-06,Spain,241310,27135,150376,63799,332,1,0,Europe
2020-06-06,US,1926639,110818,500849,1314972,22732,680,9143,Americas
2020-06-06,United Kingdom,264944,40637,1230,223077,794,207,2,Europe
2020-06-07,Canada,97165,7876,0,89289,703,27,0,Americas
2020-06-07,France,191234,29158,70961,91115,343,13,37,Europe
2020-06-07,Germany,185750,8685,169224,7841,300,12,266,Europe
2020-06-07,Italy,234998,33899,165837,35262,197,53,759,Europe
2020-06-07,Spain,241550,27136,150376,64038,240,1,0,Europe
2020-06-07,US,1944370,111269,506367,1326734,17731,451,5518,Americas
2020-06-07,United Kingdom,265662,40714,1239,223709,718,77,9,Europe
2020-06-08,Canada,97766,7909,0,89857,601,33,0,Americas
2020-06-08,France,191445,29212,71182,91051,211,54,221,Europe
2020-06-08,Germany,186109,8695,169556,7858,359,10,332,Europe
2020-06-08,Italy,235278,33964,166584,34730,280,65,747,Europe
2020-06-08,Spain,241717,27136,150376,64205,167,0,0,Europe
2020-06-08,US,1961785,111774,518522,1331489,17415,505,12155,Americas
2020-06-08,United Kingdom,266756,40769,1255,224732,1094,55,16,Europe
2020-06-09,Canada,98228,7969,0,90259,462,60,0,Americas
2020-06-09,France,191849,29299,71626,90924,404,87,444,Europe
2020-06-09,Germany,186506,8736,170129,7641,397,41,573,Europe
2020-06-09,Italy,235561,34043,168646,32872,283,79,2062,Europe
2020-06-09,Spain,241966,27136,150376,64454,249,0,0,Europe
2020-06-09,US,1979912,112714,524855,1342343,18127,940,6333,Americas
2020-06-09,United Kingdom,267915,41060,1257,225598,1159,291,2,Europe
2020-06-10,Canada,98707,8037,0,90670,479,68,0,Americas
2020-06-10,France,192394,29322,71952,91120,545,23,326,Europe
2020-06-10,Germany,186522,8752,170630,7140,16,16,501,Europe
2020-06-10,Italy,235763,34114,169939,31710,202,71,1293,Europe
2020-06-10,Spain,242280,27136,150376,64768,314,0,0,Europe
2020-06-10,US,2000706,113631,533504,1353571,20794,917,8649,Americas
2020-06-10,United Kingdom,269101,41310,1269,226522,1186,250,12,Europe
2020-06-11,Canada,99146,8070,0,91076,439,33,0,Americas
2020-06-11,France,192819,29349,72269,91201,425,27,317,Europe
2020-06-11,Germany,186691,8772,170961,6958,169,20,331,Europe
2020-06-11,Italy,236142,34167,171338,30637,379,53,1399,Europe
2020-06-11,Spain,242707,27136,150376,65195,427,0,0,Europe
2020-06-11,US,2023656,114512,540292,1368852,22950,881,6788,Americas
2020-06-11,United Kingdom,270108,41462,1278,227368,1007,152,9,Europe
2020-06-12,Canada,99582,8124,0,91458,436,54,0,Americas
2020-06-12,France,193546,29377,72695,91474,727,28,426,Europe
2020-06-12,Germany,187226,8783,171535,6908,535,11,574,Europe
2020-06-12,Italy,236305,34223,173085,28997,163,56,1747,Europe
2020-06-12,Spain,243209,27136,150376,65697,502,0,0,Europe
2020-06-12,US,2048986,115334,547386,1386266,25330,822,7094,Americas
2020-06-12,United Kingdom,271162,41666,1282,228214,1054,204,4,Europe
2020-06-13,Canada,100030,8182,0,91848,448,58,0,Americas
2020-06-13,France,194072,29401,72931,91740,526,24,236,Europe
2020-06-13,Germany,187267,8793,171970,6504,41,10,435,Europe
2020-06-13,Italy,236651,34301,174865,27485,346,78,1780,Europe
2020-06-13,Spain,243605,27136,150376,66093,396,0,0,Europe
2020-06-13,US,2074542,116084,556606,1401852,25556,750,9220,Americas
2020-06-13,United Kingdom,272050,41849,1283,228918,888,183,1,Europe
2020-06-14,Canada,100391,8217,0,92174,361,35,0,Americas
2020-06-14,France,194479,29410,72982,92087,407,9,51,Europe
2020-06-14,Germany,187518,8801,172089,6628,251,8,119,Europe
2020-06-14,Italy,236989,34345,176370,26274,338,44,1505,Europe
2020-06-14,Spain,243928,27136,150376,66416,323,0,0,Europe
2020-06-14,US,2094366,116382,561816,1416168,19824,298,5210,Americas
2020-06-14,United Kingdom,272857,41885,1283,229689,807,36,0,Europe
2020-06-15,Canada,100750,8227,0,92523,359,10,0,Americas
2020-06-15,France,194631,29439,73168,92024,152,29,186,Europe
2020-06-15,Germany,187682,8807,172692,6183,164,6,603,Europe
2020-06-15,Italy,237290,34371,177010,25909,301,26,640,Europe
2020-06-15,Spain,244109,27136,150376,66597,181,0,0,Europe
2020-06-15,US,2114026,116773,576334,1420919,19660,391,14518,Americas
2020-06-15,United Kingdom,273888,41923,1284,230681,1031,38,1,Europe
2020-06-16,Canada,101074,8270,0,92804,324,43,0,Americas
2020-06-16,France,194975,29550,73459,91966,344,111,291,Europe
2020-06-16,Germany,188252,8820,172842,6590,570,13,150,Europe
2020-06-16,Italy,237500,34405,178526,24569,210,34,1516,Europe
2020-06-16,Spain,244328,27136,150376,66816,219,0,0,Europe
2020-06-16,US,2137731,117612,583503,1436616,23705,839,7169,Americas
2020-06-16,United Kingdom,274971,42159,1293,231519,1083,236,9,Europe
2020-06-17,Canada,101478,8311,0,93167,404,41,0,Americas
2020-06-17,France,195433,29578,73791,92064,458,28,332,Europe
2020-06-17,Germany,188604,8851,173599,6154,352,31,757,Europe
2020-06-17,Italy,237828,34448,179455,23925,328,43,929,Europe
2020-06-17,Spain,244683,27136,150376,67171,355,0,0,Europe
2020-06-17,US,2163290,118363,592191,1452736,25559,751,8688,Americas
2020-06-17,United Kingdom,275970,42343,1304,232323,999,184,11,Europe
2020-06-18,Canada,101864,8360,0,93504,386,49,0,Americas
2020-06-18,France,195900,29606,74011,92283,467,28,220,Europe
2020-06-18,Germany,189817,8875,173847,7095,1213,24,248,Europe
2020-06-18,Italy,238159,34514,180544,23101,331,66,1089,Europe
2020-06-18,Spain,245268,27136,150376,67756,585,0,0,Europe
2020-06-18,US,2191099,119067,599115,1472917,27809,704,6924,Americas
2020-06-18,United Kingdom,276990,42480,1313,233197,1020,137,9,Europe
2020-06-19,Canada,102301,8407,0,93894,437,47,0,Americas
2020-06-19,France,196711,29620,74241,92850,811,14,230,Europe
2020-06-19,Germany,190299,8887,173972,7440,482,12,125,Europe
2020-06-19,Italy,238011,34561,181907,21543,0,47,1363,Europe
2020-06-19,Spain,245575,28315,150376,66884,307,1179,0,Europe
2020-06-19,US,2222579,119739,606715,1496125,31480,672,7600,Americas
2020-06-19,United Kingdom,277974,42653,1319,234002,984,173,6,Europe
2020-06-20,Canada,102749,8465,0,94284,448,58,0,Americas
2020-06-20,France,197352,29636,74436,93280,641,16,195,Europe
2020-06-20,Germany,190670,8895,174609,7166,371,8,637,Europe
2020-06-20,Italy,238275,34610,182453,21212,264,49,546,Europe
2020-06-20,Spain,245938,28322,150376,67240,363,7,0,Europe
2020-06-20,US,2255328,120349,617460,1517519,32749,610,10745,Americas
2020-06-20,United Kingdom,278640,42783,1319,234538,666,130,0,Europe
2020-06-21,Canada,103065,8481,0,94584,316,16,0,Americas
2020-06-21,France,197636,29643,74496,93497,284,7,60,Europe
2020-06-21,Germany,191272,8895,174740,7637,602,0,131,Europe
2020-06-21,Italy,238499,34634,182893,20972,224,24,440,Europe
2020-06-21,Spain,246272,28323,150376,67573,334,1,0,Europe
2020-06-21,US,2281767,120604,622133,1539030,26439,255,4673,Americas
2020-06-21,United Kingdom,279264,42826,1319,235119,624,43,0,Europe
2020-06-22,Canada,103405,8493,0,94912,340,12,0,Americas
2020-06-22,France,198009,29666,74736,93607,373,23,240,Europe
2020-06-22,Germany,191768,8899,175143,7726,496,4,403,Europe
2020-06-22,Italy,238720,34657,183426,20637,221,23,533,Europe
2020-06-22,Spain,246504,28324,150376,67804,232,1,0,Europe
2020-06-22,US,2312303,121010,640198,1551095,30536,406,18065,Americas
2020-06-22,United Kingdom,280156,42840,1322,235994,892,14,3,Europe
2020-06-23,Canada,103754,8511,0,95243,349,18,0,Americas
2020-06-23,France,198526,29723,74995,93808,517,57,259,Europe
2020-06-23,Germany,192480,8914,175825,7741,712,15,682,Europe
2020-06-23,Italy,238833,34675,184585,19573,113,18,1159,Europe
2020-06-23,Spain,246752,28325,150376,68051,248,1,0,Europe
2020-06-23,US,2347491,121847,647548,1578096,35188,837,7350,Americas
2020-06-23,United Kingdom,281038,43011,1330,236697,882,171,8,Europe
2020-06-24,Canada,104074,8543,0,95531,320,32,0,Americas
2020-06-24,France,198607,29734,75251,93622,81,11,256,Europe
2020-06-24,Germany,192871,8928,176422,7521,391,14,597,Europe
2020-06-24,Italy,239410,34644,186111,18655,577,-31,1526,Europe
2020-06-24,Spain,247086,28327,150376,68383,334,2,0,Europe
2020-06-24,US,2382426,122604,656161,1603661,34935,757,8613,Americas
2020-06-24,United Kingdom,281815,43165,1345,237305,777,154,15,Europe
2020-06-25,Canada,104450,8566,0,95884,376,23,0,Americas
2020-06-25,France,198607,29755,75475,93377,0,21,224,Europe
2020-06-25,Germany,193371,8940,176764,7667,500,12,342,Europe
2020-06-25,Italy,239706,34678,186725,18303,296,34,614,Europe
2020-06-25,Spain,247486,28330,150376,68780,400,3,0,Europe
2020-06-25,US,2422299,125026,663562,1633711,39873,2422,7401,Americas
2020-06-25,United Kingdom,282512,43314,1361,237837,697,149,16,Europe
2020-06-26,Canada,104616,8570,0,96046,166,4,0,Americas
2020-06-26,France,200195,29781,75773,94641,1588,26,298,Europe
2020-06-26,Germany,194036,8965,177149,7922,665,25,385,Europe
2020-06-26,Italy,239961,34708,187615,17638,255,30,890,Europe
2020-06-26,Spain,247905,28338,150376,69191,419,8,0,Europe
2020-06-26,US,2467554,125631,670809,1671114,45255,605,7247,Americas
2020-06-26,United Kingdom,283151,43498,1363,238290,639,184,2,Europe
2020-06-27,Canada,104865,8575,0,96290,249,5,0,Americas
2020-06-27,France,200195,29781,75773,94641,0,0,0,Europe
2020-06-27,Germany,194458,8968,177518,7972,422,3,369,Europe
2020-06-27,Italy,240136,34716,188584,16836,175,8,969,Europe
2020-06-27,Spain,248469,28341,150376,69752,564,3,0,Europe
2020-06-27,US,2510259,126120,679308,1704831,42705,489,8499,Americas
2020-06-27,United Kingdom,283785,43598,1364,238823,634,100,1,Europe
2020-06-28,Canada,105180,8581,0,96599,315,6,0,Americas
2020-06-28,France,199476,29781,75774,93921,0,0,1,Europe
2020-06-28,Germany,194693,8968,177657,8068,235,0,139,Europe
2020-06-28,Italy,240310,34738,188891,16681,174,22,307,Europe
2020-06-28,Spain,248770,28343,150376,70051,301,2,0,Europe
2020-06-28,US,2549864,126361,685164,1738339,39605,241,5856,Americas
2020-06-28,United Kingdom,284192,43634,1364,239194,407,36,0,Europe
2020-06-29,Canada,105817,8627,0,97190,637,46,0,Americas
2020-06-29,France,201522,29816,76124,95582,2046,35,350,Europe
2020-06-29,Germany,195042,8976,177770,8296,349,8,113,Europe
2020-06-29,Italy,240436,34744,189196,16496,126,6,305,Europe
2020-06-29,Spain,248970,28346,150376,70248,200,3,0,Europe
2020-06-29,US,2590668,126711,705203,1758754,40804,350,20039,Americas
2020-06-29,United Kingdom,284812,43659,1368,239785,620,25,4,Europe
2020-06-30,Canada,106084,8649,0,97435,267,22,0,Americas
2020-06-30,France,202063,29846,76399,95818,541,30,275,Europe
2020-06-30,Germany,195418,8990,178100,8328,376,14,330,Europe
2020-06-30,Italy,240578,34767,190248,15563,142,23,1052,Europe
2020-06-30,Spain,249271,28355,150376,70540,301,9,0,Europe
2020-06-30,US,2636414,127432,720631,1788351,45746,721,15428,Americas
2020-06-30,United Kingdom,285216,43815,1370,240031,404,156,2,Europe
2020-07-01,Canada,106275,8677,0,97598,191,28,0,Americas
2020-07-01,France,202981,29864,76674,96443,918,18,275,Europe
2020-07-01,Germany,195893,8995,179100,7798,475,5,1000,Europe
2020-07-01,Italy,240760,34788,190717,15255,182,21,469,Europe
2020-07-01,Spain,249659,28364,150376,70919,388,9,0,Europe
2020-07-01,US,2687588,128105,729994,1829489,51174,673,9363,Americas
2020-07-01,United Kingdom,285279,43991,1372,239916,63,176,2,Europe
2020-07-02,Canada,106630,8699,0,97931,355,22,0,Americas
2020-07-02,France,203640,29878,76927,96835,659,14,253,Europe
2020-07-02,Germany,196370,9006,179800,7564,477,11,700,Europe
2020-07-02,Italy,240961,34818,191083,15060,201,30,366,Europe
2020-07-02,Spain,250103,28368,150376,71359,444,4,0,Europe
2020-07-02,US,2742049,128803,781970,1831276,54461,698,51976,Americas
2020-07-02,United Kingdom,285285,44080,1373,239832,6,89,1,Europe
2020-07-03,Canada,106949,8721,0,98228,319,22,0,Americas
2020-07-03,France,204222,29896,77185,97141,582,18,258,Europe
2020-07-03,Germany,196780,9010,180300,7470,410,4,500,Europe
2020-07-03,Italy,241184,34833,191467,14884,223,15,384,Europe
2020-07-03,Spain,250545,28385,150376,71784,442,17,0,Europe
2020-07-03,US,2795361,129442,790404,1875515,53312,639,8434,Americas
2020-07-03,United Kingdom,285787,44216,1375,240196,502,136,2,Europe
2020-07-04,Canada,107172,8731,0,98441,223,10,0,Americas
2020-07-04,France,204222,29896,77185,97141,0,0,0,Europe
2020-07-04,Germany,197198,9020,181000,7178,418,10,700,Europe
2020-07-04,Italy,241419,34854,191944,14621,235,21,477,Europe
2020-07-04,Spain,250545,28385,150376,71784,0,0,0,Europe
2020-07-04,US,2841241,129689,894325,1817227,45880,247,103921,Americas
2020-07-04,United Kingdom,286412,44283,1375,240754,625,67,0,Europe
2020-07-05,Canada,107381,8738,0,98643,209,7,0,Americas
2020-07-05,France,204222,29896,77185,97141,0,0,0,Europe
2020-07-05,Germany,197523,9023,181719,6781,325,3,719,Europe
2020-07-05,Italy,241611,34861,192108,14642,192,7,164,Europe
2020-07-05,Spain,250545,28385,150376,71784,0,0,0,Europe
2020-07-05,US,2891124,129960,906763,1854401,49883,271,12438,Americas
2020-07-05,United Kingdom,286931,44305,1375,241251,519,22,0,Europe
2020-07-06,Canada,107802,8747,0,99055,421,9,0,Americas
2020-07-06,France,205597,29923,77444,98230,1375,27,259,Europe
2020-07-06,Germany,198064,9022,182160,6882,541,-1,441,Europe
2020-07-06,Italy,241819,34869,192241,14709,208,8,133,Europe
2020-07-06,Spain,251789,28388,150376,73025,1244,3,0,Europe
2020-07-06,US,2936077,130285,924148,1881644,44953,325,17385,Americas
2020-07-06,United Kingdom,287290,44321,1375,241594,359,16,0,Europe
2020-07-07,Canada,108010,8764,0,99246,208,17,0,Americas
2020-07-07,France,206072,29936,77780,98356,475,13,336,Europe
2020-07-07,Germany,198343,9032,182661,6650,279,10,501,Europe
2020-07-07,Italy,241956,34899,192815,14242,137,30,574,Europe
2020-07-07,Spain,252130,28392,150376,73362,341,4,0,Europe
2020-07-07,US,2996098,131480,936476,1928142,60021,1195,12328,Americas
2020-07-07,United Kingdom,287874,44476,1375,242023,584,155,0,Europe
2020-07-08,Canada,108321,8785,0,99536,311,21,0,Americas
2020-07-08,France,206072,29936,77780,98356,0,0,0,Europe
2020-07-08,Germany,198699,9046,183153,6500,356,14,492,Europe
2020-07-08,Italy,242149,34914,193640,13595,193,15,825,Europe
2020-07-08,Spain,252513,28396,150376,73741,383,4,0,Europe
2020-07-08,US,3054699,132300,953462,1968937,58601,820,16986,Americas
2020-07-08,United Kingdom,288511,44602,1378,242531,637,126,3,Europe
2020-07-09,Canada,108643,8796,0,99847,322,11,0,Americas
2020-07-09,France,207356,29982,78295,99079,1284,46,515,Europe
2020-07-09,Germany,199001,9057,183728,6216,302,11,575,Europe
2020-07-09,Italy,242363,34926,193978,13459,214,12,338,Europe
2020-07-09,Spain,253056,28401,150376,74279,543,5,0,Europe
2020-07-09,US,3117946,133290,969111,2015545,63247,990,15649,Americas
2020-07-09,United Kingdom,289154,44687,1378,243089,643,85,0,Europe
2020-07-10,Canada,108971,8810,0,100161,328,14,0,Americas
2020-07-10,France,208015,30007,78513,99495,659,25,218,Europe
2020-07-10,Germany,199332,9063,184028,6241,331,6,300,Europe
2020-07-10,Italy,242639,34938,194273,13428,276,12,295,Europe
2020-07-10,Spain,253908,28403,150376,75129,852,2,0,Europe
2020-07-10,US,3185737,134101,983185,2068451,67791,811,14074,Americas
2020-07-10,United Kingdom,289678,44735,1378,243565,524,48,0,Europe
2020-07-11,Canada,109137,8817,0,100320,166,7,0,Americas
2020-07-11,France,208015,30007,78513,99495,0,0,0,Europe
2020-07-11,Germany,199709,9070,184266,6373,377,7,238,Europe
2020-07-11,Italy,242827,34945,194579,13303,188,7,306,Europe
2020-07-11,Spain,253908,28403,150376,75129,0,0,0,Europe
2020-07-11,US,3245925,134777,995576,2115572,60188,676,12391,Americas
2020-07-11,United Kingdom,290504,44883,1378,244243,826,148,0,Europe
2020-07-12,Canada,109335,8828,0,100507,198,11,0,Americas
2020-07-12,France,208015,30007,78513,99495,0,0,0,Europe
2020-07-12,Germany,199919,9071,184414,6434,210,1,148,Europe
2020-07-12,Italy,243061,34954,194928,13179,234,9,349,Europe
2020-07-12,Spain,253908,28403,150376,75129,0,0,0,Europe
2020-07-12,US,3304942,135205,1006326,2163411,59017,428,10750,Americas
2020-07-12,United Kingdom,291154,44904,1378,244872,650,21,0,Europe
2020-07-13,Canada,109971,8835,0,101136,636,7,0,Americas
2020-07-13,France,209640,30032,78722,100886,1625,25,209,Europe
2020-07-13,Germany,200180,9074,185100,6006,261,3,686,Europe
2020-07-13,Italy,243230,34967,195106,13157,169,13,178,Europe
2020-07-13,Spain,255953,28406,150376,77171,2045,3,0,Europe
2020-07-13,US,3364157,135566,1031939,2196652,59215,361,25613,Americas
2020-07-13,United Kingdom,291691,44915,1384,245392,537,11,6,Europe
2020-07-14,Canada,110337,8844,0,101493,366,9,0,Americas
2020-07-14,France,209640,30032,78722,100886,0,0,0,Europe
2020-07-14,Germany,200456,9078,185100,6278,276,4,0,Europe
2020-07-14,Italy,243344,34984,195441,12919,114,17,335,Europe
2020-07-14,Spain,256619,28409,150376,77834,666,3,0,Europe
2020-07-14,US,3431574,136466,1049098,2246010,67417,900,17159,Americas
2020-07-14,United Kingdom,292931,45053,1385,246493,1240,138,1,Europe
2020-07-15,Canada,110680,8856,0,101824,343,12,0,Americas
2020-07-15,France,210568,30123,78945,101500,928,91,223,Europe
2020-07-15,Germany,200890,9080,186000,5810,434,2,900,Europe
2020-07-15,Italy,243506,34997,196016,12493,162,13,575,Europe
2020-07-15,Spain,257494,28413,150376,78705,875,4,0,Europe
2020-07-15,US,3498902,137415,1075882,2285605,67328,949,26784,Americas
2020-07-15,United Kingdom,293469,45138,1386,246945,538,85,1,Europe
2020-07-16,Canada,111131,8874,0,102257,451,18,0,Americas
2020-07-16,France,211102,30141,79161,101800,534,18,216,Europe
2020-07-16,Germany,201450,9087,186400,5963,560,7,400,Europe
2020-07-16,Italy,243736,35017,196246,12473,230,20,230,Europe
2020-07-16,Spain,258855,28416,150376,80063,1361,3,0,Europe
2020-07-16,US,3576157,138358,1090645,2347154,77255,943,14763,Americas
2020-07-16,United Kingdom,294116,45204,1403,247509,647,66,17,Europe
2020-07-17,Canada,111546,8883,0,102663,415,9,0,Americas
2020-07-17,France,211943,30155,79371,102417,841,14,210,Europe
2020-07-17,Germany,202045,9088,186900,6057,595,1,500,Europe
2020-07-17,Italy,243967,35028,196483,12456,231,11,237,Europe
2020-07-17,Spain,260255,28420,150376,81459,1400,4,0,Europe
2020-07-17,US,3647715,139266,1107204,2401245,71558,908,16559,Americas
2020-07-17,United Kingdom,294803,45318,1403,248082,687,114,0,Europe
2020-07-18,Canada,111862,8891,0,102971,316,8,0,Americas
2020-07-18,France,211943,30155,79371,102417,0,0,0,Europe
2020-07-18,Germany,202426,9091,187200,6135,381,3,300,Europe
2020-07-18,Italy,244216,35042,196806,12368,249,14,323,Europe
2020-07-18,Spain,260255,28420,150376,81459,0,0,0,Europe
2020-07-18,US,3711413,140119,1122720,2448574,63698,853,15516,Americas
2020-07-18,United Kingdom,295632,45358,1413,248861,829,40,10,Europe
2020-07-19,Canada,112155,8895,0,103260,293,4,0,Americas
2020-07-19,France,211943,30155,79371,102417,0,0,0,Europe
2020-07-19,Germany,202735,9092,187400,6243,309,1,200,Europe
2020-07-19,Italy,244434,35045,196949,12440,218,3,143,Europe
2020-07-19,Spain,260255,28420,150376,81459,0,0,0,Europe
2020-07-19,US,3773260,140534,1131121,2501605,61847,415,8401,Americas
2020-07-19,United Kingdom,296358,45385,1413,249560,726,27,0,Europe
2020-07-20,Canada,112925,8901,0,104024,770,6,0,Americas
2020-07-20,France,214023,30180,79668,104175,2080,25,297,Europe
2020-07-20,Germany,203325,9094,188070,6161,590,2,670,Europe
2020-07-20,Italy,244624,35058,197162,12404,190,13,213,Europe
2020-07-20,Spain,264836,28422,150376,86038,4581,2,0,Europe
2020-07-20,US,3834677,141025,1160087,2533565,61417,491,28966,Americas
2020-07-20,United Kingdom,296944,45397,1413,250134,586,12,0,Europe
2020-07-21,Canada,113460,8907,0,104553,535,6,0,Americas
2020-07-21,France,214607,30168,79861,104578,584,-12,193,Europe
2020-07-21,Germany,203717,9099,188221,6397,392,5,151,Europe
2020-07-21,Italy,244752,35073,197431,12248,128,15,269,Europe
2020-07-21,Spain,266194,28424,150376,87394,1358,2,0,Europe
2020-07-21,US,3899211,142121,1182018,2575072,64534,1096,21931,Americas
2020-07-21,United Kingdom,297389,45507,1414,250468,445,110,1,Europe
2020-07-22,Canada,113777,8912,0,104865,317,5,0,Americas
2020-07-22,France,215605,30175,80084,105346,998,7,223,Europe
2020-07-22,Germany,204276,9102,188628,6546,559,3,407,Europe
2020-07-22,Italy,245032,35082,197628,12322,280,9,197,Europe
2020-07-22,Spain,267551,28426,150376,88749,1357,2,0,Europe
2020-07-22,US,3970121,143316,1210849,2615956,70910,1195,28831,Americas
2020-07-22,United Kingdom,297952,45586,1416,250950,563,79,2,Europe
2020-07-23,Canada,114385,8918,0,105467,608,6,0,Americas
2020-07-23,France,216667,30185,80600,105882,1062,10,516,Europe
2020-07-23,Germany,204881,9110,189140,6631,605,8,512,Europe
2020-07-23,Italy,245338,35092,197842,12404,306,10,214,Europe
2020-07-23,Spain,270166,28429,150376,91361,2615,3,0,Europe
2020-07-23,US,4038816,144430,1233269,2661117,68695,1114,22420,Americas
2020-07-23,United Kingdom,298731,45639,1425,251667,779,53,9,Europe
2020-07-24,Canada,115102,8922,0,106180,717,4,0,Americas
2020-07-24,France,217797,30195,80943,106659,1130,10,343,Europe
2020-07-24,Germany,205623,9120,189696,6807,742,10,556,Europe
2020-07-24,Italy,245590,35097,198192,12301,252,5,350,Europe
2020-07-24,Spain,272421,28432,150376,93613,2255,3,0,Europe
2020-07-24,US,4112531,145560,1261624,2705347,73715,1130,28355,Americas
2020-07-24,United Kingdom,299500,45762,1425,252313,769,123,0,Europe
2020-07-25,Canada,115457,8928,0,106529,355,6,0,Americas
2020-07-25,France,217801,30195,80945,106661,4,0,2,Europe
2020-07-25,Germany,206278,9124,189919,7235,655,4,223,Europe
2020-07-25,Italy,245864,35102,198320,12442,274,5,128,Europe
2020-07-25,Spain,272421,28432,150376,93613,0,0,0,Europe
2020-07-25,US,4178970,146465,1279414,2753091,66439,905,17790,Americas
2020-07-25,United Kingdom,300270,45823,1427,253020,770,61,2,Europe
2020-07-26,Canada,115776,8933,0,106843,319,5,0,Americas
2020-07-26,France,217801,30195,80945,106661,0,0,0,Europe
2020-07-26,Germany,206667,9124,190055,7488,389,0,136,Europe
2020-07-26,Italy,246118,35107,198446,12565,254,5,126,Europe
2020-07-26,Spain,272421,28432,150376,93613,0,0,0,Europe
2020-07-26,US,4233923,146935,1297863,2789125,54953,470,18449,Americas
2020-07-26,United Kingdom,301020,45837,1434,253749,750,14,7,Europe
2020-07-27,Canada,116458,8944,0,107514,682,11,0,Americas
2020-07-27,France,220352,30212,81212,108928,2551,17,267,Europe
2020-07-27,Germany,207112,9125,190314,7673,445,1,259,Europe
2020-07-27,Italy,246286,35112,198593,12581,168,5,147,Europe
2020-07-27,Spain,272421,28432,150376,93613,0,0,0,Europe
2020-07-27,US,4290259,148011,1325804,2816444,56336,1076,27941,Americas
2020-07-27,United Kingdom,301708,45844,1437,254427,688,7,3,Europe
