date,unit,handgun_rate,month,treated
2002-07-01,District of Columbia,0.0,7,0
2002-08-01,District of Columbia,0.0,8,0
2002-09-01,District of Columbia,0.0,9,0
2002-10-01,District of Columbia,0.0,10,0
2002-11-01,District of Columbia,0.0,11,0
2002-12-01,District of Columbia,0.1744719606112101,12,0
2003-01-01,District of Columbia,0.1759008763381659,1,0
2003-02-01,District of Columbia,0.0,2,0
2003-03-01,District of Columbia,0.3518017526763318,3,0
2003-04-01,District of Columbia,0.1759008763381659,4,0
2003-05-01,District of Columbia,0.0,5,0
2003-06-01,District of Columbia,0.0,6,0
2003-07-01,District of Columbia,0.5277026290144977,7,0
2003-08-01,District of Columbia,0.0,8,0
2003-09-01,District of Columbia,0.0,9,0
2003-10-01,District of Columbia,0.1759008763381659,10,0
2003-11-01,District of Columbia,0.1759008763381659,11,0
2003-12-01,District of Columbia,0.3518017526763318,12,0
2004-01-01,District of Columbia,0.0,1,0
2004-02-01,District of Columbia,0.1761326208181712,2,0
2004-03-01,District of Columbia,0.704530483272685,3,0
2004-04-01,District of Columbia,0.3522652416363425,4,0
2004-05-01,District of Columbia,0.3522652416363425,5,0
2004-06-01,District of Columbia,0.0,6,0
2004-07-01,District of Columbia,0.1761326208181712,7,0
2004-08-01,District of Columbia,0.0,8,0
2004-09-01,District of Columbia,0.704530483272685,9,0
2004-10-01,District of Columbia,0.0,10,0
2004-11-01,District of Columbia,0.0,11,0
2004-12-01,District of Columbia,0.0,12,0
2005-01-01,District of Columbia,0.1763245500197483,1,0
2005-02-01,District of Columbia,0.0,2,0
2005-03-01,District of Columbia,0.1763245500197483,3,0
2005-04-01,District of Columbia,0.1763245500197483,4,0
2005-05-01,District of Columbia,0.3526491000394967,5,0
2005-06-01,District of Columbia,0.528973650059245,6,0
2005-07-01,District of Columbia,0.528973650059245,7,0
2005-08-01,District of Columbia,0.0,8,0
2005-09-01,District of Columbia,0.1763245500197483,9,0
2005-10-01,District of Columbia,0.3526491000394967,10,0
2005-11-01,District of Columbia,0.3526491000394967,11,0
2005-12-01,District of Columbia,0.528973650059245,12,0
2006-01-01,District of Columbia,0.5256877309740468,1,0
2006-02-01,District of Columbia,2.628438654870234,2,0
2006-03-01,District of Columbia,1.2266047056061091,3,0
2006-04-01,District of Columbia,0.876146218290078,4,0
2006-05-01,District of Columbia,0.1752292436580156,5,0
2006-06-01,District of Columbia,0.876146218290078,6,0
2006-07-01,District of Columbia,0.0,7,0
2006-08-01,District of Columbia,0.876146218290078,8,0
2006-09-01,District of Columbia,0.1752292436580156,9,0
2006-10-01,District of Columbia,0.3504584873160312,10,0
2006-11-01,District of Columbia,0.5256877309740468,11,0
2006-12-01,District of Columbia,1.2266047056061091,12,0
2007-01-01,District of Columbia,0.6963739806825857,1,0
2007-02-01,District of Columbia,0.1740934951706464,2,0
2007-03-01,District of Columbia,0.5222804855119393,3,0
2007-04-01,District of Columbia,0.3481869903412928,4,0
2007-05-01,District of Columbia,0.8704674758532323,5,0
2007-06-01,District of Columbia,0.5222804855119393,6,0
2007-07-01,District of Columbia,0.3481869903412928,7,0
2007-08-01,District of Columbia,0.1740934951706464,8,0
2007-09-01,District of Columbia,0.1740934951706464,9,0
2007-10-01,District of Columbia,0.5222804855119393,10,0
2007-11-01,District of Columbia,0.0,11,0
2007-12-01,District of Columbia,0.1740934951706464,12,0
2008-01-01,District of Columbia,0.1723436670596102,1,0
2008-02-01,District of Columbia,0.1723436670596102,2,0
2008-03-01,District of Columbia,0.0,3,0
2008-04-01,District of Columbia,0.0,4,0
2008-05-01,District of Columbia,0.0,5,0
2008-06-01,District of Columbia,0.0,6,0
2008-07-01,District of Columbia,0.0,7,1
2008-08-01,District of Columbia,0.1723436670596102,8,1
2008-09-01,District of Columbia,6.721403015324799,9,1
2008-10-01,District of Columbia,8.10015235180168,10,1
