index,country,year,gdp,pgdp,trade,inflation,industry,schooling,invest
1,USA,1960,2879,15913.954545454546,16.70629835897436,4.3806803023255805,29.822088064516127,47.05555555555556,7.620173333333334
1,USA,1961,2929,15913.954545454546,16.70629835897436,4.3806803023255805,29.822088064516127,47.05555555555556,7.620173333333334
1,USA,1962,3103,15913.954545454546,16.70629835897436,4.3806803023255805,29.822088064516127,47.05555555555556,7.620173333333334
1,USA,1963,3227,15913.954545454546,16.70629835897436,4.3806803023255805,29.822088064516127,47.05555555555556,7.620173333333334
1,USA,1964,3420,15913.954545454546,16.70629835897436,4.3806803023255805,29.822088064516127,47.05555555555556,7.620173333333334
1,USA,1965,3667,15913.954545454546,16.70629835897436,4.3806803023255805,29.822088064516127,47.05555555555556,7.620173333333334
1,USA,1966,3974,15913.954545454546,16.70629835897436,4.3806803023255805,29.822088064516127,47.05555555555556,7.620173333333334
1,USA,1967,4154,15913.954545454546,16.70629835897436,4.3806803023255805,29.822088064516127,47.05555555555556,7.620173333333334
1,USA,1968,4494,15913.954545454546,16.70629835897436,4.3806803023255805,29.822088064516127,47.05555555555556,7.620173333333334
1,USA,1969,4805,15913.954545454546,16.70629835897436,4.3806803023255805,29.822088064516127,47.05555555555556,7.620173333333334
1,USA,1970,4999,15913.954545454546,16.70629835897436,4.3806803023255805,29.822088064516127,47.05555555555556,7.620173333333334
1,USA,1971,5362,15913.954545454546,16.70629835897436,4.3806803023255805,29.822088064516127,47.05555555555556,7.620173333333334
1,USA,1972,5838,15913.954545454546,16.70629835897436,4.3806803023255805,29.822088064516127,47.05555555555556,7.620173333333334
1,USA,1973,6464,15913.954545454546,16.70629835897436,4.3806803023255805,29.822088064516127,47.05555555555556,7.620173333333334
1,USA,1974,6951,15913.954545454546,16.70629835897436,4.3806803023255805,29.822088064516127,47.05555555555556,7.620173333333334
1,USA,1975,7519,15913.954545454546,16.70629835897436,4.3806803023255805,29.822088064516127,47.05555555555556,7.620173333333334
1,USA,1976,8300,15913.954545454546,16.70629835897436,4.3806803023255805,29.822088064516127,47.05555555555556,7.620173333333334
1,USA,1977,9146,15913.954545454546,16.70629835897436,4.3806803023255805,29.822088064516127,47.05555555555556,7.620173333333334
1,USA,1978,10229,15913.954545454546,16.70629835897436,4.3806803023255805,29.822088064516127,47.05555555555556,7.620173333333334
1,USA,1979,11306,15913.954545454546,16.70629835897436,4.3806803023255805,29.822088064516127,47.05555555555556,7.620173333333334
1,USA,1980,12186,15913.954545454546,16.70629835897436,4.3806803023255805,29.822088064516127,47.05555555555556,7.620173333333334
1,USA,1981,13533,15913.954545454546,16.70629835897436,4.3806803023255805,29.822088064516127,47.05555555555556,7.620173333333334
1,USA,1982,13940,15913.954545454546,16.70629835897436,4.3806803023255805,29.822088064516127,47.05555555555556,7.620173333333334
1,USA,1983,15008,15913.954545454546,16.70629835897436,4.3806803023255805,29.822088064516127,47.05555555555556,7.620173333333334
1,USA,1984,16549,15913.954545454546,16.70629835897436,4.3806803023255805,29.822088064516127,47.05555555555556,7.620173333333334
1,USA,1985,17600,15913.954545454546,16.70629835897436,4.3806803023255805,29.822088064516127,47.05555555555556,7.620173333333334
1,USA,1986,18439,15913.954545454546,16.70629835897436,4.3806803023255805,29.822088064516127,47.05555555555556,7.620173333333334
1,USA,1987,19407,15913.954545454546,16.70629835897436,4.3806803023255805,29.822088064516127,47.05555555555556,7.620173333333334
1,USA,1988,20711,15913.954545454546,16.70629835897436,4.3806803023255805,29.822088064516127,47.05555555555556,7.620173333333334
1,USA,1989,22047,15913.954545454546,16.70629835897436,4.3806803023255805,29.822088064516127,47.05555555555556,7.620173333333334
1,USA,1990,23064,15913.954545454546,16.70629835897436,4.3806803023255805,29.822088064516127,47.05555555555556,7.620173333333334
1,USA,1991,23507,15913.954545454546,16.70629835897436,4.3806803023255805,29.822088064516127,47.05555555555556,7.620173333333334
1,USA,1992,24509,15913.954545454546,16.70629835897436,4.3806803023255805,29.822088064516127,47.05555555555556,7.620173333333334
1,USA,1993,25409,15913.954545454546,16.70629835897436,4.3806803023255805,29.822088064516127,47.05555555555556,7.620173333333334
1,USA,1994,26670,15913.954545454546,16.70629835897436,4.3806803023255805,29.822088064516127,47.05555555555556,7.620173333333334
1,USA,1995,27574,15913.954545454546,16.70629835897436,4.3806803023255805,29.822088064516127,47.05555555555556,7.620173333333334
1,USA,1996,28814,15913.954545454546,16.70629835897436,4.3806803023255805,29.822088064516127,47.05555555555556,7.620173333333334
1,USA,1997,30262,15913.954545454546,16.70629835897436,4.3806803023255805,29.822088064516127,47.05555555555556,7.620173333333334
1,USA,1998,31519,15913.954545454546,16.70629835897436,4.3806803023255805,29.822088064516127,47.05555555555556,7.620173333333334
1,USA,1999,33028,15913.954545454546,16.70629835897436,4.3806803023255805,29.822088064516127,47.05555555555556,7.620173333333334
1,USA,2000,34603,15913.954545454546,16.70629835897436,4.3806803023255805,29.822088064516127,47.05555555555556,7.620173333333334
1,USA,2001,35341,15913.954545454546,16.70629835897436,4.3806803023255805,29.822088064516127,47.05555555555556,7.620173333333334
1,USA,2002,36180,15913.954545454546,16.70629835897436,4.3806803023255805,29.822088064516127,47.05555555555556,7.620173333333334
1,USA,2003,37548,15913.954545454546,16.70629835897436,4.3806803023255805,29.822088064516127,47.05555555555556,7.620173333333334
2,UK,1960,2158,11546.522727272728,50.009849128205126,6.542198348837209,36.33539939393938,33.0,6.00494
2,UK,1961,2216,11546.522727272728,50.009849128205126,6.542198348837209,36.33539939393938,33.0,6.00494
2,UK,1962,2276,11546.522727272728,50.009849128205126,6.542198348837209,36.33539939393938,33.0,6.00494
2,UK,1963,2386,11546.522727272728,50.009849128205126,6.542198348837209,36.33539939393938,33.0,6.00494
2,UK,1964,2534,11546.522727272728,50.009849128205126,6.542198348837209,36.33539939393938,33.0,6.00494
2,UK,1965,2660,11546.522727272728,50.009849128205126,6.542198348837209,36.33539939393938,33.0,6.00494
2,UK,1966,2794,11546.522727272728,50.009849128205126,6.542198348837209,36.33539939393938,33.0,6.00494
2,UK,1967,2923,11546.522727272728,50.009849128205126,6.542198348837209,36.33539939393938,33.0,6.00494
2,UK,1968,3173,11546.522727272728,50.009849128205126,6.542198348837209,36.33539939393938,33.0,6.00494
2,UK,1969,3391,11546.522727272728,50.009849128205126,6.542198348837209,36.33539939393938,33.0,6.00494
2,UK,1970,3615,11546.522727272728,50.009849128205126,6.542198348837209,36.33539939393938,33.0,6.00494
2,UK,1971,3854,11546.522727272728,50.009849128205126,6.542198348837209,36.33539939393938,33.0,6.00494
2,UK,1972,4149,11546.522727272728,50.009849128205126,6.542198348837209,36.33539939393938,33.0,6.00494
2,UK,1973,4683,11546.522727272728,50.009849128205126,6.542198348837209,36.33539939393938,33.0,6.00494
2,UK,1974,5036,11546.522727272728,50.009849128205126,6.542198348837209,36.33539939393938,33.0,6.00494
2,UK,1975,5481,11546.522727272728,50.009849128205126,6.542198348837209,36.33539939393938,33.0,6.00494
2,UK,1976,5953,11546.522727272728,50.009849128205126,6.542198348837209,36.33539939393938,33.0,6.00494
2,UK,1977,6489,11546.522727272728,50.009849128205126,6.542198348837209,36.33539939393938,33.0,6.00494
2,UK,1978,7176,11546.522727272728,50.009849128205126,6.542198348837209,36.33539939393938,33.0,6.00494
2,UK,1979,7973,11546.522727272728,50.009849128205126,6.542198348837209,36.33539939393938,33.0,6.00494
2,UK,1980,8502,11546.522727272728,50.009849128205126,6.542198348837209,36.33539939393938,33.0,6.00494
2,UK,1981,9161,11546.522727272728,50.009849128205126,6.542198348837209,36.33539939393938,33.0,6.00494
2,UK,1982,9917,11546.522727272728,50.009849128205126,6.542198348837209,36.33539939393938,33.0,6.00494
2,UK,1983,10669,11546.522727272728,50.009849128205126,6.542198348837209,36.33539939393938,33.0,6.00494
2,UK,1984,11336,11546.522727272728,50.009849128205126,6.542198348837209,36.33539939393938,33.0,6.00494
2,UK,1985,12068,11546.522727272728,50.009849128205126,6.542198348837209,36.33539939393938,33.0,6.00494
2,UK,1986,12795,11546.522727272728,50.009849128205126,6.542198348837209,36.33539939393938,33.0,6.00494
2,UK,1987,13717,11546.522727272728,50.009849128205126,6.542198348837209,36.33539939393938,33.0,6.00494
2,UK,1988,14864,11546.522727272728,50.009849128205126,6.542198348837209,36.33539939393938,33.0,6.00494
2,UK,1989,15716,11546.522727272728,50.009849128205126,6.542198348837209,36.33539939393938,33.0,6.00494
2,UK,1990,16397,11546.522727272728,50.009849128205126,6.542198348837209,36.33539939393938,33.0,6.00494
2,UK,1991,16681,11546.522727272728,50.009849128205126,6.542198348837209,36.33539939393938,33.0,6.00494
2,UK,1992,17069,11546.522727272728,50.009849128205126,6.542198348837209,36.33539939393938,33.0,6.00494
2,UK,1993,17845,11546.522727272728,50.009849128205126,6.542198348837209,36.33539939393938,33.0,6.00494
2,UK,1994,18975,11546.522727272728,50.009849128205126,6.542198348837209,36.33539939393938,33.0,6.00494
2,UK,1995,19860,11546.522727272728,50.009849128205126,6.542198348837209,36.33539939393938,33.0,6.00494
2,UK,1996,20923,11546.522727272728,50.009849128205126,6.542198348837209,36.33539939393938,33.0,6.00494
2,UK,1997,22280,11546.522727272728,50.009849128205126,6.542198348837209,36.33539939393938,33.0,6.00494
2,UK,1998,23206,11546.522727272728,50.009849128205126,6.542198348837209,36.33539939393938,33.0,6.00494
2,UK,1999,23959,11546.522727272728,50.009849128205126,6.542198348837209,36.33539939393938,33.0,6.00494
2,UK,2000,25583,11546.522727272728,50.009849128205126,6.542198348837209,36.33539939393938,33.0,6.00494
2,UK,2001,27026,11546.522727272728,50.009849128205126,6.542198348837209,36.33539939393938,33.0,6.00494
2,UK,2002,28969,11546.522727272728,50.009849128205126,6.542198348837209,36.33539939393938,33.0,6.00494
2,UK,2003,29609,11546.522727272728,50.009849128205126,6.542198348837209,36.33539939393938,33.0,6.00494
3,Austria,1960,1796,12927.204545454546,65.48219913157895,3.7934091558139538,35.7396103030303,53.2,9.07214
3,Austria,1961,1899,12927.204545454546,65.48219913157895,3.7934091558139538,35.7396103030303,53.2,9.07214
3,Austria,1962,1977,12927.204545454546,65.48219913157895,3.7934091558139538,35.7396103030303,53.2,9.07214
3,Austria,1963,2074,12927.204545454546,65.48219913157895,3.7934091558139538,35.7396103030303,53.2,9.07214
3,Austria,1964,2224,12927.204545454546,65.48219913157895,3.7934091558139538,35.7396103030303,53.2,9.07214
3,Austria,1965,2336,12927.204545454546,65.48219913157895,3.7934091558139538,35.7396103030303,53.2,9.07214
3,Austria,1966,2537,12927.204545454546,65.48219913157895,3.7934091558139538,35.7396103030303,53.2,9.07214
3,Austria,1967,2668,12927.204545454546,65.48219913157895,3.7934091558139538,35.7396103030303,53.2,9.07214
3,Austria,1968,2908,12927.204545454546,65.48219913157895,3.7934091558139538,35.7396103030303,53.2,9.07214
3,Austria,1969,3239,12927.204545454546,65.48219913157895,3.7934091558139538,35.7396103030303,53.2,9.07214
3,Austria,1970,3732,12927.204545454546,65.48219913157895,3.7934091558139538,35.7396103030303,53.2,9.07214
3,Austria,1971,4100,12927.204545454546,65.48219913157895,3.7934091558139538,35.7396103030303,53.2,9.07214
3,Austria,1972,4513,12927.204545454546,65.48219913157895,3.7934091558139538,35.7396103030303,53.2,9.07214
3,Austria,1973,4969,12927.204545454546,65.48219913157895,3.7934091558139538,35.7396103030303,53.2,9.07214
3,Austria,1974,5622,12927.204545454546,65.48219913157895,3.7934091558139538,35.7396103030303,53.2,9.07214
3,Austria,1975,6147,12927.204545454546,65.48219913157895,3.7934091558139538,35.7396103030303,53.2,9.07214
3,Austria,1976,6810,12927.204545454546,65.48219913157895,3.7934091558139538,35.7396103030303,53.2,9.07214
3,Austria,1977,7588,12927.204545454546,65.48219913157895,3.7934091558139538,35.7396103030303,53.2,9.07214
3,Austria,1978,8117,12927.204545454546,65.48219913157895,3.7934091558139538,35.7396103030303,53.2,9.07214
3,Austria,1979,9288,12927.204545454546,65.48219913157895,3.7934091558139538,35.7396103030303,53.2,9.07214
3,Austria,1980,10312,12927.204545454546,65.48219913157895,3.7934091558139538,35.7396103030303,53.2,9.07214
3,Austria,1981,11242,12927.204545454546,65.48219913157895,3.7934091558139538,35.7396103030303,53.2,9.07214
3,Austria,1982,12148,12927.204545454546,65.48219913157895,3.7934091558139538,35.7396103030303,53.2,9.07214
3,Austria,1983,13048,12927.204545454546,65.48219913157895,3.7934091558139538,35.7396103030303,53.2,9.07214
3,Austria,1984,13533,12927.204545454546,65.48219913157895,3.7934091558139538,35.7396103030303,53.2,9.07214
3,Austria,1985,14296,12927.204545454546,65.48219913157895,3.7934091558139538,35.7396103030303,53.2,9.07214
3,Austria,1986,14921,12927.204545454546,65.48219913157895,3.7934091558139538,35.7396103030303,53.2,9.07214
3,Austria,1987,15549,12927.204545454546,65.48219913157895,3.7934091558139538,35.7396103030303,53.2,9.07214
3,Austria,1988,16595,12927.204545454546,65.48219913157895,3.7934091558139538,35.7396103030303,53.2,9.07214
3,Austria,1989,17768,12927.204545454546,65.48219913157895,3.7934091558139538,35.7396103030303,53.2,9.07214
3,Austria,1990,19070,12927.204545454546,65.48219913157895,3.7934091558139538,35.7396103030303,53.2,9.07214
3,Austria,1991,20172,12927.204545454546,65.48219913157895,3.7934091558139538,35.7396103030303,53.2,9.07214
3,Austria,1992,20960,12927.204545454546,65.48219913157895,3.7934091558139538,35.7396103030303,53.2,9.07214
3,Austria,1993,21220,12927.204545454546,65.48219913157895,3.7934091558139538,35.7396103030303,53.2,9.07214
3,Austria,1994,22139,12927.204545454546,65.48219913157895,3.7934091558139538,35.7396103030303,53.2,9.07214
3,Austria,1995,22976,12927.204545454546,65.48219913157895,3.7934091558139538,35.7396103030303,53.2,9.07214
3,Austria,1996,24008,12927.204545454546,65.48219913157895,3.7934091558139538,35.7396103030303,53.2,9.07214
3,Austria,1997,24472,12927.204545454546,65.48219913157895,3.7934091558139538,35.7396103030303,53.2,9.07214
3,Austria,1998,25314,12927.204545454546,65.48219913157895,3.7934091558139538,35.7396103030303,53.2,9.07214
3,Austria,1999,26558,12927.204545454546,65.48219913157895,3.7934091558139538,35.7396103030303,53.2,9.07214
3,Austria,2000,28359,12927.204545454546,65.48219913157895,3.7934091558139538,35.7396103030303,53.2,9.07214
3,Austria,2001,28855,12927.204545454546,65.48219913157895,3.7934091558139538,35.7396103030303,53.2,9.07214
3,Austria,2002,29942,12927.204545454546,65.48219913157895,3.7934091558139538,35.7396103030303,53.2,9.07214
3,Austria,2003,30796,12927.204545454546,65.48219913157895,3.7934091558139538,35.7396103030303,53.2,9.07214
4,Belgium,1960,1782,12516.863636363636,113.8835586923077,4.100646969767441,33.645063939393935,29.988888888888887,7.475700000000001
4,Belgium,1961,1883,12516.863636363636,113.8835586923077,4.100646969767441,33.645063939393935,29.988888888888887,7.475700000000001
4,Belgium,1962,2018,12516.863636363636,113.8835586923077,4.100646969767441,33.645063939393935,29.988888888888887,7.475700000000001
4,Belgium,1963,2122,12516.863636363636,113.8835586923077,4.100646969767441,33.645063939393935,29.988888888888887,7.475700000000001
4,Belgium,1964,2288,12516.863636363636,113.8835586923077,4.100646969767441,33.645063939393935,29.988888888888887,7.475700000000001
4,Belgium,1965,2414,12516.863636363636,113.8835586923077,4.100646969767441,33.645063939393935,29.988888888888887,7.475700000000001
4,Belgium,1966,2559,12516.863636363636,113.8835586923077,4.100646969767441,33.645063939393935,29.988888888888887,7.475700000000001
4,Belgium,1967,2719,12516.863636363636,113.8835586923077,4.100646969767441,33.645063939393935,29.988888888888887,7.475700000000001
4,Belgium,1968,2958,12516.863636363636,113.8835586923077,4.100646969767441,33.645063939393935,29.988888888888887,7.475700000000001
4,Belgium,1969,3308,12516.863636363636,113.8835586923077,4.100646969767441,33.645063939393935,29.988888888888887,7.475700000000001
4,Belgium,1970,3797,12516.863636363636,113.8835586923077,4.100646969767441,33.645063939393935,29.988888888888887,7.475700000000001
4,Belgium,1971,4129,12516.863636363636,113.8835586923077,4.100646969767441,33.645063939393935,29.988888888888887,7.475700000000001
4,Belgium,1972,4512,12516.863636363636,113.8835586923077,4.100646969767441,33.645063939393935,29.988888888888887,7.475700000000001
4,Belgium,1973,5039,12516.863636363636,113.8835586923077,4.100646969767441,33.645063939393935,29.988888888888887,7.475700000000001
4,Belgium,1974,5707,12516.863636363636,113.8835586923077,4.100646969767441,33.645063939393935,29.988888888888887,7.475700000000001
4,Belgium,1975,6146,12516.863636363636,113.8835586923077,4.100646969767441,33.645063939393935,29.988888888888887,7.475700000000001
4,Belgium,1976,6854,12516.863636363636,113.8835586923077,4.100646969767441,33.645063939393935,29.988888888888887,7.475700000000001
4,Belgium,1977,7326,12516.863636363636,113.8835586923077,4.100646969767441,33.645063939393935,29.988888888888887,7.475700000000001
4,Belgium,1978,8056,12516.863636363636,113.8835586923077,4.100646969767441,33.645063939393935,29.988888888888887,7.475700000000001
4,Belgium,1979,8921,12516.863636363636,113.8835586923077,4.100646969767441,33.645063939393935,29.988888888888887,7.475700000000001
4,Belgium,1980,10156,12516.863636363636,113.8835586923077,4.100646969767441,33.645063939393935,29.988888888888887,7.475700000000001
4,Belgium,1981,11079,12516.863636363636,113.8835586923077,4.100646969767441,33.645063939393935,29.988888888888887,7.475700000000001
4,Belgium,1982,11827,12516.863636363636,113.8835586923077,4.100646969767441,33.645063939393935,29.988888888888887,7.475700000000001
4,Belgium,1983,12334,12516.863636363636,113.8835586923077,4.100646969767441,33.645063939393935,29.988888888888887,7.475700000000001
4,Belgium,1984,13113,12516.863636363636,113.8835586923077,4.100646969767441,33.645063939393935,29.988888888888887,7.475700000000001
4,Belgium,1985,13735,12516.863636363636,113.8835586923077,4.100646969767441,33.645063939393935,29.988888888888887,7.475700000000001
4,Belgium,1986,14292,12516.863636363636,113.8835586923077,4.100646969767441,33.645063939393935,29.988888888888887,7.475700000000001
4,Belgium,1987,15013,12516.863636363636,113.8835586923077,4.100646969767441,33.645063939393935,29.988888888888887,7.475700000000001
4,Belgium,1988,16209,12516.863636363636,113.8835586923077,4.100646969767441,33.645063939393935,29.988888888888887,7.475700000000001
4,Belgium,1989,17345,12516.863636363636,113.8835586923077,4.100646969767441,33.645063939393935,29.988888888888887,7.475700000000001
4,Belgium,1990,18526,12516.863636363636,113.8835586923077,4.100646969767441,33.645063939393935,29.988888888888887,7.475700000000001
4,Belgium,1991,19453,12516.863636363636,113.8835586923077,4.100646969767441,33.645063939393935,29.988888888888887,7.475700000000001
4,Belgium,1992,20123,12516.863636363636,113.8835586923077,4.100646969767441,33.645063939393935,29.988888888888887,7.475700000000001
4,Belgium,1993,20308,12516.863636363636,113.8835586923077,4.100646969767441,33.645063939393935,29.988888888888887,7.475700000000001
4,Belgium,1994,21340,12516.863636363636,113.8835586923077,4.100646969767441,33.645063939393935,29.988888888888887,7.475700000000001
4,Belgium,1995,22248,12516.863636363636,113.8835586923077,4.100646969767441,33.645063939393935,29.988888888888887,7.475700000000001
4,Belgium,1996,22687,12516.863636363636,113.8835586923077,4.100646969767441,33.645063939393935,29.988888888888887,7.475700000000001
4,Belgium,1997,23416,12516.863636363636,113.8835586923077,4.100646969767441,33.645063939393935,29.988888888888887,7.475700000000001
4,Belgium,1998,24164,12516.863636363636,113.8835586923077,4.100646969767441,33.645063939393935,29.988888888888887,7.475700000000001
4,Belgium,1999,24792,12516.863636363636,113.8835586923077,4.100646969767441,33.645063939393935,29.988888888888887,7.475700000000001
4,Belgium,2000,26631,12516.863636363636,113.8835586923077,4.100646969767441,33.645063939393935,29.988888888888887,7.475700000000001
4,Belgium,2001,28001,12516.863636363636,113.8835586923077,4.100646969767441,33.645063939393935,29.988888888888887,7.475700000000001
4,Belgium,2002,29330,12516.863636363636,113.8835586923077,4.100646969767441,33.645063939393935,29.988888888888887,7.475700000000001
4,Belgium,2003,30082,12516.863636363636,113.8835586923077,4.100646969767441,33.645063939393935,29.988888888888887,7.475700000000001
5,Denmark,1960,2329,13220.181818181818,64.44169689473684,5.699730186046511,27.35453515151515,45.58888888888888,7.614759666666667
5,Denmark,1961,2485,13220.181818181818,64.44169689473684,5.699730186046511,27.35453515151515,45.58888888888888,7.614759666666667
5,Denmark,1962,2665,13220.181818181818,64.44169689473684,5.699730186046511,27.35453515151515,45.58888888888888,7.614759666666667
5,Denmark,1963,2700,13220.181818181818,64.44169689473684,5.699730186046511,27.35453515151515,45.58888888888888,7.614759666666667
5,Denmark,1964,2980,13220.181818181818,64.44169689473684,5.699730186046511,27.35453515151515,45.58888888888888,7.614759666666667
5,Denmark,1965,3177,13220.181818181818,64.44169689473684,5.699730186046511,27.35453515151515,45.58888888888888,7.614759666666667
5,Denmark,1966,3377,13220.181818181818,64.44169689473684,5.699730186046511,27.35453515151515,45.58888888888888,7.614759666666667
5,Denmark,1967,3580,13220.181818181818,64.44169689473684,5.699730186046511,27.35453515151515,45.58888888888888,7.614759666666667
5,Denmark,1968,3892,13220.181818181818,64.44169689473684,5.699730186046511,27.35453515151515,45.58888888888888,7.614759666666667
5,Denmark,1969,4352,13220.181818181818,64.44169689473684,5.699730186046511,27.35453515151515,45.58888888888888,7.614759666666667
5,Denmark,1970,4541,13220.181818181818,64.44169689473684,5.699730186046511,27.35453515151515,45.58888888888888,7.614759666666667
5,Denmark,1971,4858,13220.181818181818,64.44169689473684,5.699730186046511,27.35453515151515,45.58888888888888,7.614759666666667
5,Denmark,1972,5262,13220.181818181818,64.44169689473684,5.699730186046511,27.35453515151515,45.58888888888888,7.614759666666667
5,Denmark,1973,5719,13220.181818181818,64.44169689473684,5.699730186046511,27.35453515151515,45.58888888888888,7.614759666666667
5,Denmark,1974,6121,13220.181818181818,64.44169689473684,5.699730186046511,27.35453515151515,45.58888888888888,7.614759666666667
5,Denmark,1975,6565,13220.181818181818,64.44169689473684,5.699730186046511,27.35453515151515,45.58888888888888,7.614759666666667
5,Denmark,1976,7371,13220.181818181818,64.44169689473684,5.699730186046511,27.35453515151515,45.58888888888888,7.614759666666667
5,Denmark,1977,7901,13220.181818181818,64.44169689473684,5.699730186046511,27.35453515151515,45.58888888888888,7.614759666666667
5,Denmark,1978,8585,13220.181818181818,64.44169689473684,5.699730186046511,27.35453515151515,45.58888888888888,7.614759666666667
5,Denmark,1979,9566,13220.181818181818,64.44169689473684,5.699730186046511,27.35453515151515,45.58888888888888,7.614759666666667
5,Denmark,1980,10362,13220.181818181818,64.44169689473684,5.699730186046511,27.35453515151515,45.58888888888888,7.614759666666667
5,Denmark,1981,11106,13220.181818181818,64.44169689473684,5.699730186046511,27.35453515151515,45.58888888888888,7.614759666666667
5,Denmark,1982,12115,13220.181818181818,64.44169689473684,5.699730186046511,27.35453515151515,45.58888888888888,7.614759666666667
5,Denmark,1983,12822,13220.181818181818,64.44169689473684,5.699730186046511,27.35453515151515,45.58888888888888,7.614759666666667
5,Denmark,1984,13777,13220.181818181818,64.44169689473684,5.699730186046511,27.35453515151515,45.58888888888888,7.614759666666667
5,Denmark,1985,14698,13220.181818181818,64.44169689473684,5.699730186046511,27.35453515151515,45.58888888888888,7.614759666666667
5,Denmark,1986,15608,13220.181818181818,64.44169689473684,5.699730186046511,27.35453515151515,45.58888888888888,7.614759666666667
5,Denmark,1987,16024,13220.181818181818,64.44169689473684,5.699730186046511,27.35453515151515,45.58888888888888,7.614759666666667
5,Denmark,1988,16766,13220.181818181818,64.44169689473684,5.699730186046511,27.35453515151515,45.58888888888888,7.614759666666667
5,Denmark,1989,17418,13220.181818181818,64.44169689473684,5.699730186046511,27.35453515151515,45.58888888888888,7.614759666666667
5,Denmark,1990,18237,13220.181818181818,64.44169689473684,5.699730186046511,27.35453515151515,45.58888888888888,7.614759666666667
5,Denmark,1991,19070,13220.181818181818,64.44169689473684,5.699730186046511,27.35453515151515,45.58888888888888,7.614759666666667
5,Denmark,1992,19829,13220.181818181818,64.44169689473684,5.699730186046511,27.35453515151515,45.58888888888888,7.614759666666667
5,Denmark,1993,20199,13220.181818181818,64.44169689473684,5.699730186046511,27.35453515151515,45.58888888888888,7.614759666666667
5,Denmark,1994,21691,13220.181818181818,64.44169689473684,5.699730186046511,27.35453515151515,45.58888888888888,7.614759666666667
5,Denmark,1995,22693,13220.181818181818,64.44169689473684,5.699730186046511,27.35453515151515,45.58888888888888,7.614759666666667
5,Denmark,1996,23781,13220.181818181818,64.44169689473684,5.699730186046511,27.35453515151515,45.58888888888888,7.614759666666667
5,Denmark,1997,24878,13220.181818181818,64.44169689473684,5.699730186046511,27.35453515151515,45.58888888888888,7.614759666666667
5,Denmark,1998,25669,13220.181818181818,64.44169689473684,5.699730186046511,27.35453515151515,45.58888888888888,7.614759666666667
5,Denmark,1999,27113,13220.181818181818,64.44169689473684,5.699730186046511,27.35453515151515,45.58888888888888,7.614759666666667
5,Denmark,2000,28798,13220.181818181818,64.44169689473684,5.699730186046511,27.35453515151515,45.58888888888888,7.614759666666667
5,Denmark,2001,29837,13220.181818181818,64.44169689473684,5.699730186046511,27.35453515151515,45.58888888888888,7.614759666666667
5,Denmark,2002,30318,13220.181818181818,64.44169689473684,5.699730186046511,27.35453515151515,45.58888888888888,7.614759666666667
5,Denmark,2003,30853,13220.181818181818,64.44169689473684,5.699730186046511,27.35453515151515,45.58888888888888,7.614759666666667
6,France,1960,1858,12438.0,37.866860763157895,5.201793676744186,31.531248181818185,31.84444444444445,9.28092
6,France,1961,1959,12438.0,37.866860763157895,5.201793676744186,31.531248181818185,31.84444444444445,9.28092
6,France,1962,2099,12438.0,37.866860763157895,5.201793676744186,31.531248181818185,31.84444444444445,9.28092
6,France,1963,2205,12438.0,37.866860763157895,5.201793676744186,31.531248181818185,31.84444444444445,9.28092
6,France,1964,2367,12438.0,37.866860763157895,5.201793676744186,31.531248181818185,31.84444444444445,9.28092
6,France,1965,2526,12438.0,37.866860763157895,5.201793676744186,31.531248181818185,31.84444444444445,9.28092
6,France,1966,2728,12438.0,37.866860763157895,5.201793676744186,31.531248181818185,31.84444444444445,9.28092
6,France,1967,2915,12438.0,37.866860763157895,5.201793676744186,31.531248181818185,31.84444444444445,9.28092
6,France,1968,3163,12438.0,37.866860763157895,5.201793676744186,31.531248181818185,31.84444444444445,9.28092
6,France,1969,3531,12438.0,37.866860763157895,5.201793676744186,31.531248181818185,31.84444444444445,9.28092
6,France,1970,3857,12438.0,37.866860763157895,5.201793676744186,31.531248181818185,31.84444444444445,9.28092
6,France,1971,4203,12438.0,37.866860763157895,5.201793676744186,31.531248181818185,31.84444444444445,9.28092
6,France,1972,4535,12438.0,37.866860763157895,5.201793676744186,31.531248181818185,31.84444444444445,9.28092
6,France,1973,5008,12438.0,37.866860763157895,5.201793676744186,31.531248181818185,31.84444444444445,9.28092
6,France,1974,5594,12438.0,37.866860763157895,5.201793676744186,31.531248181818185,31.84444444444445,9.28092
6,France,1975,6077,12438.0,37.866860763157895,5.201793676744186,31.531248181818185,31.84444444444445,9.28092
6,France,1976,6673,12438.0,37.866860763157895,5.201793676744186,31.531248181818185,31.84444444444445,9.28092
6,France,1977,7292,12438.0,37.866860763157895,5.201793676744186,31.531248181818185,31.84444444444445,9.28092
6,France,1978,8031,12438.0,37.866860763157895,5.201793676744186,31.531248181818185,31.84444444444445,9.28092
6,France,1979,8948,12438.0,37.866860763157895,5.201793676744186,31.531248181818185,31.84444444444445,9.28092
6,France,1980,9891,12438.0,37.866860763157895,5.201793676744186,31.531248181818185,31.84444444444445,9.28092
6,France,1981,10929,12438.0,37.866860763157895,5.201793676744186,31.531248181818185,31.84444444444445,9.28092
6,France,1982,11869,12438.0,37.866860763157895,5.201793676744186,31.531248181818185,31.84444444444445,9.28092
6,France,1983,12518,12438.0,37.866860763157895,5.201793676744186,31.531248181818185,31.84444444444445,9.28092
6,France,1984,13145,12438.0,37.866860763157895,5.201793676744186,31.531248181818185,31.84444444444445,9.28092
6,France,1985,13746,12438.0,37.866860763157895,5.201793676744186,31.531248181818185,31.84444444444445,9.28092
6,France,1986,14308,12438.0,37.866860763157895,5.201793676744186,31.531248181818185,31.84444444444445,9.28092
6,France,1987,14940,12438.0,37.866860763157895,5.201793676744186,31.531248181818185,31.84444444444445,9.28092
6,France,1988,16040,12438.0,37.866860763157895,5.201793676744186,31.531248181818185,31.84444444444445,9.28092
6,France,1989,17193,12438.0,37.866860763157895,5.201793676744186,31.531248181818185,31.84444444444445,9.28092
6,France,1990,18244,12438.0,37.866860763157895,5.201793676744186,31.531248181818185,31.84444444444445,9.28092
6,France,1991,19021,12438.0,37.866860763157895,5.201793676744186,31.531248181818185,31.84444444444445,9.28092
6,France,1992,19746,12438.0,37.866860763157895,5.201793676744186,31.531248181818185,31.84444444444445,9.28092
6,France,1993,19920,12438.0,37.866860763157895,5.201793676744186,31.531248181818185,31.84444444444445,9.28092
6,France,1994,20695,12438.0,37.866860763157895,5.201793676744186,31.531248181818185,31.84444444444445,9.28092
6,France,1995,21545,12438.0,37.866860763157895,5.201793676744186,31.531248181818185,31.84444444444445,9.28092
6,France,1996,22288,12438.0,37.866860763157895,5.201793676744186,31.531248181818185,31.84444444444445,9.28092
6,France,1997,23370,12438.0,37.866860763157895,5.201793676744186,31.531248181818185,31.84444444444445,9.28092
6,France,1998,24412,12438.0,37.866860763157895,5.201793676744186,31.531248181818185,31.84444444444445,9.28092
6,France,1999,25111,12438.0,37.866860763157895,5.201793676744186,31.531248181818185,31.84444444444445,9.28092
6,France,2000,26690,12438.0,37.866860763157895,5.201793676744186,31.531248181818185,31.84444444444445,9.28092
6,France,2001,28043,12438.0,37.866860763157895,5.201793676744186,31.531248181818185,31.84444444444445,9.28092
6,France,2002,28829,12438.0,37.866860763157895,5.201793676744186,31.531248181818185,31.84444444444445,9.28092
6,France,2003,29210,12438.0,37.866860763157895,5.201793676744186,31.531248181818185,31.84444444444445,9.28092
7,West Germany,1960,2284,13335.886363636364,46.16329406451613,3.1178528756410255,39.68951661904762,55.84285714285714,9.227006
7,West Germany,1961,2388,13335.886363636364,46.16329406451613,3.1178528756410255,39.68951661904762,55.84285714285714,9.227006
7,West Germany,1962,2527,13335.886363636364,46.16329406451613,3.1178528756410255,39.68951661904762,55.84285714285714,9.227006
7,West Germany,1963,2610,13335.886363636364,46.16329406451613,3.1178528756410255,39.68951661904762,55.84285714285714,9.227006
7,West Germany,1964,2806,13335.886363636364,46.16329406451613,3.1178528756410255,39.68951661904762,55.84285714285714,9.227006
7,West Germany,1965,3005,13335.886363636364,46.16329406451613,3.1178528756410255,39.68951661904762,55.84285714285714,9.227006
7,West Germany,1966,3168,13335.886363636364,46.16329406451613,3.1178528756410255,39.68951661904762,55.84285714285714,9.227006
7,West Germany,1967,3241,13335.886363636364,46.16329406451613,3.1178528756410255,39.68951661904762,55.84285714285714,9.227006
7,West Germany,1968,3571,13335.886363636364,46.16329406451613,3.1178528756410255,39.68951661904762,55.84285714285714,9.227006
7,West Germany,1969,3998,13335.886363636364,46.16329406451613,3.1178528756410255,39.68951661904762,55.84285714285714,9.227006
7,West Germany,1970,4367,13335.886363636364,46.16329406451613,3.1178528756410255,39.68951661904762,55.84285714285714,9.227006
7,West Germany,1971,4686,13335.886363636364,46.16329406451613,3.1178528756410255,39.68951661904762,55.84285714285714,9.227006
7,West Germany,1972,5055,13335.886363636364,46.16329406451613,3.1178528756410255,39.68951661904762,55.84285714285714,9.227006
7,West Germany,1973,5553,13335.886363636364,46.16329406451613,3.1178528756410255,39.68951661904762,55.84285714285714,9.227006
7,West Germany,1974,6074,13335.886363636364,46.16329406451613,3.1178528756410255,39.68951661904762,55.84285714285714,9.227006
7,West Germany,1975,6603,13335.886363636364,46.16329406451613,3.1178528756410255,39.68951661904762,55.84285714285714,9.227006
7,West Germany,1976,7367,13335.886363636364,46.16329406451613,3.1178528756410255,39.68951661904762,55.84285714285714,9.227006
7,West Germany,1977,8090,13335.886363636364,46.16329406451613,3.1178528756410255,39.68951661904762,55.84285714285714,9.227006
7,West Germany,1978,8928,13335.886363636364,46.16329406451613,3.1178528756410255,39.68951661904762,55.84285714285714,9.227006
7,West Germany,1979,10067,13335.886363636364,46.16329406451613,3.1178528756410255,39.68951661904762,55.84285714285714,9.227006
7,West Germany,1980,11083,13335.886363636364,46.16329406451613,3.1178528756410255,39.68951661904762,55.84285714285714,9.227006
7,West Germany,1981,12115,13335.886363636364,46.16329406451613,3.1178528756410255,39.68951661904762,55.84285714285714,9.227006
7,West Germany,1982,12761,13335.886363636364,46.16329406451613,3.1178528756410255,39.68951661904762,55.84285714285714,9.227006
7,West Germany,1983,13519,13335.886363636364,46.16329406451613,3.1178528756410255,39.68951661904762,55.84285714285714,9.227006
7,West Germany,1984,14481,13335.886363636364,46.16329406451613,3.1178528756410255,39.68951661904762,55.84285714285714,9.227006
7,West Germany,1985,15291,13335.886363636364,46.16329406451613,3.1178528756410255,39.68951661904762,55.84285714285714,9.227006
7,West Germany,1986,15998,13335.886363636364,46.16329406451613,3.1178528756410255,39.68951661904762,55.84285714285714,9.227006
7,West Germany,1987,16679,13335.886363636364,46.16329406451613,3.1178528756410255,39.68951661904762,55.84285714285714,9.227006
7,West Germany,1988,17786,13335.886363636364,46.16329406451613,3.1178528756410255,39.68951661904762,55.84285714285714,9.227006
7,West Germany,1989,18994,13335.886363636364,46.16329406451613,3.1178528756410255,39.68951661904762,55.84285714285714,9.227006
7,West Germany,1990,20465,13335.886363636364,46.16329406451613,3.1178528756410255,39.68951661904762,55.84285714285714,9.227006
7,West Germany,1991,21602,13335.886363636364,46.16329406451613,3.1178528756410255,39.68951661904762,55.84285714285714,9.227006
7,West Germany,1992,22154,13335.886363636364,46.16329406451613,3.1178528756410255,39.68951661904762,55.84285714285714,9.227006
7,West Germany,1993,21878,13335.886363636364,46.16329406451613,3.1178528756410255,39.68951661904762,55.84285714285714,9.227006
7,West Germany,1994,22371,13335.886363636364,46.16329406451613,3.1178528756410255,39.68951661904762,55.84285714285714,9.227006
7,West Germany,1995,23035,13335.886363636364,46.16329406451613,3.1178528756410255,39.68951661904762,55.84285714285714,9.227006
7,West Germany,1996,23742,13335.886363636364,46.16329406451613,3.1178528756410255,39.68951661904762,55.84285714285714,9.227006
7,West Germany,1997,24156,13335.886363636364,46.16329406451613,3.1178528756410255,39.68951661904762,55.84285714285714,9.227006
7,West Germany,1998,24931,13335.886363636364,46.16329406451613,3.1178528756410255,39.68951661904762,55.84285714285714,9.227006
7,West Germany,1999,25755,13335.886363636364,46.16329406451613,3.1178528756410255,39.68951661904762,55.84285714285714,9.227006
7,West Germany,2000,26943,13335.886363636364,46.16329406451613,3.1178528756410255,39.68951661904762,55.84285714285714,9.227006
7,West Germany,2001,27449,13335.886363636364,46.16329406451613,3.1178528756410255,39.68951661904762,55.84285714285714,9.227006
7,West Germany,2002,28348,13335.886363636364,46.16329406451613,3.1178528756410255,39.68951661904762,55.84285714285714,9.227006
7,West Germany,2003,28855,13335.886363636364,46.16329406451613,3.1178528756410255,39.68951661904762,55.84285714285714,9.227006
8,Italy,1960,1620,11997.90909090909,38.90632305263158,7.484629418604651,35.2258484848485,24.38888888888889,9.141766666666667
8,Italy,1961,1763,11997.90909090909,38.90632305263158,7.484629418604651,35.2258484848485,24.38888888888889,9.141766666666667
8,Italy,1962,1900,11997.90909090909,38.90632305263158,7.484629418604651,35.2258484848485,24.38888888888889,9.141766666666667
8,Italy,1963,2021,11997.90909090909,38.90632305263158,7.484629418604651,35.2258484848485,24.38888888888889,9.141766666666667
8,Italy,1964,2093,11997.90909090909,38.90632305263158,7.484629418604651,35.2258484848485,24.38888888888889,9.141766666666667
8,Italy,1965,2205,11997.90909090909,38.90632305263158,7.484629418604651,35.2258484848485,24.38888888888889,9.141766666666667
8,Italy,1966,2400,11997.90909090909,38.90632305263158,7.484629418604651,35.2258484848485,24.38888888888889,9.141766666666667
8,Italy,1967,2624,11997.90909090909,38.90632305263158,7.484629418604651,35.2258484848485,24.38888888888889,9.141766666666667
8,Italy,1968,2910,11997.90909090909,38.90632305263158,7.484629418604651,35.2258484848485,24.38888888888889,9.141766666666667
8,Italy,1969,3227,11997.90909090909,38.90632305263158,7.484629418604651,35.2258484848485,24.38888888888889,9.141766666666667
8,Italy,1970,3602,11997.90909090909,38.90632305263158,7.484629418604651,35.2258484848485,24.38888888888889,9.141766666666667
8,Italy,1971,3834,11997.90909090909,38.90632305263158,7.484629418604651,35.2258484848485,24.38888888888889,9.141766666666667
8,Italy,1972,4101,11997.90909090909,38.90632305263158,7.484629418604651,35.2258484848485,24.38888888888889,9.141766666666667
8,Italy,1973,4594,11997.90909090909,38.90632305263158,7.484629418604651,35.2258484848485,24.38888888888889,9.141766666666667
8,Italy,1974,5240,11997.90909090909,38.90632305263158,7.484629418604651,35.2258484848485,24.38888888888889,9.141766666666667
8,Italy,1975,5601,11997.90909090909,38.90632305263158,7.484629418604651,35.2258484848485,24.38888888888889,9.141766666666667
8,Italy,1976,6288,11997.90909090909,38.90632305263158,7.484629418604651,35.2258484848485,24.38888888888889,9.141766666666667
8,Italy,1977,6821,11997.90909090909,38.90632305263158,7.484629418604651,35.2258484848485,24.38888888888889,9.141766666666667
8,Italy,1978,7542,11997.90909090909,38.90632305263158,7.484629418604651,35.2258484848485,24.38888888888889,9.141766666666667
8,Italy,1979,8594,11997.90909090909,38.90632305263158,7.484629418604651,35.2258484848485,24.38888888888889,9.141766666666667
8,Italy,1980,9643,11997.90909090909,38.90632305263158,7.484629418604651,35.2258484848485,24.38888888888889,9.141766666666667
8,Italy,1981,10593,11997.90909090909,38.90632305263158,7.484629418604651,35.2258484848485,24.38888888888889,9.141766666666667
8,Italy,1982,11275,11997.90909090909,38.90632305263158,7.484629418604651,35.2258484848485,24.38888888888889,9.141766666666667
8,Italy,1983,11812,11997.90909090909,38.90632305263158,7.484629418604651,35.2258484848485,24.38888888888889,9.141766666666667
8,Italy,1984,12543,11997.90909090909,38.90632305263158,7.484629418604651,35.2258484848485,24.38888888888889,9.141766666666667
8,Italy,1985,13285,11997.90909090909,38.90632305263158,7.484629418604651,35.2258484848485,24.38888888888889,9.141766666666667
8,Italy,1986,13896,11997.90909090909,38.90632305263158,7.484629418604651,35.2258484848485,24.38888888888889,9.141766666666667
8,Italy,1987,14688,11997.90909090909,38.90632305263158,7.484629418604651,35.2258484848485,24.38888888888889,9.141766666666667
8,Italy,1988,15784,11997.90909090909,38.90632305263158,7.484629418604651,35.2258484848485,24.38888888888889,9.141766666666667
8,Italy,1989,16875,11997.90909090909,38.90632305263158,7.484629418604651,35.2258484848485,24.38888888888889,9.141766666666667
8,Italy,1990,17946,11997.90909090909,38.90632305263158,7.484629418604651,35.2258484848485,24.38888888888889,9.141766666666667
8,Italy,1991,18845,11997.90909090909,38.90632305263158,7.484629418604651,35.2258484848485,24.38888888888889,9.141766666666667
8,Italy,1992,19367,11997.90909090909,38.90632305263158,7.484629418604651,35.2258484848485,24.38888888888889,9.141766666666667
8,Italy,1993,19778,11997.90909090909,38.90632305263158,7.484629418604651,35.2258484848485,24.38888888888889,9.141766666666667
8,Italy,1994,20577,11997.90909090909,38.90632305263158,7.484629418604651,35.2258484848485,24.38888888888889,9.141766666666667
8,Italy,1995,21532,11997.90909090909,38.90632305263158,7.484629418604651,35.2258484848485,24.38888888888889,9.141766666666667
8,Italy,1996,22235,11997.90909090909,38.90632305263158,7.484629418604651,35.2258484848485,24.38888888888889,9.141766666666667
8,Italy,1997,22810,11997.90909090909,38.90632305263158,7.484629418604651,35.2258484848485,24.38888888888889,9.141766666666667
8,Italy,1998,23840,11997.90909090909,38.90632305263158,7.484629418604651,35.2258484848485,24.38888888888889,9.141766666666667
8,Italy,1999,24402,11997.90909090909,38.90632305263158,7.484629418604651,35.2258484848485,24.38888888888889,9.141766666666667
8,Italy,2000,25759,11997.90909090909,38.90632305263158,7.484629418604651,35.2258484848485,24.38888888888889,9.141766666666667
8,Italy,2001,26586,11997.90909090909,38.90632305263158,7.484629418604651,35.2258484848485,24.38888888888889,9.141766666666667
8,Italy,2002,27320,11997.90909090909,38.90632305263158,7.484629418604651,35.2258484848485,24.38888888888889,9.141766666666667
8,Italy,2003,27537,11997.90909090909,38.90632305263158,7.484629418604651,35.2258484848485,24.38888888888889,9.141766666666667
9,Netherlands,1960,2113,13083.931818181818,95.49305450000001,4.114349495348838,31.8583346875,37.85555555555555,7.480486666666667
9,Netherlands,1961,2111,13083.931818181818,95.49305450000001,4.114349495348838,31.8583346875,37.85555555555555,7.480486666666667
9,Netherlands,1962,2275,13083.931818181818,95.49305450000001,4.114349495348838,31.8583346875,37.85555555555555,7.480486666666667
9,Netherlands,1963,2360,13083.931818181818,95.49305450000001,4.114349495348838,31.8583346875,37.85555555555555,7.480486666666667
9,Netherlands,1964,2566,13083.931818181818,95.49305450000001,4.114349495348838,31.8583346875,37.85555555555555,7.480486666666667
9,Netherlands,1965,2739,13083.931818181818,95.49305450000001,4.114349495348838,31.8583346875,37.85555555555555,7.480486666666667
9,Netherlands,1966,2874,13083.931818181818,95.49305450000001,4.114349495348838,31.8583346875,37.85555555555555,7.480486666666667
9,Netherlands,1967,3078,13083.931818181818,95.49305450000001,4.114349495348838,31.8583346875,37.85555555555555,7.480486666666667
9,Netherlands,1968,3399,13083.931818181818,95.49305450000001,4.114349495348838,31.8583346875,37.85555555555555,7.480486666666667
9,Netherlands,1969,3951,13083.931818181818,95.49305450000001,4.114349495348838,31.8583346875,37.85555555555555,7.480486666666667
9,Netherlands,1970,4342,13083.931818181818,95.49305450000001,4.114349495348838,31.8583346875,37.85555555555555,7.480486666666667
9,Netherlands,1971,4705,13083.931818181818,95.49305450000001,4.114349495348838,31.8583346875,37.85555555555555,7.480486666666667
9,Netherlands,1972,4984,13083.931818181818,95.49305450000001,4.114349495348838,31.8583346875,37.85555555555555,7.480486666666667
9,Netherlands,1973,5475,13083.931818181818,95.49305450000001,4.114349495348838,31.8583346875,37.85555555555555,7.480486666666667
9,Netherlands,1974,6165,13083.931818181818,95.49305450000001,4.114349495348838,31.8583346875,37.85555555555555,7.480486666666667
9,Netherlands,1975,6699,13083.931818181818,95.49305450000001,4.114349495348838,31.8583346875,37.85555555555555,7.480486666666667
9,Netherlands,1976,7345,13083.931818181818,95.49305450000001,4.114349495348838,31.8583346875,37.85555555555555,7.480486666666667
9,Netherlands,1977,7959,13083.931818181818,95.49305450000001,4.114349495348838,31.8583346875,37.85555555555555,7.480486666666667
9,Netherlands,1978,8676,13083.931818181818,95.49305450000001,4.114349495348838,31.8583346875,37.85555555555555,7.480486666666667
9,Netherlands,1979,9504,13083.931818181818,95.49305450000001,4.114349495348838,31.8583346875,37.85555555555555,7.480486666666667
9,Netherlands,1980,10458,13083.931818181818,95.49305450000001,4.114349495348838,31.8583346875,37.85555555555555,7.480486666666667
9,Netherlands,1981,11304,13083.931818181818,95.49305450000001,4.114349495348838,31.8583346875,37.85555555555555,7.480486666666667
9,Netherlands,1982,11784,13083.931818181818,95.49305450000001,4.114349495348838,31.8583346875,37.85555555555555,7.480486666666667
9,Netherlands,1983,12419,13083.931818181818,95.49305450000001,4.114349495348838,31.8583346875,37.85555555555555,7.480486666666667
9,Netherlands,1984,13234,13083.931818181818,95.49305450000001,4.114349495348838,31.8583346875,37.85555555555555,7.480486666666667
9,Netherlands,1985,13938,13083.931818181818,95.49305450000001,4.114349495348838,31.8583346875,37.85555555555555,7.480486666666667
9,Netherlands,1986,14613,13083.931818181818,95.49305450000001,4.114349495348838,31.8583346875,37.85555555555555,7.480486666666667
9,Netherlands,1987,15197,13083.931818181818,95.49305450000001,4.114349495348838,31.8583346875,37.85555555555555,7.480486666666667
9,Netherlands,1988,16082,13083.931818181818,95.49305450000001,4.114349495348838,31.8583346875,37.85555555555555,7.480486666666667
9,Netherlands,1989,17387,13083.931818181818,95.49305450000001,4.114349495348838,31.8583346875,37.85555555555555,7.480486666666667
9,Netherlands,1990,18665,13083.931818181818,95.49305450000001,4.114349495348838,31.8583346875,37.85555555555555,7.480486666666667
9,Netherlands,1991,19626,13083.931818181818,95.49305450000001,4.114349495348838,31.8583346875,37.85555555555555,7.480486666666667
9,Netherlands,1992,20224,13083.931818181818,95.49305450000001,4.114349495348838,31.8583346875,37.85555555555555,7.480486666666667
9,Netherlands,1993,20679,13083.931818181818,95.49305450000001,4.114349495348838,31.8583346875,37.85555555555555,7.480486666666667
9,Netherlands,1994,21588,13083.931818181818,95.49305450000001,4.114349495348838,31.8583346875,37.85555555555555,7.480486666666667
9,Netherlands,1995,22585,13083.931818181818,95.49305450000001,4.114349495348838,31.8583346875,37.85555555555555,7.480486666666667
9,Netherlands,1996,23531,13083.931818181818,95.49305450000001,4.114349495348838,31.8583346875,37.85555555555555,7.480486666666667
9,Netherlands,1997,24692,13083.931818181818,95.49305450000001,4.114349495348838,31.8583346875,37.85555555555555,7.480486666666667
9,Netherlands,1998,25811,13083.931818181818,95.49305450000001,4.114349495348838,31.8583346875,37.85555555555555,7.480486666666667
9,Netherlands,1999,26654,13083.931818181818,95.49305450000001,4.114349495348838,31.8583346875,37.85555555555555,7.480486666666667
9,Netherlands,2000,28467,13083.931818181818,95.49305450000001,4.114349495348838,31.8583346875,37.85555555555555,7.480486666666667
9,Netherlands,2001,30359,13083.931818181818,95.49305450000001,4.114349495348838,31.8583346875,37.85555555555555,7.480486666666667
9,Netherlands,2002,31284,13083.931818181818,95.49305450000001,4.114349495348838,31.8583346875,37.85555555555555,7.480486666666667
9,Netherlands,2003,31792,13083.931818181818,95.49305450000001,4.114349495348838,31.8583346875,37.85555555555555,7.480486666666667
10,Norway,1960,1713,13519.886363636364,74.06290202564102,5.486820790697675,36.68413515151515,43.1888888888889,10.76838
10,Norway,1961,1823,13519.886363636364,74.06290202564102,5.486820790697675,36.68413515151515,43.1888888888889,10.76838
10,Norway,1962,1905,13519.886363636364,74.06290202564102,5.486820790697675,36.68413515151515,43.1888888888889,10.76838
10,Norway,1963,1991,13519.886363636364,74.06290202564102,5.486820790697675,36.68413515151515,43.1888888888889,10.76838
10,Norway,1964,2112,13519.886363636364,74.06290202564102,5.486820790697675,36.68413515151515,43.1888888888889,10.76838
10,Norway,1965,2268,13519.886363636364,74.06290202564102,5.486820790697675,36.68413515151515,43.1888888888889,10.76838
10,Norway,1966,2417,13519.886363636364,74.06290202564102,5.486820790697675,36.68413515151515,43.1888888888889,10.76838
10,Norway,1967,2620,13519.886363636364,74.06290202564102,5.486820790697675,36.68413515151515,43.1888888888889,10.76838
10,Norway,1968,2784,13519.886363636364,74.06290202564102,5.486820790697675,36.68413515151515,43.1888888888889,10.76838
10,Norway,1969,3035,13519.886363636364,74.06290202564102,5.486820790697675,36.68413515151515,43.1888888888889,10.76838
10,Norway,1970,3213,13519.886363636364,74.06290202564102,5.486820790697675,36.68413515151515,43.1888888888889,10.76838
10,Norway,1971,3523,13519.886363636364,74.06290202564102,5.486820790697675,36.68413515151515,43.1888888888889,10.76838
10,Norway,1972,3814,13519.886363636364,74.06290202564102,5.486820790697675,36.68413515151515,43.1888888888889,10.76838
10,Norway,1973,4138,13519.886363636364,74.06290202564102,5.486820790697675,36.68413515151515,43.1888888888889,10.76838
10,Norway,1974,4728,13519.886363636364,74.06290202564102,5.486820790697675,36.68413515151515,43.1888888888889,10.76838
10,Norway,1975,5458,13519.886363636364,74.06290202564102,5.486820790697675,36.68413515151515,43.1888888888889,10.76838
10,Norway,1976,6116,13519.886363636364,74.06290202564102,5.486820790697675,36.68413515151515,43.1888888888889,10.76838
10,Norway,1977,6742,13519.886363636364,74.06290202564102,5.486820790697675,36.68413515151515,43.1888888888889,10.76838
10,Norway,1978,7412,13519.886363636364,74.06290202564102,5.486820790697675,36.68413515151515,43.1888888888889,10.76838
10,Norway,1979,8354,13519.886363636364,74.06290202564102,5.486820790697675,36.68413515151515,43.1888888888889,10.76838
10,Norway,1980,9557,13519.886363636364,74.06290202564102,5.486820790697675,36.68413515151515,43.1888888888889,10.76838
10,Norway,1981,10548,13519.886363636364,74.06290202564102,5.486820790697675,36.68413515151515,43.1888888888889,10.76838
10,Norway,1982,11205,13519.886363636364,74.06290202564102,5.486820790697675,36.68413515151515,43.1888888888889,10.76838
10,Norway,1983,12022,13519.886363636364,74.06290202564102,5.486820790697675,36.68413515151515,43.1888888888889,10.76838
10,Norway,1984,13220,13519.886363636364,74.06290202564102,5.486820790697675,36.68413515151515,43.1888888888889,10.76838
10,Norway,1985,14354,13519.886363636364,74.06290202564102,5.486820790697675,36.68413515151515,43.1888888888889,10.76838
10,Norway,1986,15184,13519.886363636364,74.06290202564102,5.486820790697675,36.68413515151515,43.1888888888889,10.76838
10,Norway,1987,15823,13519.886363636364,74.06290202564102,5.486820790697675,36.68413515151515,43.1888888888889,10.76838
10,Norway,1988,16299,13519.886363636364,74.06290202564102,5.486820790697675,36.68413515151515,43.1888888888889,10.76838
10,Norway,1989,17043,13519.886363636364,74.06290202564102,5.486820790697675,36.68413515151515,43.1888888888889,10.76838
10,Norway,1990,18004,13519.886363636364,74.06290202564102,5.486820790697675,36.68413515151515,43.1888888888889,10.76838
10,Norway,1991,19212,13519.886363636364,74.06290202564102,5.486820790697675,36.68413515151515,43.1888888888889,10.76838
10,Norway,1992,20185,13519.886363636364,74.06290202564102,5.486820790697675,36.68413515151515,43.1888888888889,10.76838
10,Norway,1993,21088,13519.886363636364,74.06290202564102,5.486820790697675,36.68413515151515,43.1888888888889,10.76838
10,Norway,1994,22534,13519.886363636364,74.06290202564102,5.486820790697675,36.68413515151515,43.1888888888889,10.76838
10,Norway,1995,23874,13519.886363636364,74.06290202564102,5.486820790697675,36.68413515151515,43.1888888888889,10.76838
10,Norway,1996,26263,13519.886363636364,74.06290202564102,5.486820790697675,36.68413515151515,43.1888888888889,10.76838
10,Norway,1997,27776,13519.886363636364,74.06290202564102,5.486820790697675,36.68413515151515,43.1888888888889,10.76838
10,Norway,1998,27294,13519.886363636364,74.06290202564102,5.486820790697675,36.68413515151515,43.1888888888889,10.76838
10,Norway,1999,30011,13519.886363636364,74.06290202564102,5.486820790697675,36.68413515151515,43.1888888888889,10.76838
10,Norway,2000,36273,13519.886363636364,74.06290202564102,5.486820790697675,36.68413515151515,43.1888888888889,10.76838
10,Norway,2001,37078,13519.886363636364,74.06290202564102,5.486820790697675,36.68413515151515,43.1888888888889,10.76838
10,Norway,2002,36617,13519.886363636364,74.06290202564102,5.486820790697675,36.68413515151515,43.1888888888889,10.76838
10,Norway,2003,37245,13519.886363636364,74.06290202564102,5.486820790697675,36.68413515151515,43.1888888888889,10.76838
12,Switzerland,1960,3387,16063.09090909091,64.21666836842105,3.2440197767441856,31.500146705882358,43.333333333333336,10.545559666666668
12,Switzerland,1961,3625,16063.09090909091,64.21666836842105,3.2440197767441856,31.500146705882358,43.333333333333336,10.545559666666668
12,Switzerland,1962,3788,16063.09090909091,64.21666836842105,3.2440197767441856,31.500146705882358,43.333333333333336,10.545559666666668
12,Switzerland,1963,3946,16063.09090909091,64.21666836842105,3.2440197767441856,31.500146705882358,43.333333333333336,10.545559666666668
12,Switzerland,1964,4158,16063.09090909091,64.21666836842105,3.2440197767441856,31.500146705882358,43.333333333333336,10.545559666666668
12,Switzerland,1965,4360,16063.09090909091,64.21666836842105,3.2440197767441856,31.500146705882358,43.333333333333336,10.545559666666668
12,Switzerland,1966,4575,16063.09090909091,64.21666836842105,3.2440197767441856,31.500146705882358,43.333333333333336,10.545559666666668
12,Switzerland,1967,4790,16063.09090909091,64.21666836842105,3.2440197767441856,31.500146705882358,43.333333333333336,10.545559666666668
12,Switzerland,1968,5138,16063.09090909091,64.21666836842105,3.2440197767441856,31.500146705882358,43.333333333333336,10.545559666666668
12,Switzerland,1969,5645,16063.09090909091,64.21666836842105,3.2440197767441856,31.500146705882358,43.333333333333336,10.545559666666668
12,Switzerland,1970,6382,16063.09090909091,64.21666836842105,3.2440197767441856,31.500146705882358,43.333333333333336,10.545559666666668
12,Switzerland,1971,6938,16063.09090909091,64.21666836842105,3.2440197767441856,31.500146705882358,43.333333333333336,10.545559666666668
12,Switzerland,1972,7406,16063.09090909091,64.21666836842105,3.2440197767441856,31.500146705882358,43.333333333333336,10.545559666666668
12,Switzerland,1973,7998,16063.09090909091,64.21666836842105,3.2440197767441856,31.500146705882358,43.333333333333336,10.545559666666668
12,Switzerland,1974,8800,16063.09090909091,64.21666836842105,3.2440197767441856,31.500146705882358,43.333333333333336,10.545559666666668
12,Switzerland,1975,8934,16063.09090909091,64.21666836842105,3.2440197767441856,31.500146705882358,43.333333333333336,10.545559666666668
12,Switzerland,1976,9368,16063.09090909091,64.21666836842105,3.2440197767441856,31.500146705882358,43.333333333333336,10.545559666666668
12,Switzerland,1977,10240,16063.09090909091,64.21666836842105,3.2440197767441856,31.500146705882358,43.333333333333336,10.545559666666668
12,Switzerland,1978,11003,16063.09090909091,64.21666836842105,3.2440197767441856,31.500146705882358,43.333333333333336,10.545559666666668
12,Switzerland,1979,12189,16063.09090909091,64.21666836842105,3.2440197767441856,31.500146705882358,43.333333333333336,10.545559666666668
12,Switzerland,1980,13853,16063.09090909091,64.21666836842105,3.2440197767441856,31.500146705882358,43.333333333333336,10.545559666666668
12,Switzerland,1981,15338,16063.09090909091,64.21666836842105,3.2440197767441856,31.500146705882358,43.333333333333336,10.545559666666668
12,Switzerland,1982,15963,16063.09090909091,64.21666836842105,3.2440197767441856,31.500146705882358,43.333333333333336,10.545559666666668
12,Switzerland,1983,16611,16063.09090909091,64.21666836842105,3.2440197767441856,31.500146705882358,43.333333333333336,10.545559666666668
12,Switzerland,1984,17710,16063.09090909091,64.21666836842105,3.2440197767441856,31.500146705882358,43.333333333333336,10.545559666666668
12,Switzerland,1985,18812,16063.09090909091,64.21666836842105,3.2440197767441856,31.500146705882358,43.333333333333336,10.545559666666668
12,Switzerland,1986,19458,16063.09090909091,64.21666836842105,3.2440197767441856,31.500146705882358,43.333333333333336,10.545559666666668
12,Switzerland,1987,20120,16063.09090909091,64.21666836842105,3.2440197767441856,31.500146705882358,43.333333333333336,10.545559666666668
12,Switzerland,1988,21334,16063.09090909091,64.21666836842105,3.2440197767441856,31.500146705882358,43.333333333333336,10.545559666666668
12,Switzerland,1989,22965,16063.09090909091,64.21666836842105,3.2440197767441856,31.500146705882358,43.333333333333336,10.545559666666668
12,Switzerland,1990,24518,16063.09090909091,64.21666836842105,3.2440197767441856,31.500146705882358,43.333333333333336,10.545559666666668
12,Switzerland,1991,24840,16063.09090909091,64.21666836842105,3.2440197767441856,31.500146705882358,43.333333333333336,10.545559666666668
12,Switzerland,1992,25141,16063.09090909091,64.21666836842105,3.2440197767441856,31.500146705882358,43.333333333333336,10.545559666666668
12,Switzerland,1993,25427,16063.09090909091,64.21666836842105,3.2440197767441856,31.500146705882358,43.333333333333336,10.545559666666668
12,Switzerland,1994,26031,16063.09090909091,64.21666836842105,3.2440197767441856,31.500146705882358,43.333333333333336,10.545559666666668
12,Switzerland,1995,26485,16063.09090909091,64.21666836842105,3.2440197767441856,31.500146705882358,43.333333333333336,10.545559666666668
12,Switzerland,1996,26394,16063.09090909091,64.21666836842105,3.2440197767441856,31.500146705882358,43.333333333333336,10.545559666666668
12,Switzerland,1997,27850,16063.09090909091,64.21666836842105,3.2440197767441856,31.500146705882358,43.333333333333336,10.545559666666668
12,Switzerland,1998,28835,16063.09090909091,64.21666836842105,3.2440197767441856,31.500146705882358,43.333333333333336,10.545559666666668
12,Switzerland,1999,28887,16063.09090909091,64.21666836842105,3.2440197767441856,31.500146705882358,43.333333333333336,10.545559666666668
12,Switzerland,2000,30461,16063.09090909091,64.21666836842105,3.2440197767441856,31.500146705882358,43.333333333333336,10.545559666666668
12,Switzerland,2001,30806,16063.09090909091,64.21666836842105,3.2440197767441856,31.500146705882358,43.333333333333336,10.545559666666668
12,Switzerland,2002,32751,16063.09090909091,64.21666836842105,3.2440197767441856,31.500146705882358,43.333333333333336,10.545559666666668
12,Switzerland,2003,33516,16063.09090909091,64.21666836842105,3.2440197767441856,31.500146705882358,43.333333333333336,10.545559666666668
14,Japan,1960,1010,11988.818181818182,21.28760333333333,4.085833523255814,38.3979846875,39.96666666666666,11.908486666666667
14,Japan,1961,1143,11988.818181818182,21.28760333333333,4.085833523255814,38.3979846875,39.96666666666666,11.908486666666667
14,Japan,1962,1262,11988.818181818182,21.28760333333333,4.085833523255814,38.3979846875,39.96666666666666,11.908486666666667
14,Japan,1963,1374,11988.818181818182,21.28760333333333,4.085833523255814,38.3979846875,39.96666666666666,11.908486666666667
14,Japan,1964,1546,11988.818181818182,21.28760333333333,4.085833523255814,38.3979846875,39.96666666666666,11.908486666666667
14,Japan,1965,1647,11988.818181818182,21.28760333333333,4.085833523255814,38.3979846875,39.96666666666666,11.908486666666667
14,Japan,1966,1889,11988.818181818182,21.28760333333333,4.085833523255814,38.3979846875,39.96666666666666,11.908486666666667
14,Japan,1967,2133,11988.818181818182,21.28760333333333,4.085833523255814,38.3979846875,39.96666666666666,11.908486666666667
14,Japan,1968,2496,11988.818181818182,21.28760333333333,4.085833523255814,38.3979846875,39.96666666666666,11.908486666666667
14,Japan,1969,2917,11988.818181818182,21.28760333333333,4.085833523255814,38.3979846875,39.96666666666666,11.908486666666667
14,Japan,1970,3293,11988.818181818182,21.28760333333333,4.085833523255814,38.3979846875,39.96666666666666,11.908486666666667
14,Japan,1971,3575,11988.818181818182,21.28760333333333,4.085833523255814,38.3979846875,39.96666666666666,11.908486666666667
14,Japan,1972,3988,11988.818181818182,21.28760333333333,4.085833523255814,38.3979846875,39.96666666666666,11.908486666666667
14,Japan,1973,4491,11988.818181818182,21.28760333333333,4.085833523255814,38.3979846875,39.96666666666666,11.908486666666667
14,Japan,1974,4778,11988.818181818182,21.28760333333333,4.085833523255814,38.3979846875,39.96666666666666,11.908486666666667
14,Japan,1975,5300,11988.818181818182,21.28760333333333,4.085833523255814,38.3979846875,39.96666666666666,11.908486666666667
14,Japan,1976,5768,11988.818181818182,21.28760333333333,4.085833523255814,38.3979846875,39.96666666666666,11.908486666666667
14,Japan,1977,6344,11988.818181818182,21.28760333333333,4.085833523255814,38.3979846875,39.96666666666666,11.908486666666667
14,Japan,1978,7084,11988.818181818182,21.28760333333333,4.085833523255814,38.3979846875,39.96666666666666,11.908486666666667
14,Japan,1979,8027,11988.818181818182,21.28760333333333,4.085833523255814,38.3979846875,39.96666666666666,11.908486666666667
14,Japan,1980,8931,11988.818181818182,21.28760333333333,4.085833523255814,38.3979846875,39.96666666666666,11.908486666666667
14,Japan,1981,9986,11988.818181818182,21.28760333333333,4.085833523255814,38.3979846875,39.96666666666666,11.908486666666667
14,Japan,1982,10813,11988.818181818182,21.28760333333333,4.085833523255814,38.3979846875,39.96666666666666,11.908486666666667
14,Japan,1983,11346,11988.818181818182,21.28760333333333,4.085833523255814,38.3979846875,39.96666666666666,11.908486666666667
14,Japan,1984,12064,11988.818181818182,21.28760333333333,4.085833523255814,38.3979846875,39.96666666666666,11.908486666666667
14,Japan,1985,12978,11988.818181818182,21.28760333333333,4.085833523255814,38.3979846875,39.96666666666666,11.908486666666667
14,Japan,1986,13590,11988.818181818182,21.28760333333333,4.085833523255814,38.3979846875,39.96666666666666,11.908486666666667
14,Japan,1987,14425,11988.818181818182,21.28760333333333,4.085833523255814,38.3979846875,39.96666666666666,11.908486666666667
14,Japan,1988,15862,11988.818181818182,21.28760333333333,4.085833523255814,38.3979846875,39.96666666666666,11.908486666666667
14,Japan,1989,17269,11988.818181818182,21.28760333333333,4.085833523255814,38.3979846875,39.96666666666666,11.908486666666667
14,Japan,1990,18815,11988.818181818182,21.28760333333333,4.085833523255814,38.3979846875,39.96666666666666,11.908486666666667
14,Japan,1991,20055,11988.818181818182,21.28760333333333,4.085833523255814,38.3979846875,39.96666666666666,11.908486666666667
14,Japan,1992,20648,11988.818181818182,21.28760333333333,4.085833523255814,38.3979846875,39.96666666666666,11.908486666666667
14,Japan,1993,21122,11988.818181818182,21.28760333333333,4.085833523255814,38.3979846875,39.96666666666666,11.908486666666667
14,Japan,1994,21757,11988.818181818182,21.28760333333333,4.085833523255814,38.3979846875,39.96666666666666,11.908486666666667
14,Japan,1995,22551,11988.818181818182,21.28760333333333,4.085833523255814,38.3979846875,39.96666666666666,11.908486666666667
14,Japan,1996,23714,11988.818181818182,21.28760333333333,4.085833523255814,38.3979846875,39.96666666666666,11.908486666666667
14,Japan,1997,24478,11988.818181818182,21.28760333333333,4.085833523255814,38.3979846875,39.96666666666666,11.908486666666667
14,Japan,1998,24429,11988.818181818182,21.28760333333333,4.085833523255814,38.3979846875,39.96666666666666,11.908486666666667
14,Japan,1999,24709,11988.818181818182,21.28760333333333,4.085833523255814,38.3979846875,39.96666666666666,11.908486666666667
14,Japan,2000,26015,11988.818181818182,21.28760333333333,4.085833523255814,38.3979846875,39.96666666666666,11.908486666666667
14,Japan,2001,26619,11988.818181818182,21.28760333333333,4.085833523255814,38.3979846875,39.96666666666666,11.908486666666667
14,Japan,2002,27196,11988.818181818182,21.28760333333333,4.085833523255814,38.3979846875,39.96666666666666,11.908486666666667
14,Japan,2003,28071,11988.818181818182,21.28760333333333,4.085833523255814,38.3979846875,39.96666666666666,11.908486666666667
16,Greece,1960,707,8030.136363636364,34.31442376315789,10.7149572,28.88561515151515,19.877777777777776,8.203413333333334
16,Greece,1961,1028,8030.136363636364,34.31442376315789,10.7149572,28.88561515151515,19.877777777777776,8.203413333333334
16,Greece,1962,1049,8030.136363636364,34.31442376315789,10.7149572,28.88561515151515,19.877777777777776,8.203413333333334
16,Greece,1963,1188,8030.136363636364,34.31442376315789,10.7149572,28.88561515151515,19.877777777777776,8.203413333333334
16,Greece,1964,1316,8030.136363636364,34.31442376315789,10.7149572,28.88561515151515,19.877777777777776,8.203413333333334
16,Greece,1965,1492,8030.136363636364,34.31442376315789,10.7149572,28.88561515151515,19.877777777777776,8.203413333333334
16,Greece,1966,1634,8030.136363636364,34.31442376315789,10.7149572,28.88561515151515,19.877777777777776,8.203413333333334
16,Greece,1967,1754,8030.136363636364,34.31442376315789,10.7149572,28.88561515151515,19.877777777777776,8.203413333333334
16,Greece,1968,1967,8030.136363636364,34.31442376315789,10.7149572,28.88561515151515,19.877777777777776,8.203413333333334
16,Greece,1969,2298,8030.136363636364,34.31442376315789,10.7149572,28.88561515151515,19.877777777777776,8.203413333333334
16,Greece,1970,2631,8030.136363636364,34.31442376315789,10.7149572,28.88561515151515,19.877777777777776,8.203413333333334
16,Greece,1971,2988,8030.136363636364,34.31442376315789,10.7149572,28.88561515151515,19.877777777777776,8.203413333333334
16,Greece,1972,3383,8030.136363636364,34.31442376315789,10.7149572,28.88561515151515,19.877777777777776,8.203413333333334
16,Greece,1973,3844,8030.136363636364,34.31442376315789,10.7149572,28.88561515151515,19.877777777777776,8.203413333333334
16,Greece,1974,3907,8030.136363636364,34.31442376315789,10.7149572,28.88561515151515,19.877777777777776,8.203413333333334
16,Greece,1975,4505,8030.136363636364,34.31442376315789,10.7149572,28.88561515151515,19.877777777777776,8.203413333333334
16,Greece,1976,5024,8030.136363636364,34.31442376315789,10.7149572,28.88561515151515,19.877777777777776,8.203413333333334
16,Greece,1977,5417,8030.136363636364,34.31442376315789,10.7149572,28.88561515151515,19.877777777777776,8.203413333333334
16,Greece,1978,6138,8030.136363636364,34.31442376315789,10.7149572,28.88561515151515,19.877777777777776,8.203413333333334
16,Greece,1979,6781,8030.136363636364,34.31442376315789,10.7149572,28.88561515151515,19.877777777777776,8.203413333333334
16,Greece,1980,7374,8030.136363636364,34.31442376315789,10.7149572,28.88561515151515,19.877777777777776,8.203413333333334
16,Greece,1981,7870,8030.136363636364,34.31442376315789,10.7149572,28.88561515151515,19.877777777777776,8.203413333333334
16,Greece,1982,8204,8030.136363636364,34.31442376315789,10.7149572,28.88561515151515,19.877777777777776,8.203413333333334
16,Greece,1983,8388,8030.136363636364,34.31442376315789,10.7149572,28.88561515151515,19.877777777777776,8.203413333333334
16,Greece,1984,8834,8030.136363636364,34.31442376315789,10.7149572,28.88561515151515,19.877777777777776,8.203413333333334
16,Greece,1985,9297,8030.136363636364,34.31442376315789,10.7149572,28.88561515151515,19.877777777777776,8.203413333333334
16,Greece,1986,9525,8030.136363636364,34.31442376315789,10.7149572,28.88561515151515,19.877777777777776,8.203413333333334
16,Greece,1987,9548,8030.136363636364,34.31442376315789,10.7149572,28.88561515151515,19.877777777777776,8.203413333333334
16,Greece,1988,10277,8030.136363636364,34.31442376315789,10.7149572,28.88561515151515,19.877777777777776,8.203413333333334
16,Greece,1989,11036,8030.136363636364,34.31442376315789,10.7149572,28.88561515151515,19.877777777777776,8.203413333333334
16,Greece,1990,11405,8030.136363636364,34.31442376315789,10.7149572,28.88561515151515,19.877777777777776,8.203413333333334
16,Greece,1991,11971,8030.136363636364,34.31442376315789,10.7149572,28.88561515151515,19.877777777777776,8.203413333333334
16,Greece,1992,12198,8030.136363636364,34.31442376315789,10.7149572,28.88561515151515,19.877777777777776,8.203413333333334
16,Greece,1993,12166,8030.136363636364,34.31442376315789,10.7149572,28.88561515151515,19.877777777777776,8.203413333333334
16,Greece,1994,12566,8030.136363636364,34.31442376315789,10.7149572,28.88561515151515,19.877777777777776,8.203413333333334
16,Greece,1995,12991,8030.136363636364,34.31442376315789,10.7149572,28.88561515151515,19.877777777777776,8.203413333333334
16,Greece,1996,13418,8030.136363636364,34.31442376315789,10.7149572,28.88561515151515,19.877777777777776,8.203413333333334
16,Greece,1997,14127,8030.136363636364,34.31442376315789,10.7149572,28.88561515151515,19.877777777777776,8.203413333333334
16,Greece,1998,14665,8030.136363636364,34.31442376315789,10.7149572,28.88561515151515,19.877777777777776,8.203413333333334
16,Greece,1999,15213,8030.136363636364,34.31442376315789,10.7149572,28.88561515151515,19.877777777777776,8.203413333333334
16,Greece,2000,16272,8030.136363636364,34.31442376315789,10.7149572,28.88561515151515,19.877777777777776,8.203413333333334
16,Greece,2001,17332,8030.136363636364,34.31442376315789,10.7149572,28.88561515151515,19.877777777777776,8.203413333333334
16,Greece,2002,19119,8030.136363636364,34.31442376315789,10.7149572,28.88561515151515,19.877777777777776,8.203413333333334
16,Greece,2003,20479,8030.136363636364,34.31442376315789,10.7149572,28.88561515151515,19.877777777777776,8.203413333333334
18,Portugal,1960,728,7267.5,58.288090289473686,10.659256395348837,32.43254375,10.277777777777779,9.008933333333333
18,Portugal,1961,783,7267.5,58.288090289473686,10.659256395348837,32.43254375,10.277777777777779,9.008933333333333
18,Portugal,1962,848,7267.5,58.288090289473686,10.659256395348837,32.43254375,10.277777777777779,9.008933333333333
18,Portugal,1963,905,7267.5,58.288090289473686,10.659256395348837,32.43254375,10.277777777777779,9.008933333333333
18,Portugal,1964,979,7267.5,58.288090289473686,10.659256395348837,32.43254375,10.277777777777779,9.008933333333333
18,Portugal,1965,1084,7267.5,58.288090289473686,10.659256395348837,32.43254375,10.277777777777779,9.008933333333333
18,Portugal,1966,1170,7267.5,58.288090289473686,10.659256395348837,32.43254375,10.277777777777779,9.008933333333333
18,Portugal,1967,1293,7267.5,58.288090289473686,10.659256395348837,32.43254375,10.277777777777779,9.008933333333333
18,Portugal,1968,1475,7267.5,58.288090289473686,10.659256395348837,32.43254375,10.277777777777779,9.008933333333333
18,Portugal,1969,1592,7267.5,58.288090289473686,10.659256395348837,32.43254375,10.277777777777779,9.008933333333333
18,Portugal,1970,1916,7267.5,58.288090289473686,10.659256395348837,32.43254375,10.277777777777779,9.008933333333333
18,Portugal,1971,2153,7267.5,58.288090289473686,10.659256395348837,32.43254375,10.277777777777779,9.008933333333333
18,Portugal,1972,2420,7267.5,58.288090289473686,10.659256395348837,32.43254375,10.277777777777779,9.008933333333333
18,Portugal,1973,2845,7267.5,58.288090289473686,10.659256395348837,32.43254375,10.277777777777779,9.008933333333333
18,Portugal,1974,3048,7267.5,58.288090289473686,10.659256395348837,32.43254375,10.277777777777779,9.008933333333333
18,Portugal,1975,3045,7267.5,58.288090289473686,10.659256395348837,32.43254375,10.277777777777779,9.008933333333333
18,Portugal,1976,3407,7267.5,58.288090289473686,10.659256395348837,32.43254375,10.277777777777779,9.008933333333333
18,Portugal,1977,3784,7267.5,58.288090289473686,10.659256395348837,32.43254375,10.277777777777779,9.008933333333333
18,Portugal,1978,4120,7267.5,58.288090289473686,10.659256395348837,32.43254375,10.277777777777779,9.008933333333333
18,Portugal,1979,4663,7267.5,58.288090289473686,10.659256395348837,32.43254375,10.277777777777779,9.008933333333333
18,Portugal,1980,5263,7267.5,58.288090289473686,10.659256395348837,32.43254375,10.277777777777779,9.008933333333333
18,Portugal,1981,5812,7267.5,58.288090289473686,10.659256395348837,32.43254375,10.277777777777779,9.008933333333333
18,Portugal,1982,6263,7267.5,58.288090289473686,10.659256395348837,32.43254375,10.277777777777779,9.008933333333333
18,Portugal,1983,6479,7267.5,58.288090289473686,10.659256395348837,32.43254375,10.277777777777779,9.008933333333333
18,Portugal,1984,6570,7267.5,58.288090289473686,10.659256395348837,32.43254375,10.277777777777779,9.008933333333333
18,Portugal,1985,6959,7267.5,58.288090289473686,10.659256395348837,32.43254375,10.277777777777779,9.008933333333333
18,Portugal,1986,7414,7267.5,58.288090289473686,10.659256395348837,32.43254375,10.277777777777779,9.008933333333333
18,Portugal,1987,8126,7267.5,58.288090289473686,10.659256395348837,32.43254375,10.277777777777779,9.008933333333333
18,Portugal,1988,9057,7267.5,58.288090289473686,10.659256395348837,32.43254375,10.277777777777779,9.008933333333333
18,Portugal,1989,10042,7267.5,58.288090289473686,10.659256395348837,32.43254375,10.277777777777779,9.008933333333333
18,Portugal,1990,10894,7267.5,58.288090289473686,10.659256395348837,32.43254375,10.277777777777779,9.008933333333333
18,Portugal,1991,11783,7267.5,58.288090289473686,10.659256395348837,32.43254375,10.277777777777779,9.008933333333333
18,Portugal,1992,12219,7267.5,58.288090289473686,10.659256395348837,32.43254375,10.277777777777779,9.008933333333333
18,Portugal,1993,12236,7267.5,58.288090289473686,10.659256395348837,32.43254375,10.277777777777779,9.008933333333333
18,Portugal,1994,12614,7267.5,58.288090289473686,10.659256395348837,32.43254375,10.277777777777779,9.008933333333333
18,Portugal,1995,13413,7267.5,58.288090289473686,10.659256395348837,32.43254375,10.277777777777779,9.008933333333333
18,Portugal,1996,13974,7267.5,58.288090289473686,10.659256395348837,32.43254375,10.277777777777779,9.008933333333333
18,Portugal,1997,14804,7267.5,58.288090289473686,10.659256395348837,32.43254375,10.277777777777779,9.008933333333333
18,Portugal,1998,15401,7267.5,58.288090289473686,10.659256395348837,32.43254375,10.277777777777779,9.008933333333333
18,Portugal,1999,16363,7267.5,58.288090289473686,10.659256395348837,32.43254375,10.277777777777779,9.008933333333333
18,Portugal,2000,17353,7267.5,58.288090289473686,10.659256395348837,32.43254375,10.277777777777779,9.008933333333333
18,Portugal,2001,18071,7267.5,58.288090289473686,10.659256395348837,32.43254375,10.277777777777779,9.008933333333333
18,Portugal,2002,18799,7267.5,58.288090289473686,10.659256395348837,32.43254375,10.277777777777779,9.008933333333333
18,Portugal,2003,17603,7267.5,58.288090289473686,10.659256395348837,32.43254375,10.277777777777779,9.008933333333333
19,Spain,1960,1074,9222.795454545454,33.69148661538462,8.326765720930233,35.56018515151516,15.355555555555554,8.377666666666668
19,Spain,1961,1201,9222.795454545454,33.69148661538462,8.326765720930233,35.56018515151516,15.355555555555554,8.377666666666668
19,Spain,1962,1335,9222.795454545454,33.69148661538462,8.326765720930233,35.56018515151516,15.355555555555554,8.377666666666668
19,Spain,1963,1467,9222.795454545454,33.69148661538462,8.326765720930233,35.56018515151516,15.355555555555554,8.377666666666668
19,Spain,1964,1554,9222.795454545454,33.69148661538462,8.326765720930233,35.56018515151516,15.355555555555554,8.377666666666668
19,Spain,1965,1678,9222.795454545454,33.69148661538462,8.326765720930233,35.56018515151516,15.355555555555554,8.377666666666668
19,Spain,1966,1841,9222.795454545454,33.69148661538462,8.326765720930233,35.56018515151516,15.355555555555554,8.377666666666668
19,Spain,1967,1954,9222.795454545454,33.69148661538462,8.326765720930233,35.56018515151516,15.355555555555554,8.377666666666668
19,Spain,1968,2160,9222.795454545454,33.69148661538462,8.326765720930233,35.56018515151516,15.355555555555554,8.377666666666668
19,Spain,1969,2447,9222.795454545454,33.69148661538462,8.326765720930233,35.56018515151516,15.355555555555554,8.377666666666668
19,Spain,1970,2715,9222.795454545454,33.69148661538462,8.326765720930233,35.56018515151516,15.355555555555554,8.377666666666668
19,Spain,1971,2951,9222.795454545454,33.69148661538462,8.326765720930233,35.56018515151516,15.355555555555554,8.377666666666668
19,Spain,1972,3293,9222.795454545454,33.69148661538462,8.326765720930233,35.56018515151516,15.355555555555554,8.377666666666668
19,Spain,1973,3710,9222.795454545454,33.69148661538462,8.326765720930233,35.56018515151516,15.355555555555554,8.377666666666668
19,Spain,1974,4227,9222.795454545454,33.69148661538462,8.326765720930233,35.56018515151516,15.355555555555554,8.377666666666668
19,Spain,1975,4600,9222.795454545454,33.69148661538462,8.326765720930233,35.56018515151516,15.355555555555554,8.377666666666668
19,Spain,1976,4965,9222.795454545454,33.69148661538462,8.326765720930233,35.56018515151516,15.355555555555554,8.377666666666668
19,Spain,1977,5364,9222.795454545454,33.69148661538462,8.326765720930233,35.56018515151516,15.355555555555554,8.377666666666668
19,Spain,1978,5761,9222.795454545454,33.69148661538462,8.326765720930233,35.56018515151516,15.355555555555554,8.377666666666668
19,Spain,1979,6188,9222.795454545454,33.69148661538462,8.326765720930233,35.56018515151516,15.355555555555554,8.377666666666668
19,Spain,1980,6856,9222.795454545454,33.69148661538462,8.326765720930233,35.56018515151516,15.355555555555554,8.377666666666668
19,Spain,1981,7447,9222.795454545454,33.69148661538462,8.326765720930233,35.56018515151516,15.355555555555554,8.377666666666668
19,Spain,1982,7957,9222.795454545454,33.69148661538462,8.326765720930233,35.56018515151516,15.355555555555554,8.377666666666668
19,Spain,1983,8378,9222.795454545454,33.69148661538462,8.326765720930233,35.56018515151516,15.355555555555554,8.377666666666668
19,Spain,1984,8812,9222.795454545454,33.69148661538462,8.326765720930233,35.56018515151516,15.355555555555554,8.377666666666668
19,Spain,1985,9259,9222.795454545454,33.69148661538462,8.326765720930233,35.56018515151516,15.355555555555554,8.377666666666668
19,Spain,1986,9744,9222.795454545454,33.69148661538462,8.326765720930233,35.56018515151516,15.355555555555554,8.377666666666668
19,Spain,1987,10542,9222.795454545454,33.69148661538462,8.326765720930233,35.56018515151516,15.355555555555554,8.377666666666668
19,Spain,1988,11434,9222.795454545454,33.69148661538462,8.326765720930233,35.56018515151516,15.355555555555554,8.377666666666668
19,Spain,1989,12417,9222.795454545454,33.69148661538462,8.326765720930233,35.56018515151516,15.355555555555554,8.377666666666668
19,Spain,1990,13365,9222.795454545454,33.69148661538462,8.326765720930233,35.56018515151516,15.355555555555554,8.377666666666668
19,Spain,1991,14152,9222.795454545454,33.69148661538462,8.326765720930233,35.56018515151516,15.355555555555554,8.377666666666668
19,Spain,1992,14564,9222.795454545454,33.69148661538462,8.326765720930233,35.56018515151516,15.355555555555554,8.377666666666668
19,Spain,1993,14699,9222.795454545454,33.69148661538462,8.326765720930233,35.56018515151516,15.355555555555554,8.377666666666668
19,Spain,1994,15325,9222.795454545454,33.69148661538462,8.326765720930233,35.56018515151516,15.355555555555554,8.377666666666668
19,Spain,1995,16032,9222.795454545454,33.69148661538462,8.326765720930233,35.56018515151516,15.355555555555554,8.377666666666668
19,Spain,1996,16720,9222.795454545454,33.69148661538462,8.326765720930233,35.56018515151516,15.355555555555554,8.377666666666668
19,Spain,1997,17420,9222.795454545454,33.69148661538462,8.326765720930233,35.56018515151516,15.355555555555554,8.377666666666668
19,Spain,1998,18479,9222.795454545454,33.69148661538462,8.326765720930233,35.56018515151516,15.355555555555554,8.377666666666668
19,Spain,1999,19817,9222.795454545454,33.69148661538462,8.326765720930233,35.56018515151516,15.355555555555554,8.377666666666668
19,Spain,2000,21074,9222.795454545454,33.69148661538462,8.326765720930233,35.56018515151516,15.355555555555554,8.377666666666668
19,Spain,2001,22257,9222.795454545454,33.69148661538462,8.326765720930233,35.56018515151516,15.355555555555554,8.377666666666668
19,Spain,2002,23756,9222.795454545454,33.69148661538462,8.326765720930233,35.56018515151516,15.355555555555554,8.377666666666668
19,Spain,2003,24812,9222.795454545454,33.69148661538462,8.326765720930233,35.56018515151516,15.355555555555554,8.377666666666668
20,Australia,1960,2373,12752.477272727272,33.1809447948718,5.649302055813954,31.78771125,47.900000000000006,10.110426666666667
20,Australia,1961,2346,12752.477272727272,33.1809447948718,5.649302055813954,31.78771125,47.900000000000006,10.110426666666667
20,Australia,1962,2539,12752.477272727272,33.1809447948718,5.649302055813954,31.78771125,47.900000000000006,10.110426666666667
20,Australia,1963,2717,12752.477272727272,33.1809447948718,5.649302055813954,31.78771125,47.900000000000006,10.110426666666667
20,Australia,1964,2873,12752.477272727272,33.1809447948718,5.649302055813954,31.78771125,47.900000000000006,10.110426666666667
20,Australia,1965,2973,12752.477272727272,33.1809447948718,5.649302055813954,31.78771125,47.900000000000006,10.110426666666667
20,Australia,1966,3230,12752.477272727272,33.1809447948718,5.649302055813954,31.78771125,47.900000000000006,10.110426666666667
20,Australia,1967,3404,12752.477272727272,33.1809447948718,5.649302055813954,31.78771125,47.900000000000006,10.110426666666667
20,Australia,1968,3788,12752.477272727272,33.1809447948718,5.649302055813954,31.78771125,47.900000000000006,10.110426666666667
20,Australia,1969,4162,12752.477272727272,33.1809447948718,5.649302055813954,31.78771125,47.900000000000006,10.110426666666667
20,Australia,1970,4490,12752.477272727272,33.1809447948718,5.649302055813954,31.78771125,47.900000000000006,10.110426666666667
20,Australia,1971,4677,12752.477272727272,33.1809447948718,5.649302055813954,31.78771125,47.900000000000006,10.110426666666667
20,Australia,1972,5013,12752.477272727272,33.1809447948718,5.649302055813954,31.78771125,47.900000000000006,10.110426666666667
20,Australia,1973,5595,12752.477272727272,33.1809447948718,5.649302055813954,31.78771125,47.900000000000006,10.110426666666667
20,Australia,1974,6024,12752.477272727272,33.1809447948718,5.649302055813954,31.78771125,47.900000000000006,10.110426666666667
20,Australia,1975,6683,12752.477272727272,33.1809447948718,5.649302055813954,31.78771125,47.900000000000006,10.110426666666667
20,Australia,1976,7140,12752.477272727272,33.1809447948718,5.649302055813954,31.78771125,47.900000000000006,10.110426666666667
20,Australia,1977,7482,12752.477272727272,33.1809447948718,5.649302055813954,31.78771125,47.900000000000006,10.110426666666667
20,Australia,1978,8272,12752.477272727272,33.1809447948718,5.649302055813954,31.78771125,47.900000000000006,10.110426666666667
20,Australia,1979,9174,12752.477272727272,33.1809447948718,5.649302055813954,31.78771125,47.900000000000006,10.110426666666667
20,Australia,1980,10203,12752.477272727272,33.1809447948718,5.649302055813954,31.78771125,47.900000000000006,10.110426666666667
20,Australia,1981,11513,12752.477272727272,33.1809447948718,5.649302055813954,31.78771125,47.900000000000006,10.110426666666667
20,Australia,1982,11537,12752.477272727272,33.1809447948718,5.649302055813954,31.78771125,47.900000000000006,10.110426666666667
20,Australia,1983,12300,12752.477272727272,33.1809447948718,5.649302055813954,31.78771125,47.900000000000006,10.110426666666667
20,Australia,1984,13120,12752.477272727272,33.1809447948718,5.649302055813954,31.78771125,47.900000000000006,10.110426666666667
20,Australia,1985,14019,12752.477272727272,33.1809447948718,5.649302055813954,31.78771125,47.900000000000006,10.110426666666667
20,Australia,1986,14537,12752.477272727272,33.1809447948718,5.649302055813954,31.78771125,47.900000000000006,10.110426666666667
20,Australia,1987,15554,12752.477272727272,33.1809447948718,5.649302055813954,31.78771125,47.900000000000006,10.110426666666667
20,Australia,1988,16524,12752.477272727272,33.1809447948718,5.649302055813954,31.78771125,47.900000000000006,10.110426666666667
20,Australia,1989,17255,12752.477272727272,33.1809447948718,5.649302055813954,31.78771125,47.900000000000006,10.110426666666667
20,Australia,1990,17322,12752.477272727272,33.1809447948718,5.649302055813954,31.78771125,47.900000000000006,10.110426666666667
20,Australia,1991,17652,12752.477272727272,33.1809447948718,5.649302055813954,31.78771125,47.900000000000006,10.110426666666667
20,Australia,1992,18496,12752.477272727272,33.1809447948718,5.649302055813954,31.78771125,47.900000000000006,10.110426666666667
20,Australia,1993,19432,12752.477272727272,33.1809447948718,5.649302055813954,31.78771125,47.900000000000006,10.110426666666667
20,Australia,1994,20583,12752.477272727272,33.1809447948718,5.649302055813954,31.78771125,47.900000000000006,10.110426666666667
20,Australia,1995,21773,12752.477272727272,33.1809447948718,5.649302055813954,31.78771125,47.900000000000006,10.110426666666667
20,Australia,1996,22562,12752.477272727272,33.1809447948718,5.649302055813954,31.78771125,47.900000000000006,10.110426666666667
20,Australia,1997,23649,12752.477272727272,33.1809447948718,5.649302055813954,31.78771125,47.900000000000006,10.110426666666667
20,Australia,1998,24853,12752.477272727272,33.1809447948718,5.649302055813954,31.78771125,47.900000000000006,10.110426666666667
20,Australia,1999,26283,12752.477272727272,33.1809447948718,5.649302055813954,31.78771125,47.900000000000006,10.110426666666667
20,Australia,2000,27403,12752.477272727272,33.1809447948718,5.649302055813954,31.78771125,47.900000000000006,10.110426666666667
20,Australia,2001,28492,12752.477272727272,33.1809447948718,5.649302055813954,31.78771125,47.900000000000006,10.110426666666667
20,Australia,2002,29819,12752.477272727272,33.1809447948718,5.649302055813954,31.78771125,47.900000000000006,10.110426666666667
20,Australia,2003,31273,12752.477272727272,33.1809447948718,5.649302055813954,31.78771125,47.900000000000006,10.110426666666667
21,New Zealand,1960,2545,10625.25,54.59719431578948,6.893102602325581,30.601364,43.733333333333334,8.6946
21,New Zealand,1961,2659,10625.25,54.59719431578948,6.893102602325581,30.601364,43.733333333333334,8.6946
21,New Zealand,1962,2713,10625.25,54.59719431578948,6.893102602325581,30.601364,43.733333333333334,8.6946
21,New Zealand,1963,2866,10625.25,54.59719431578948,6.893102602325581,30.601364,43.733333333333334,8.6946
21,New Zealand,1964,3001,10625.25,54.59719431578948,6.893102602325581,30.601364,43.733333333333334,8.6946
21,New Zealand,1965,3224,10625.25,54.59719431578948,6.893102602325581,30.601364,43.733333333333334,8.6946
21,New Zealand,1966,3481,10625.25,54.59719431578948,6.893102602325581,30.601364,43.733333333333334,8.6946
21,New Zealand,1967,3360,10625.25,54.59719431578948,6.893102602325581,30.601364,43.733333333333334,8.6946
21,New Zealand,1968,3489,10625.25,54.59719431578948,6.893102602325581,30.601364,43.733333333333334,8.6946
21,New Zealand,1969,3969,10625.25,54.59719431578948,6.893102602325581,30.601364,43.733333333333334,8.6946
21,New Zealand,1970,4136,10625.25,54.59719431578948,6.893102602325581,30.601364,43.733333333333334,8.6946
21,New Zealand,1971,4438,10625.25,54.59719431578948,6.893102602325581,30.601364,43.733333333333334,8.6946
21,New Zealand,1972,4780,10625.25,54.59719431578948,6.893102602325581,30.601364,43.733333333333334,8.6946
21,New Zealand,1973,5335,10625.25,54.59719431578948,6.893102602325581,30.601364,43.733333333333334,8.6946
21,New Zealand,1974,6041,10625.25,54.59719431578948,6.893102602325581,30.601364,43.733333333333334,8.6946
21,New Zealand,1975,6382,10625.25,54.59719431578948,6.893102602325581,30.601364,43.733333333333334,8.6946
21,New Zealand,1976,6748,10625.25,54.59719431578948,6.893102602325581,30.601364,43.733333333333334,8.6946
21,New Zealand,1977,6867,10625.25,54.59719431578948,6.893102602325581,30.601364,43.733333333333334,8.6946
21,New Zealand,1978,7301,10625.25,54.59719431578948,6.893102602325581,30.601364,43.733333333333334,8.6946
21,New Zealand,1979,7915,10625.25,54.59719431578948,6.893102602325581,30.601364,43.733333333333334,8.6946
21,New Zealand,1980,8656,10625.25,54.59719431578948,6.893102602325581,30.601364,43.733333333333334,8.6946
21,New Zealand,1981,9736,10625.25,54.59719431578948,6.893102602325581,30.601364,43.733333333333334,8.6946
21,New Zealand,1982,10687,10625.25,54.59719431578948,6.893102602325581,30.601364,43.733333333333334,8.6946
21,New Zealand,1983,11262,10625.25,54.59719431578948,6.893102602325581,30.601364,43.733333333333334,8.6946
21,New Zealand,1984,12141,10625.25,54.59719431578948,6.893102602325581,30.601364,43.733333333333334,8.6946
21,New Zealand,1985,12556,10625.25,54.59719431578948,6.893102602325581,30.601364,43.733333333333334,8.6946
21,New Zealand,1986,13085,10625.25,54.59719431578948,6.893102602325581,30.601364,43.733333333333334,8.6946
21,New Zealand,1987,13402,10625.25,54.59719431578948,6.893102602325581,30.601364,43.733333333333334,8.6946
21,New Zealand,1988,13569,10625.25,54.59719431578948,6.893102602325581,30.601364,43.733333333333334,8.6946
21,New Zealand,1989,14124,10625.25,54.59719431578948,6.893102602325581,30.601364,43.733333333333334,8.6946
21,New Zealand,1990,14420,10625.25,54.59719431578948,6.893102602325581,30.601364,43.733333333333334,8.6946
21,New Zealand,1991,14252,10625.25,54.59719431578948,6.893102602325581,30.601364,43.733333333333334,8.6946
21,New Zealand,1992,14679,10625.25,54.59719431578948,6.893102602325581,30.601364,43.733333333333334,8.6946
21,New Zealand,1993,15605,10625.25,54.59719431578948,6.893102602325581,30.601364,43.733333333333334,8.6946
21,New Zealand,1994,16686,10625.25,54.59719431578948,6.893102602325581,30.601364,43.733333333333334,8.6946
21,New Zealand,1995,17402,10625.25,54.59719431578948,6.893102602325581,30.601364,43.733333333333334,8.6946
21,New Zealand,1996,17879,10625.25,54.59719431578948,6.893102602325581,30.601364,43.733333333333334,8.6946
21,New Zealand,1997,18510,10625.25,54.59719431578948,6.893102602325581,30.601364,43.733333333333334,8.6946
21,New Zealand,1998,18669,10625.25,54.59719431578948,6.893102602325581,30.601364,43.733333333333334,8.6946
21,New Zealand,1999,19937,10625.25,54.59719431578948,6.893102602325581,30.601364,43.733333333333334,8.6946
21,New Zealand,2000,20789,10625.25,54.59719431578948,6.893102602325581,30.601364,43.733333333333334,8.6946
21,New Zealand,2001,21825,10625.25,54.59719431578948,6.893102602325581,30.601364,43.733333333333334,8.6946
21,New Zealand,2002,22662,10625.25,54.59719431578948,6.893102602325581,30.601364,43.733333333333334,8.6946
21,New Zealand,2003,23728,10625.25,54.59719431578948,6.893102602325581,30.601364,43.733333333333334,8.6946
