date,cases
2019-01-01,0.0
2019-01-02,0.0
2019-01-03,0.0
2019-01-04,0.0
2019-01-05,0.0
2019-01-06,0.0
2019-01-07,0.0
2019-01-08,0.0
2019-01-09,0.0
2019-01-10,0.0
2019-01-11,0.0
2019-01-12,0.0
2019-01-13,0.0
2019-01-14,0.0
2019-01-15,0.0
2019-01-16,0.0
2019-01-17,0.0
2019-01-18,0.0
2019-01-19,1.0
2019-01-20,0.0
2019-01-21,1.0
2019-01-22,0.0
2019-01-23,0.0
2019-01-24,0.0
2019-01-25,0.0
2019-01-26,0.0
2019-01-27,0.0
2019-01-28,1.0
2019-01-29,0.0
2019-01-30,0.0
2019-01-31,0.0
2019-02-01,1.0
2019-02-02,1.0
2019-02-03,0.0
2019-02-04,0.0
2019-02-05,1.0
2019-02-06,0.0
2019-02-07,1.0
2019-02-08,0.0
2019-02-09,0.0
2019-02-10,1.0
2019-02-11,2.0
2019-02-12,1.0
2019-02-13,0.0
2019-02-14,1.0
2019-02-15,0.0
2019-02-16,1.0
2019-02-17,0.0
2019-02-18,2.0
2019-02-19,1.0
2019-02-20,1.0
2019-02-21,1.0
2019-02-22,0.0
2019-02-23,1.0
2019-02-24,0.0
2019-02-25,3.0
2019-02-26,1.0
2019-02-27,0.0
2019-02-28,0.0
2019-03-01,3.0
2019-03-02,2.0
2019-03-03,1.0
2019-03-04,1.0
2019-03-05,1.0
2019-03-06,1.0
2019-03-07,1.0
2019-03-08,1.0
2019-03-09,0.0
2019-03-10,2.0
2019-03-11,3.0
2019-03-12,2.0
2019-03-13,0.0
2019-03-14,1.0
2019-03-15,1.0
2019-03-16,0.0
2019-03-17,1.0
2019-03-18,2.0
2019-03-19,0.0
2019-03-20,1.0
2019-03-21,0.0
2019-03-22,2.0
2019-03-23,2.0
2019-03-24,2.0
2019-03-25,2.0
2019-03-26,1.0
2019-03-27,1.0
2019-03-28,3.0
2019-03-29,1.0
2019-03-30,1.0
2019-03-31,1.0
2019-04-01,3.0
2019-04-02,3.0
2019-04-03,5.0
2019-04-04,1.0
2019-04-05,2.0
2019-04-06,0.0
2019-04-07,2.0
2019-04-08,3.0
2019-04-09,4.0
2019-04-10,0.0
2019-04-11,2.0
2019-04-12,2.0
2019-04-13,0.0
2019-04-14,2.0
2019-04-15,1.0
2019-04-16,2.0
2019-04-17,3.0
2019-04-18,4.0
2019-04-19,1.0
2019-04-20,1.0
2019-04-21,2.0
2019-04-22,5.0
2019-04-23,1.0
2019-04-24,4.0
2019-04-25,4.0
2019-04-26,4.0
2019-04-27,1.0
2019-04-28,2.0
2019-04-29,2.0
2019-04-30,2.0
2019-05-01,3.0
2019-05-02,4.0
2019-05-03,0.0
2019-05-04,3.0
2019-05-05,1.0
2019-05-06,4.0
2019-05-07,6.0
2019-05-08,3.0
2019-05-09,3.0
2019-05-10,0.0
2019-05-11,3.0
2019-05-12,2.0
2019-05-13,1.0
2019-05-14,4.0
2019-05-15,3.0
2019-05-16,6.0
2019-05-17,2.0
2019-05-18,3.0
2019-05-19,0.0
2019-05-20,3.0
2019-05-21,3.0
2019-05-22,5.0
2019-05-23,1.0
2019-05-24,1.0
2019-05-25,1.0
2019-05-26,0.0
2019-05-27,5.0
2019-05-28,5.0
2019-05-29,5.0
2019-05-30,3.0
2019-05-31,2.0
2019-06-01,3.0
2019-06-02,2.0
2019-06-03,2.0
2019-06-04,3.0
2019-06-05,2.0
2019-06-06,3.0
2019-06-07,2.0
2019-06-08,3.0
2019-06-09,4.0
2019-06-10,4.0
2019-06-11,5.0
2019-06-12,6.0
2019-06-13,4.0
2019-06-14,4.0
2019-06-15,1.0
2019-06-16,3.0
2019-06-17,6.0
2019-06-18,3.0
2019-06-19,4.0
2019-06-20,0.0
2019-06-21,2.0
2019-06-22,8.0
2019-06-23,3.0
2019-06-24,7.0
2019-06-25,9.0
2019-06-26,5.0
2019-06-27,4.0
2019-06-28,6.0
2019-06-29,1.0
2019-06-30,2.0
2019-07-01,8.0
2019-07-02,4.0
2019-07-03,4.0
2019-07-04,4.0
2019-07-05,2.0
2019-07-06,0.0
2019-07-07,2.0
2019-07-08,3.0
2019-07-09,6.0
2019-07-10,6.0
2019-07-11,4.0
2019-07-12,3.0
2019-07-13,0.0
2019-07-14,4.0
2019-07-15,3.0
2019-07-16,5.0
2019-07-17,2.0
2019-07-18,6.0
2019-07-19,11.0
2019-07-20,2.0
2019-07-21,4.0
2019-07-22,4.0
2019-07-23,5.0
2019-07-24,2.0
2019-07-25,3.0
2019-07-26,2.0
2019-07-27,2.0
2019-07-28,0.0
2019-07-29,5.0
2019-07-30,9.0
2019-07-31,7.0
2019-08-01,5.0
2019-08-02,3.0
2019-08-03,1.0
2019-08-04,2.0
2019-08-05,4.0
2019-08-06,2.0
2019-08-07,3.0
2019-08-08,0.0
2019-08-09,2.0
2019-08-10,1.0
2019-08-11,1.0
2019-08-12,1.0
2019-08-13,9.0
2019-08-14,5.0
2019-08-15,0.0
2019-08-16,0.0
2019-08-17,0.0
2019-08-18,2.0
2019-08-19,4.0
2019-08-20,7.0
2019-08-21,9.0
2019-08-22,4.0
2019-08-23,5.0
2019-08-24,1.0
2019-08-25,3.0
2019-08-26,9.0
2019-08-27,3.0
2019-08-28,8.0
2019-08-29,5.0
2019-08-30,8.0
2019-08-31,4.0
2019-09-01,5.0
2019-09-02,8.0
2019-09-03,4.0
2019-09-04,7.0
2019-09-05,9.0
2019-09-06,5.0
2019-09-07,4.0
2019-09-08,5.0
2019-09-09,7.0
2019-09-10,12.0
2019-09-11,12.0
2019-09-12,5.0
2019-09-13,11.0
2019-09-14,7.0
2019-09-15,1.0
2019-09-16,5.0
2019-09-17,7.0
2019-09-18,5.0
2019-09-19,4.0
2019-09-20,3.0
2019-09-21,2.0
2019-09-22,3.0
2019-09-23,15.0
2019-09-24,5.0
2019-09-25,10.0
2019-09-26,6.0
2019-09-27,6.0
2019-09-28,2.0
2019-09-29,4.0
2019-09-30,9.0
2019-10-01,5.0
2019-10-02,9.0
2019-10-03,3.0
2019-10-04,6.0
2019-10-05,5.0
2019-10-06,6.0
2019-10-07,5.0
2019-10-08,6.0
2019-10-09,10.0
2019-10-10,7.0
2019-10-11,11.0
2019-10-12,4.0
2019-10-13,3.0
2019-10-14,11.0
2019-10-15,8.0
2019-10-16,10.0
2019-10-17,11.0
2019-10-18,10.0
2019-10-19,9.0
2019-10-20,6.0
2019-10-21,10.0
2019-10-22,12.0
2019-10-23,8.0
2019-10-24,6.0
2019-10-25,5.0
2019-10-26,7.0
2019-10-27,2.0
2019-10-28,3.0
2019-10-29,11.0
2019-10-30,6.0
2019-10-31,12.0
2019-11-01,5.0
2019-11-02,6.0
2019-11-03,7.0
2019-11-04,8.0
2019-11-05,9.0
2019-11-06,3.0
2019-11-07,12.0
2019-11-08,3.0
2019-11-09,2.0
2019-11-10,6.0
2019-11-11,13.0
2019-11-12,10.0
2019-11-13,7.0
2019-11-14,3.0
2019-11-15,8.0
2019-11-16,7.0
2019-11-17,9.0
2019-11-18,15.0
2019-11-19,9.0
2019-11-20,8.0
2019-11-21,6.0
2019-11-22,9.0
2019-11-23,7.0
2019-11-24,4.0
2019-11-25,12.0
2019-11-26,8.0
2019-11-27,8.0
2019-11-28,4.0
2019-11-29,8.0
2019-11-30,5.0
2019-12-01,8.0
2019-12-02,12.0
2019-12-03,6.0
2019-12-04,9.0
2019-12-05,10.0
2019-12-06,12.0
2019-12-07,7.0
2019-12-08,6.0
2019-12-09,16.0
2019-12-10,9.0
2019-12-11,8.0
2019-12-12,11.0
2019-12-13,8.0
2019-12-14,6.0
2019-12-15,3.0
2019-12-16,11.0
2019-12-17,11.0
2019-12-18,9.0
2019-12-19,12.0
2019-12-20,3.0
2019-12-21,2.0
2019-12-22,3.0
2019-12-23,15.0
2019-12-24,11.0
2019-12-25,8.0
2019-12-26,8.0
2019-12-27,13.0
2019-12-28,5.0
2019-12-29,5.0
2019-12-30,15.0
2019-12-31,11.0
2020-01-01,4.0
2020-01-02,19.0
2020-01-03,8.0
2020-01-04,8.0
2020-01-05,7.0
2020-01-06,14.0
2020-01-07,12.0
2020-01-08,16.0
2020-01-09,9.0
2020-01-10,8.0
2020-01-11,7.0
2020-01-12,9.0
2020-01-13,17.0
2020-01-14,11.0
2020-01-15,14.0
2020-01-16,10.0
2020-01-17,4.0
2020-01-18,7.0
2020-01-19,6.0
2020-01-20,10.0
2020-01-21,12.0
2020-01-22,4.0
2020-01-23,13.0
2020-01-24,15.0
2020-01-25,5.0
2020-01-26,10.0
2020-01-27,12.0
2020-01-28,10.0
2020-01-29,10.0
2020-01-30,8.0
2020-01-31,9.0
2020-02-01,10.0
2020-02-02,8.0
2020-02-03,15.0
2020-02-04,5.0
2020-02-05,9.0
2020-02-06,14.0
2020-02-07,11.0
2020-02-08,1.0
2020-02-09,5.0
2020-02-10,10.0
2020-02-11,16.0
2020-02-12,8.0
2020-02-13,8.0
2020-02-14,13.0
2020-02-15,8.0
2020-02-16,11.0
2020-02-17,10.0
2020-02-18,18.0
2020-02-19,11.0
2020-02-20,9.0
2020-02-21,6.0
2020-02-22,11.0
2020-02-23,4.0
2020-02-24,16.0
2020-02-25,18.0
2020-02-26,10.0
2020-02-27,7.0
2020-02-28,16.0
2020-02-29,6.0
2020-03-01,5.0
2020-03-02,15.0
2020-03-03,12.0
2020-03-04,7.0
2020-03-05,6.0
2020-03-06,5.0
2020-03-07,7.0
2020-03-08,5.0
2020-03-09,10.0
2020-03-10,14.0
2020-03-11,12.0
2020-03-12,2.0
2020-03-13,4.0
2020-03-14,2.0
2020-03-15,4.0
2020-03-16,4.0
2020-03-17,3.0
2020-03-18,6.0
2020-03-19,4.0
2020-03-20,2.0
2020-03-21,0.0
2020-03-22,1.0
2020-03-23,4.0
2020-03-24,3.0
2020-03-25,3.0
2020-03-26,1.0
2020-03-27,5.0
2020-03-28,1.0
2020-03-29,4.0
2020-03-30,8.0
2020-03-31,7.0
2020-04-01,4.0
2020-04-02,3.0
2020-04-03,3.0
2020-04-04,2.0
2020-04-05,2.0
2020-04-06,4.0
2020-04-07,8.0
2020-04-08,4.0
2020-04-09,5.0
2020-04-10,3.0
2020-04-11,0.0
2020-04-12,0.0
2020-04-13,5.0
2020-04-14,2.0
2020-04-15,4.0
2020-04-16,2.0
2020-04-17,2.0
2020-04-18,3.0
2020-04-19,0.0
2020-04-20,7.0
2020-04-21,2.0
2020-04-22,5.0
2020-04-23,2.0
2020-04-24,4.0
2020-04-25,1.0
2020-04-26,1.0
2020-04-27,2.0
2020-04-28,5.0
2020-04-29,3.0
2020-04-30,4.0
2020-05-01,4.0
2020-05-02,1.0
2020-05-03,2.0
2020-05-04,6.0
2020-05-05,5.0
2020-05-06,3.0
2020-05-07,4.0
2020-05-08,1.0
2020-05-09,1.0
2020-05-10,4.0
2020-05-11,7.0
2020-05-12,2.0
2020-05-13,1.0
2020-05-14,2.0
2020-05-15,3.0
2020-05-16,1.0
2020-05-17,2.0
2020-05-18,3.0
2020-05-19,3.0
2020-05-20,6.0
2020-05-21,3.0
2020-05-22,4.0
2020-05-23,0.0
2020-05-24,0.0
2020-05-25,1.0
2020-05-26,9.0
2020-05-27,2.0
2020-05-28,3.0
2020-05-29,1.0
2020-05-30,0.0
2020-05-31,1.0
2020-06-01,6.0
2020-06-02,4.0
2020-06-03,4.0
2020-06-04,3.0
2020-06-05,2.0
2020-06-06,0.0
2020-06-07,2.0
2020-06-08,4.0
2020-06-09,5.0
2020-06-10,6.0
2020-06-11,3.0
2020-06-12,1.0
2020-06-13,2.0
2020-06-14,2.0
2020-06-15,4.0
2020-06-16,6.0
2020-06-17,5.0
2020-06-18,1.0
2020-06-19,4.0
2020-06-20,0.0
2020-06-21,2.0
2020-06-22,3.0
2020-06-23,6.0
2020-06-24,1.0
2020-06-25,3.0
2020-06-26,2.0
2020-06-27,3.0
2020-06-28,4.0
2020-06-29,8.0
2020-06-30,7.0
2020-07-01,11.0
2020-07-02,2.0
2020-07-03,4.0
2020-07-04,2.0
2020-07-05,3.0
2020-07-06,4.0
2020-07-07,1.0
2020-07-08,5.0
2020-07-09,5.0
2020-07-10,2.0
2020-07-11,1.0
2020-07-12,2.0
2020-07-13,8.0
2020-07-14,5.0
2020-07-15,6.0
2020-07-16,7.0
2020-07-17,4.0
2020-07-18,2.0
2020-07-19,1.0
2020-07-20,12.0
2020-07-21,7.0
2020-07-22,4.0
2020-07-23,4.0
2020-07-24,9.0
2020-07-25,0.0
2020-07-26,4.0
2020-07-27,5.0
2020-07-28,8.0
2020-07-29,5.0
2020-07-30,10.0
2020-07-31,4.0
2020-08-01,0.0
2020-08-02,3.0
2020-08-03,6.0
2020-08-04,6.0
2020-08-05,5.0
2020-08-06,4.0
2020-08-07,11.0
2020-08-08,1.0
2020-08-09,0.0
2020-08-10,6.0
2020-08-11,6.0
2020-08-12,5.0
2020-08-13,2.0
2020-08-14,2.0
2020-08-15,7.0
2020-08-16,5.0
2020-08-17,5.0
2020-08-18,9.0
2020-08-19,10.0
2020-08-20,3.0
2020-08-21,7.0
2020-08-22,1.0
2020-08-23,1.0
2020-08-24,6.0
2020-08-25,10.0
2020-08-26,4.0
2020-08-27,4.0
2020-08-28,3.0
2020-08-29,4.0
2020-08-30,5.0
2020-08-31,2.0
2020-09-01,9.0
2020-09-02,14.0
2020-09-03,4.0
2020-09-04,3.0
2020-09-05,2.0
2020-09-06,2.0
2020-09-07,6.0
2020-09-08,3.0
2020-09-09,5.0
2020-09-10,3.0
2020-09-11,3.0
2020-09-12,3.0
2020-09-13,2.0
2020-09-14,4.0
2020-09-15,6.0
2020-09-16,4.0
2020-09-17,3.0
2020-09-18,4.0
2020-09-19,5.0
2020-09-20,6.0
2020-09-21,6.0
2020-09-22,3.0
2020-09-23,8.0
2020-09-24,4.0
2020-09-25,4.0
2020-09-26,3.0
2020-09-27,2.0
2020-09-28,10.0
2020-09-29,8.0
2020-09-30,9.0
2020-10-01,4.0
2020-10-02,3.0
2020-10-03,0.0
2020-10-04,1.0
2020-10-05,5.0
2020-10-06,6.0
2020-10-07,5.0
2020-10-08,2.0
2020-10-09,8.0
2020-10-10,1.0
2020-10-11,2.0
2020-10-12,4.0
2020-10-13,5.0
2020-10-14,5.0
2020-10-15,8.0
2020-10-16,4.0
2020-10-17,5.0
2020-10-18,2.0
2020-10-19,4.0
2020-10-20,6.0
2020-10-21,0.0
2020-10-22,3.0
2020-10-23,4.0
2020-10-24,4.0
2020-10-25,1.0
2020-10-26,2.0
2020-10-27,7.0
2020-10-28,7.0
2020-10-29,7.0
2020-10-30,3.0
2020-10-31,2.0
2020-11-01,1.0
2020-11-02,7.0
2020-11-03,3.0
2020-11-04,3.0
2020-11-05,8.0
2020-11-06,6.0
2020-11-07,3.0
2020-11-08,4.0
2020-11-09,6.0
2020-11-10,4.0
2020-11-11,7.0
2020-11-12,4.0
2020-11-13,3.0
2020-11-14,2.0
2020-11-15,1.0
2020-11-16,4.0
2020-11-17,8.0
2020-11-18,7.0
2020-11-19,2.0
2020-11-20,6.0
2020-11-21,0.0
2020-11-22,2.0
2020-11-23,6.0
2020-11-24,1.0
2020-11-25,6.0
2020-11-26,1.0
2020-11-27,2.0
2020-11-28,9.0
2020-11-29,0.0
2020-11-30,5.0
2020-12-01,11.0
2020-12-02,3.0
2020-12-03,1.0
2020-12-04,4.0
2020-12-05,3.0
2020-12-06,3.0
2020-12-07,5.0
2020-12-08,4.0
2020-12-09,4.0
2020-12-10,9.0
2020-12-11,4.0
2020-12-12,3.0
2020-12-13,1.0
2020-12-14,5.0
2020-12-15,7.0
2020-12-16,5.0
2020-12-17,2.0
2020-12-18,6.0
2020-12-19,1.0
2020-12-20,4.0
2020-12-21,7.0
2020-12-22,2.0
2020-12-23,3.0
2020-12-24,2.0
2020-12-25,2.0
2020-12-26,7.0
2020-12-27,2.0
2020-12-28,6.0
2020-12-29,10.0
2020-12-30,7.0
2020-12-31,7.0
2021-01-01,3.0
2021-01-02,4.0
2021-01-03,0.0
2021-01-04,5.0
2021-01-05,9.0
2021-01-06,6.0
2021-01-07,1.0
2021-01-08,5.0
2021-01-09,2.0
2021-01-10,2.0
2021-01-11,7.0
2021-01-12,4.0
2021-01-13,1.0
2021-01-14,2.0
2021-01-15,2.0
2021-01-16,1.0
2021-01-17,3.0
2021-01-18,3.0
2021-01-19,7.0
2021-01-20,5.0
2021-01-21,8.0
2021-01-22,4.0
2021-01-23,2.0
2021-01-24,3.0
2021-01-25,9.0
2021-01-26,6.0
2021-01-27,7.0
2021-01-28,3.0
2021-01-29,5.0
2021-01-30,1.0
2021-01-31,5.0
2021-02-01,8.0
2021-02-02,2.0
2021-02-03,4.0
2021-02-04,7.0
2021-02-05,6.0
2021-02-06,1.0
2021-02-07,4.0
2021-02-08,10.0
2021-02-09,0.0
2021-02-10,3.0
2021-02-11,6.0
2021-02-12,2.0
2021-02-13,3.0
2021-02-14,2.0
2021-02-15,4.0
2021-02-16,5.0
2021-02-17,6.0
2021-02-18,7.0
2021-02-19,5.0
2021-02-20,3.0
2021-02-21,2.0
2021-02-22,8.0
2021-02-23,8.0
2021-02-24,4.0
2021-02-25,4.0
2021-02-26,10.0
2021-02-27,4.0
2021-02-28,4.0
2021-03-01,10.0
2021-03-02,5.0
2021-03-03,4.0
2021-03-04,2.0
2021-03-05,6.0
2021-03-06,1.0
2021-03-07,4.0
2021-03-08,9.0
2021-03-09,3.0
2021-03-10,7.0
2021-03-11,7.0
2021-03-12,6.0
2021-03-13,0.0
2021-03-14,4.0
2021-03-15,3.0
2021-03-16,1.0
2021-03-17,3.0
2021-03-18,3.0
2021-03-19,5.0
2021-03-20,1.0
2021-03-21,2.0
2021-03-22,8.0
2021-03-23,6.0
2021-03-24,7.0
2021-03-25,3.0
2021-03-26,6.0
2021-03-27,2.0
2021-03-28,5.0
2021-03-29,11.0
2021-03-30,4.0
2021-03-31,10.0
2021-04-01,1.0
2021-04-02,5.0
2021-04-03,1.0
2021-04-04,3.0
2021-04-05,4.0
2021-04-06,2.0
2021-04-07,1.0
2021-04-08,4.0
2021-04-09,4.0
2021-04-10,5.0
2021-04-11,2.0
2021-04-12,4.0
2021-04-13,4.0
2021-04-14,8.0
2021-04-15,3.0
2021-04-16,6.0
2021-04-17,3.0
2021-04-18,1.0
2021-04-19,9.0
2021-04-20,3.0
2021-04-21,1.0
2021-04-22,6.0
2021-04-23,8.0
2021-04-24,2.0
2021-04-25,2.0
2021-04-26,11.0
2021-04-27,4.0
2021-04-28,4.0
2021-04-29,3.0
2021-04-30,4.0
2021-05-01,6.0
2021-05-02,1.0
2021-05-03,8.0
2021-05-04,4.0
2021-05-05,5.0
2021-05-06,4.0
2021-05-07,7.0
2021-05-08,3.0
2021-05-09,1.0
2021-05-10,8.0
2021-05-11,3.0
2021-05-12,6.0
2021-05-13,1.0
2021-05-14,4.0
2021-05-15,3.0
2021-05-16,2.0
2021-05-17,6.0
2021-05-18,3.0
2021-05-19,2.0
2021-05-20,2.0
2021-05-21,3.0
2021-05-22,2.0
2021-05-23,5.0
2021-05-24,3.0
2021-05-25,7.0
2021-05-26,7.0
2021-05-27,4.0
2021-05-28,5.0
2021-05-29,2.0
2021-05-30,3.0
2021-05-31,7.0
2021-06-01,4.0
2021-06-02,3.0
2021-06-03,3.0
2021-06-04,10.0
2021-06-05,4.0
2021-06-06,6.0
2021-06-07,8.0
2021-06-08,8.0
2021-06-09,3.0
2021-06-10,3.0
2021-06-11,5.0
2021-06-12,2.0
2021-06-13,6.0
2021-06-14,3.0
2021-06-15,8.0
2021-06-16,5.0
2021-06-17,3.0
2021-06-18,3.0
2021-06-19,3.0
2021-06-20,4.0
2021-06-21,5.0
2021-06-22,6.0
2021-06-23,11.0
2021-06-24,7.0
2021-06-25,6.0
2021-06-26,4.0
2021-06-27,4.0
2021-06-28,5.0
2021-06-29,11.0
2021-06-30,3.0
2021-07-01,6.0
2021-07-02,7.0
2021-07-03,2.0
2021-07-04,2.0
2021-07-05,3.0
2021-07-06,5.0
2021-07-07,3.0
2021-07-08,5.0
2021-07-09,9.0
2021-07-10,2.0
2021-07-11,4.0
2021-07-12,3.0
2021-07-13,12.0
2021-07-14,6.0
2021-07-15,4.0
2021-07-16,2.0
2021-07-17,1.0
2021-07-18,4.0
2021-07-19,8.0
2021-07-20,6.0
2021-07-21,2.0
2021-07-22,6.0
2021-07-23,8.0
2021-07-24,2.0
2021-07-25,2.0
2021-07-26,6.0
2021-07-27,5.0
2021-07-28,3.0
2021-07-29,4.0
2021-07-30,7.0
2021-07-31,2.0
2021-08-01,3.0
2021-08-02,6.0
2021-08-03,8.0
2021-08-04,5.0
2021-08-05,5.0
2021-08-06,3.0
2021-08-07,5.0
2021-08-08,3.0
2021-08-09,5.0
2021-08-10,10.0
2021-08-11,5.0
2021-08-12,10.0
2021-08-13,2.0
2021-08-14,2.0
2021-08-15,2.0
2021-08-16,4.0
2021-08-17,6.0
2021-08-18,8.0
2021-08-19,3.0
2021-08-20,4.0
2021-08-21,3.0
2021-08-22,1.0
2021-08-23,1.0
2021-08-24,6.0
2021-08-25,7.0
2021-08-26,4.0
2021-08-27,4.0
2021-08-28,4.0
2021-08-29,1.0
2021-08-30,7.0
2021-08-31,10.0
2021-09-01,2.0
2021-09-02,8.0
2021-09-03,8.0
2021-09-04,1.0
2021-09-05,3.0
2021-09-06,4.0
2021-09-07,5.0
2021-09-08,2.0
2021-09-09,5.0
2021-09-10,3.0
2021-09-11,1.0
2021-09-12,0.0
2021-09-13,3.0
2021-09-14,2.0
2021-09-15,2.0
2021-09-16,3.0
2021-09-17,3.0
2021-09-18,1.0
2021-09-19,2.0
2021-09-20,5.0
2021-09-21,2.0
2021-09-22,2.0
2021-09-23,1.0
2021-09-24,6.0
2021-09-25,2.0
2021-09-26,3.0
2021-09-27,4.0
2021-09-28,5.0
2021-09-29,3.0
2021-09-30,3.0
2021-10-01,7.0
2021-10-02,0.0
2021-10-03,2.0
2021-10-04,4.0
2021-10-05,8.0
2021-10-06,2.0
2021-10-07,2.0
2021-10-08,7.0
2021-10-09,6.0
2021-10-10,3.0
2021-10-11,5.0
2021-10-12,9.0
2021-10-13,1.0
2021-10-14,5.0
2021-10-15,6.0
2021-10-16,7.0
2021-10-17,8.0
2021-10-18,7.0
2021-10-19,9.0
2021-10-20,9.0
2021-10-21,5.0
2021-10-22,4.0
2021-10-23,3.0
2021-10-24,3.0
2021-10-25,7.0
2021-10-26,11.0
2021-10-27,8.0
2021-10-28,5.0
2021-10-29,9.0
2021-10-30,8.0
2021-10-31,4.0
2021-11-01,7.0
2021-11-02,5.0
2021-11-03,6.0
2021-11-04,10.0
2021-11-05,13.0
2021-11-06,4.0
2021-11-07,11.0
2021-11-08,9.0
2021-11-09,4.0
2021-11-10,15.0
2021-11-11,8.0
2021-11-12,7.0
2021-11-13,3.0
2021-11-14,4.0
2021-11-15,7.0
2021-11-16,10.0
2021-11-17,10.0
2021-11-18,8.0
2021-11-19,13.0
2021-11-20,3.0
2021-11-21,6.0
2021-11-22,9.0
2021-11-23,4.0
2021-11-24,8.0
2021-11-25,7.0
2021-11-26,8.0
2021-11-27,9.0
2021-11-28,6.0
2021-11-29,17.0
2021-11-30,14.0
2021-12-01,12.0
2021-12-02,9.0
2021-12-03,10.0
2021-12-04,4.0
2021-12-05,8.0
2021-12-06,9.0
2021-12-07,8.0
2021-12-08,11.0
2021-12-09,11.0
2021-12-10,5.0
2021-12-11,5.0
2021-12-12,4.0
2021-12-13,9.0
2021-12-14,7.0
2021-12-15,12.0
2021-12-16,16.0
2021-12-17,11.0
2021-12-18,6.0
2021-12-19,9.0
2021-12-20,11.0
2021-12-21,14.0
2021-12-22,9.0
2021-12-23,12.0
2021-12-24,15.0
2021-12-25,6.0
2021-12-26,6.0
2021-12-27,16.0
2021-12-28,12.0
2021-12-29,12.0
2021-12-30,10.0
2021-12-31,12.0
2022-01-01,8.0
2022-01-02,11.0
2022-01-03,12.0
2022-01-04,11.0
2022-01-05,14.0
2022-01-06,15.0
2022-01-07,14.0
2022-01-08,9.0
2022-01-09,7.0
2022-01-10,9.0
2022-01-11,13.0
2022-01-12,16.0
2022-01-13,8.0
2022-01-14,15.0
2022-01-15,8.0
2022-01-16,9.0
2022-01-17,14.0
2022-01-18,10.0
2022-01-19,14.0
2022-01-20,13.0
2022-01-21,8.0
2022-01-22,11.0
2022-01-23,6.0
2022-01-24,16.0
2022-01-25,11.0
2022-01-26,14.0
2022-01-27,16.0
2022-01-28,17.0
2022-01-29,6.0
2022-01-30,6.0
2022-01-31,17.0
2022-02-01,15.0
2022-02-02,11.0
2022-02-03,16.0
2022-02-04,8.0
2022-02-05,10.0
2022-02-06,8.0
2022-02-07,15.0
2022-02-08,15.0
2022-02-09,19.0
2022-02-10,14.0
2022-02-11,16.0
2022-02-12,7.0
2022-02-13,9.0
2022-02-14,14.0
2022-02-15,14.0
2022-02-16,24.0
2022-02-17,19.0
2022-02-18,17.0
2022-02-19,9.0
2022-02-20,7.0
2022-02-21,21.0
2022-02-22,16.0
2022-02-23,15.0
2022-02-24,15.0
2022-02-25,17.0
2022-02-26,13.0
2022-02-27,7.0
2022-02-28,16.0
2022-03-01,12.0
2022-03-02,19.0
2022-03-03,22.0
2022-03-04,21.0
2022-03-05,16.0
2022-03-06,18.0
2022-03-07,16.0
2022-03-08,22.0
2022-03-09,19.0
2022-03-10,12.0
2022-03-11,22.0
2022-03-12,12.0
2022-03-13,11.0
2022-03-14,26.0
2022-03-15,21.0
2022-03-16,17.0
2022-03-17,24.0
2022-03-18,18.0
2022-03-19,4.0
2022-03-20,14.0
2022-03-21,30.0
2022-03-22,32.0
2022-03-23,18.0
2022-03-24,25.0
2022-03-25,23.0
2022-03-26,8.0
2022-03-27,10.0
2022-03-28,26.0
2022-03-29,23.0
2022-03-30,21.0
2022-03-31,37.0
2022-04-01,19.0
2022-04-02,19.0
2022-04-03,15.0
2022-04-04,31.0
2022-04-05,38.0
2022-04-06,33.0
2022-04-07,31.0
2022-04-08,34.0
2022-04-09,22.0
2022-04-10,23.0
2022-04-11,32.0
2022-04-12,29.0
2022-04-13,29.0
2022-04-14,43.0
2022-04-15,22.0
2022-04-16,16.0
2022-04-17,20.0
2022-04-18,27.0
2022-04-19,25.0
2022-04-20,33.0
2022-04-21,24.0
2022-04-22,26.0
2022-04-23,14.0
2022-04-24,8.0
2022-04-25,25.0
2022-04-26,18.0
2022-04-27,26.0
2022-04-28,31.0
2022-04-29,30.0
2022-04-30,17.0
2022-05-01,14.0
2022-05-02,25.0
2022-05-03,23.0
2022-05-04,32.0
2022-05-05,26.0
2022-05-06,26.0
2022-05-07,23.0
2022-05-08,15.0
2022-05-09,39.0
2022-05-10,35.0
2022-05-11,39.0
2022-05-12,28.0
2022-05-13,33.0
2022-05-14,21.0
2022-05-15,21.0
2022-05-16,47.0
2022-05-17,32.0
2022-05-18,38.0
2022-05-19,30.0
2022-05-20,44.0
2022-05-21,21.0
2022-05-22,20.0
2022-05-23,44.0
2022-05-24,43.0
2022-05-25,28.0
2022-05-26,43.0
2022-05-27,36.0
2022-05-28,25.0
2022-05-29,25.0
2022-05-30,47.0
2022-05-31,50.0
2022-06-01,49.0
2022-06-02,63.0
2022-06-03,41.0
2022-06-04,14.0
2022-06-05,34.0
2022-06-06,72.0
2022-06-07,47.0
2022-06-08,48.0
2022-06-09,53.0
2022-06-10,47.0
2022-06-11,49.0
2022-06-12,41.0
2022-06-13,62.0
2022-06-14,58.0
2022-06-15,56.0
2022-06-16,56.0
2022-06-17,55.0
2022-06-18,44.0
2022-06-19,59.0
2022-06-20,74.0
2022-06-21,61.0
2022-06-22,60.0
2022-06-23,59.0
2022-06-24,66.0
2022-06-25,50.0
2022-06-26,43.0
2022-06-27,62.0
2022-06-28,75.0
2022-06-29,76.0
2022-06-30,59.0
2022-07-01,76.0
2022-07-02,45.0
2022-07-03,47.0
2022-07-04,85.0
2022-07-05,73.0
2022-07-06,78.0
2022-07-07,93.0
2022-07-08,62.0
2022-07-09,40.0
2022-07-10,64.0
2022-07-11,67.0
2022-07-12,59.0
2022-07-13,61.0
2022-07-14,76.0
2022-07-15,63.0
2022-07-16,50.0
2022-07-17,51.0
2022-07-18,70.0
2022-07-19,74.0
2022-07-20,73.0
2022-07-21,64.0
2022-07-22,67.0
2022-07-23,42.0
2022-07-24,45.0
2022-07-25,82.0
2022-07-26,86.0
2022-07-27,83.0
2022-07-28,69.0
2022-07-29,63.0
2022-07-30,43.0
2022-07-31,49.0
2022-08-01,93.0
2022-08-02,75.0
2022-08-03,97.0
2022-08-04,69.0
2022-08-05,85.0
2022-08-06,41.0
2022-08-07,43.0
2022-08-08,70.0
2022-08-09,51.0
2022-08-10,58.0
2022-08-11,80.0
2022-08-12,67.0
2022-08-13,47.0
2022-08-14,50.0
2022-08-15,81.0
2022-08-16,78.0
2022-08-17,74.0
2022-08-18,68.0
2022-08-19,72.0
2022-08-20,50.0
2022-08-21,52.0
2022-08-22,79.0
2022-08-23,68.0
2022-08-24,89.0
2022-08-25,85.0
2022-08-26,78.0
2022-08-27,43.0
2022-08-28,54.0
2022-08-29,76.0
2022-08-30,85.0
2022-08-31,78.0
2022-09-01,52.0
2022-09-02,65.0
2022-09-03,46.0
2022-09-04,47.0
2022-09-05,80.0
2022-09-06,65.0
2022-09-07,58.0
2022-09-08,64.0
2022-09-09,75.0
2022-09-10,59.0
2022-09-11,63.0
2022-09-12,86.0
2022-09-13,82.0
2022-09-14,92.0
2022-09-15,66.0
2022-09-16,72.0
2022-09-17,55.0
2022-09-18,44.0
2022-09-19,80.0
2022-09-20,76.0
2022-09-21,65.0
2022-09-22,74.0
2022-09-23,79.0
2022-09-24,49.0
2022-09-25,49.0
2022-09-26,91.0
2022-09-27,95.0
2022-09-28,74.0
2022-09-29,82.0
2022-09-30,70.0
2022-10-01,45.0
2022-10-02,38.0
2022-10-03,91.0
2022-10-04,73.0
2022-10-05,70.0
2022-10-06,70.0
2022-10-07,63.0
2022-10-08,50.0
2022-10-09,51.0
2022-10-10,74.0
2022-10-11,66.0
2022-10-12,51.0
2022-10-13,70.0
2022-10-14,66.0
2022-10-15,41.0
2022-10-16,64.0
2022-10-17,83.0
2022-10-18,83.0
2022-10-19,60.0
2022-10-20,78.0
2022-10-21,76.0
2022-10-22,51.0
2022-10-23,63.0
2022-10-24,68.0
2022-10-25,74.0
2022-10-26,96.0
2022-10-27,73.0
2022-10-28,60.0
2022-10-29,58.0
2022-10-30,57.0
2022-10-31,88.0
2022-11-01,82.0
2022-11-02,86.0
2022-11-03,83.0
2022-11-04,84.0
2022-11-05,64.0
2022-11-06,63.0
2022-11-07,87.0
2022-11-08,85.0
2022-11-09,82.0
2022-11-10,75.0
2022-11-11,74.0
2022-11-12,60.0
2022-11-13,58.0
2022-11-14,95.0
2022-11-15,83.0
2022-11-16,112.0
2022-11-17,78.0
2022-11-18,68.0
2022-11-19,52.0
2022-11-20,61.0
2022-11-21,87.0
2022-11-22,89.0
2022-11-23,100.0
2022-11-24,88.0
2022-11-25,82.0
2022-11-26,56.0
2022-11-27,57.0
2022-11-28,81.0
2022-11-29,83.0
2022-11-30,90.0
2022-12-01,93.0
2022-12-02,73.0
2022-12-03,56.0
2022-12-04,73.0
2022-12-05,84.0
2022-12-06,84.0
2022-12-07,81.0
2022-12-08,84.0
2022-12-09,80.0
2022-12-10,56.0
2022-12-11,73.0
2022-12-12,86.0
2022-12-13,92.0
2022-12-14,106.0
2022-12-15,74.0
2022-12-16,88.0
2022-12-17,44.0
2022-12-18,82.0
2022-12-19,78.0
2022-12-20,88.0
2022-12-21,94.0
2022-12-22,106.0
2022-12-23,77.0
2022-12-24,66.0
2022-12-25,56.0
2022-12-26,71.0
2022-12-27,96.0
2022-12-28,97.0
2022-12-29,103.0
2022-12-30,68.0
2022-12-31,47.0
2023-01-01,42.0
2023-01-02,59.0
2023-01-03,74.0
2023-01-04,94.0
2023-01-05,99.0
2023-01-06,78.0
2023-01-07,57.0
2023-01-08,71.0
2023-01-09,81.0
2023-01-10,80.0
2023-01-11,61.0
2023-01-12,86.0
2023-01-13,82.0
2023-01-14,50.0
2023-01-15,65.0
2023-01-16,73.0
2023-01-17,66.0
2023-01-18,96.0
2023-01-19,70.0
2023-01-20,69.0
2023-01-21,44.0
2023-01-22,42.0
2023-01-23,89.0
2023-01-24,83.0
2023-01-25,96.0
2023-01-26,79.0
2023-01-27,87.0
2023-01-28,53.0
2023-01-29,56.0
2023-01-30,70.0
2023-01-31,67.0
2023-02-01,84.0
2023-02-02,108.0
2023-02-03,78.0
2023-02-04,46.0
2023-02-05,54.0
2023-02-06,70.0
2023-02-07,56.0
2023-02-08,77.0
2023-02-09,69.0
2023-02-10,64.0
2023-02-11,48.0
2023-02-12,49.0
2023-02-13,63.0
2023-02-14,76.0
2023-02-15,75.0
2023-02-16,70.0
2023-02-17,60.0
2023-02-18,44.0
2023-02-19,52.0
2023-02-20,57.0
2023-02-21,64.0
2023-02-22,81.0
2023-02-23,69.0
2023-02-24,71.0
2023-02-25,54.0
2023-02-26,57.0
2023-02-27,95.0
2023-02-28,76.0
2023-03-01,73.0
2023-03-02,79.0
2023-03-03,104.0
2023-03-04,72.0
2023-03-05,74.0
2023-03-06,88.0
2023-03-07,89.0
2023-03-08,101.0
2023-03-09,103.0
2023-03-10,84.0
2023-03-11,66.0
2023-03-12,76.0
2023-03-13,104.0
2023-03-14,80.0
2023-03-15,62.0
2023-03-16,101.0
2023-03-17,99.0
2023-03-18,66.0
2023-03-19,67.0
2023-03-20,99.0
2023-03-21,105.0
2023-03-22,109.0
2023-03-23,95.0
2023-03-24,96.0
2023-03-25,87.0
2023-03-26,82.0
2023-03-27,138.0
2023-03-28,118.0
2023-03-29,107.0
2023-03-30,121.0
2023-03-31,178.0
2023-04-01,101.0
2023-04-02,114.0
2023-04-03,159.0
2023-04-04,156.0
2023-04-05,148.0
2023-04-06,103.0
2023-04-07,96.0
2023-04-08,70.0
2023-04-09,79.0
2023-04-10,125.0
2023-04-11,153.0
2023-04-12,187.0
2023-04-13,152.0
2023-04-14,114.0
2023-04-15,95.0
2023-04-16,107.0
2023-04-17,151.0
2023-04-18,121.0
2023-04-19,149.0
2023-04-20,150.0
2023-04-21,133.0
2023-04-22,90.0
2023-04-23,120.0
2023-04-24,148.0
2023-04-25,127.0
2023-04-26,144.0
2023-04-27,152.0
2023-04-28,148.0
2023-04-29,121.0
2023-04-30,119.0
2023-05-01,158.0
2023-05-02,180.0
2023-05-03,160.0
2023-05-04,168.0
2023-05-05,158.0
2023-05-06,152.0
2023-05-07,130.0
2023-05-08,203.0
2023-05-09,173.0
2023-05-10,171.0
2023-05-11,178.0
2023-05-12,177.0
2023-05-13,117.0
2023-05-14,137.0
2023-05-15,185.0
2023-05-16,187.0
2023-05-17,188.0
2023-05-18,187.0
2023-05-19,182.0
2023-05-20,116.0
2023-05-21,139.0
2023-05-22,186.0
2023-05-23,214.0
2023-05-24,179.0
2023-05-25,186.0
2023-05-26,197.0
2023-05-27,165.0
2023-05-28,171.0
2023-05-29,222.0
2023-05-30,184.0
2023-05-31,222.0
2023-06-01,230.0
2023-06-02,291.0
2023-06-03,198.0
2023-06-04,188.0
2023-06-05,275.0
2023-06-06,271.0
2023-06-07,271.0
2023-06-08,267.0
2023-06-09,284.0
2023-06-10,211.0
2023-06-11,216.0
2023-06-12,321.0
2023-06-13,284.0
2023-06-14,317.0
2023-06-15,335.0
