state,year,population
Alabama,1990,4048508
Alabama,1991,4091025
Alabama,1992,4139269
Alabama,1993,4193114
Alabama,1994,4232965
Alabama,1995,4262731
Alabama,1996,4290403
Alabama,1997,4320281
Alabama,1998,4351037
Alabama,1999,4369862
Alaska,1990,553120
Alaska,1991,569273
Alaska,1992,587073
Alaska,1993,596993
Alaska,1994,600624
Alaska,1995,601345
Alaska,1996,604918
Alaska,1997,608846
Alaska,1998,615205
Alaska,1999,619500
Arizona,1990,3679056
Arizona,1991,3762394
Arizona,1992,3867333
Arizona,1993,3993390
Arizona,1994,4147561
Arizona,1995,4306908
Arizona,1996,4432308
Arizona,1997,4552207
Arizona,1998,4667277
Arizona,1999,4778332
Arkansas,1990,2354343
Arkansas,1991,2370666
Arkansas,1992,2394098
Arkansas,1993,2423743
Arkansas,1994,2450605
Arkansas,1995,2480121
Arkansas,1996,2504858
Arkansas,1997,2524007
Arkansas,1998,2538202
Arkansas,1999,2551373
California,1990,29950111
California,1991,30414114
California,1992,30875920
California,1993,31147208
California,1994,31317179
California,1995,31493525
California,1996,31780829
California,1997,32217708
California,1998,32682794
California,1999,33145121
Colorado,1990,3303862
Colorado,1991,3367567
Colorado,1992,3459995
Colorado,1993,3560884
Colorado,1994,3653910
Colorado,1995,3738061
Colorado,1996,3812716
Colorado,1997,3891293
Colorado,1998,3968967
Colorado,1999,4056133
Connecticut,1990,3289056
Connecticut,1991,3288640
Connecticut,1992,3274997
Connecticut,1993,3272325
Connecticut,1994,3268346
Connecticut,1995,3265293
Connecticut,1996,3267030
Connecticut,1997,3268514
Connecticut,1998,3272563
Connecticut,1999,3282031
Delaware,1990,669063
Delaware,1991,680495
Delaware,1992,690158
Delaware,1993,699475
Delaware,1994,708416
Delaware,1995,718265
Delaware,1996,727090
Delaware,1997,735024
Delaware,1998,744066
Delaware,1999,753538
District of Columbia,1990,603814
District of Columbia,1991,593239
District of Columbia,1992,584183
District of Columbia,1993,576358
District of Columbia,1994,564982
District of Columbia,1995,551273
District of Columbia,1996,538273
District of Columbia,1997,528752
District of Columbia,1998,521426
District of Columbia,1999,519000
Florida,1990,13018365
Florida,1991,13289497
Florida,1992,13504775
Florida,1993,13713593
Florida,1994,13961798
Florida,1995,14185403
Florida,1996,14426911
Florida,1997,14683350
Florida,1998,14908230
Florida,1999,15111244
Georgia,1990,6506531
Georgia,1991,6621279
Georgia,1992,6759474
Georgia,1993,6894092
Georgia,1994,7045900
Georgia,1995,7188538
Georgia,1996,7332225
Georgia,1997,7486094
Georgia,1998,7636522
Georgia,1999,7788240
Hawaii,1990,1112703
Hawaii,1991,1131412
Hawaii,1992,1149926
Hawaii,1993,1161508
Hawaii,1994,1173903
Hawaii,1995,1180490
Hawaii,1996,1184434
Hawaii,1997,1189322
Hawaii,1998,1190472
Hawaii,1999,1185497
Idaho,1990,1011882
Idaho,1991,1038915
Idaho,1992,1066490
Idaho,1993,1101204
Idaho,1994,1135459
Idaho,1995,1165000
Idaho,1996,1187706
Idaho,1997,1210638
Idaho,1998,1230923
Idaho,1999,1251700
Illinois,1990,11446979
Illinois,1991,11535973
Illinois,1992,11635197
Illinois,1993,11725984
Illinois,1994,11804986
Illinois,1995,11884935
Illinois,1996,11953003
Illinois,1997,12011509
Illinois,1998,12069774
Illinois,1999,12128370
Indiana,1990,5555097
Indiana,1991,5602062
Indiana,1992,5648649
Indiana,1993,5701965
Indiana,1994,5745626
Indiana,1995,5791819
Indiana,1996,5834908
Indiana,1997,5872370
Indiana,1998,5907617
Indiana,1999,5942901
Iowa,1990,2779769
Iowa,1991,2791227
Iowa,1992,2806923
Iowa,1993,2820525
Iowa,1994,2829422
Iowa,1995,2840860
Iowa,1996,2848473
Iowa,1997,2854396
Iowa,1998,2861025
Iowa,1999,2869413
Kansas,1990,2480683
Kansas,1991,2495209
Kansas,1992,2526042
Kansas,1993,2547605
Kansas,1994,2569118
Kansas,1995,2586942
Kansas,1996,2598266
Kansas,1997,2616339
Kansas,1998,2638667
Kansas,1999,2654052
Kentucky,1990,3692584
Kentucky,1991,3714686
Kentucky,1992,3756358
Kentucky,1993,3792288
Kentucky,1994,3823215
Kentucky,1995,3855248
Kentucky,1996,3881051
Kentucky,1997,3907816
Kentucky,1998,3934310
Kentucky,1999,3960825
Louisiana,1990,4219179
Louisiana,1991,4240950
Louisiana,1992,4270849
Louisiana,1993,4284749
Louisiana,1994,4306500
Louisiana,1995,4327978
Louisiana,1996,4338763
Louisiana,1997,4351390
Louisiana,1998,4362758
Louisiana,1999,4372035
Maine,1990,1231296
Maine,1991,1235439
Maine,1992,1235748
Maine,1993,1238256
Maine,1994,1237687
Maine,1995,1237438
Maine,1996,1241436
Maine,1997,1245215
Maine,1998,1247554
Maine,1999,1253040
Maryland,1990,4797431
Maryland,1991,4856176
Maryland,1992,4902545
Maryland,1993,4942504
Maryland,1994,4985411
Maryland,1995,5023650
Maryland,1996,5057142
Maryland,1997,5092914
Maryland,1998,5130072
Maryland,1999,5171634
Massachusetts,1990,6018664
Massachusetts,1991,5998652
Massachusetts,1992,5993474
Massachusetts,1993,6010884
Massachusetts,1994,6031352
Massachusetts,1995,6062335
Massachusetts,1996,6085393
Massachusetts,1997,6115476
Massachusetts,1998,6144407
Massachusetts,1999,6175169
Michigan,1990,9310462
Michigan,1991,9395022
Michigan,1992,9470323
Michigan,1993,9529240
Michigan,1994,9584481
Michigan,1995,9659871
Michigan,1996,9739184
Michigan,1997,9785450
Michigan,1998,9820231
Michigan,1999,9863775
Minnesota,1990,4387283
Minnesota,1991,4427429
Minnesota,1992,4471503
Minnesota,1993,4521709
Minnesota,1994,4566028
Minnesota,1995,4605445
Minnesota,1996,4647723
Minnesota,1997,4687726
Minnesota,1998,4726411
Minnesota,1999,4775508
Mississippi,1990,2577426
Mississippi,1991,2591230
Mississippi,1992,2610193
Mississippi,1993,2635574
Mississippi,1994,2663450
Mississippi,1995,2690788
Mississippi,1996,2709925
Mississippi,1997,2731826
Mississippi,1998,2751335
Mississippi,1999,2768619
Missouri,1990,5126370
Missouri,1991,5157770
Missouri,1992,5193686
Missouri,1993,5237757
Missouri,1994,5281206
Missouri,1995,5324610
Missouri,1996,5367888
Missouri,1997,5407113
Missouri,1998,5437562
Missouri,1999,5468338
Montana,1990,799824
Montana,1991,807837
Montana,1992,822436
Montana,1993,839876
Montana,1994,854923
Montana,1995,868522
Montana,1996,876656
Montana,1997,878706
Montana,1998,879533
Montana,1999,882779
Nebraska,1990,1580664
Nebraska,1991,1590805
Nebraska,1992,1602406
Nebraska,1993,1612149
Nebraska,1994,1621551
Nebraska,1995,1635142
Nebraska,1996,1647657
Nebraska,1997,1656042
Nebraska,1998,1660772
Nebraska,1999,1666028
Nevada,1990,1218629
Nevada,1991,1285046
Nevada,1992,1330694
Nevada,1993,1380197
Nevada,1994,1456388
Nevada,1995,1525777
Nevada,1996,1596476
Nevada,1997,1675581
Nevada,1998,1743772
Nevada,1999,1809253
New Hampshire,1990,1111831
New Hampshire,1991,1107055
New Hampshire,1992,1112766
New Hampshire,1993,1122191
New Hampshire,1994,1133054
New Hampshire,1995,1145604
New Hampshire,1996,1160768
New Hampshire,1997,1173239
New Hampshire,1998,1185823
New Hampshire,1999,1201134
New Jersey,1990,7757158
New Jersey,1991,7784269
New Jersey,1992,7827770
New Jersey,1993,7874891
New Jersey,1994,7918796
New Jersey,1995,7965523
New Jersey,1996,8009624
New Jersey,1997,8054178
New Jersey,1998,8095542
New Jersey,1999,8143412
New Mexico,1990,1519933
New Mexico,1991,1547115
New Mexico,1992,1580750
New Mexico,1993,1614937
New Mexico,1994,1653329
New Mexico,1995,1682417
New Mexico,1996,1706151
New Mexico,1997,1722939
New Mexico,1998,1733535
New Mexico,1999,1739844
New York,1990,18002855
New York,1991,18029532
New York,1992,18082032
New York,1993,18140894
New York,1994,18156652
New York,1995,18150928
New York,1996,18143805
New York,1997,18143184
New York,1998,18159175
New York,1999,18196601
North Carolina,1990,6656987
North Carolina,1991,6748135
North Carolina,1992,6831850
North Carolina,1993,6947412
North Carolina,1994,7060959
North Carolina,1995,7185403
North Carolina,1996,7307658
North Carolina,1997,7428672
North Carolina,1998,7545828
North Carolina,1999,7650789
North Dakota,1990,637364
North Dakota,1991,634199
North Dakota,1992,635427
North Dakota,1993,637229
North Dakota,1994,639762
North Dakota,1995,641548
North Dakota,1996,642858
North Dakota,1997,640945
North Dakota,1998,637808
North Dakota,1999,633666
Ohio,1990,10861837
Ohio,1991,10933683
Ohio,1992,11007609
Ohio,1993,11070385
Ohio,1994,11111451
Ohio,1995,11155493
Ohio,1996,11187032
Ohio,1997,11212498
Ohio,1998,11237752
Ohio,1999,11256654
Oklahoma,1990,3147105
Oklahoma,1991,3166471
Oklahoma,1992,3204174
Oklahoma,1993,3228829
Oklahoma,1994,3246119
Oklahoma,1995,3265547
Oklahoma,1996,3289634
Oklahoma,1997,3314259
Oklahoma,1998,3339478
Oklahoma,1999,3358044
Oregon,1990,2858547
Oregon,1991,2918745
Oregon,1992,2973934
Oregon,1993,3034490
Oregon,1994,3087142
Oregon,1995,3141421
Oregon,1996,3195087
Oregon,1997,3243254
Oregon,1998,3282055
Oregon,1999,3316154
Pennsylvania,1990,11895604
Pennsylvania,1991,11943160
Pennsylvania,1992,11980819
Pennsylvania,1993,12022128
Pennsylvania,1994,12042545
Pennsylvania,1995,12044780
Pennsylvania,1996,12038008
Pennsylvania,1997,12015888
Pennsylvania,1998,12002329
Pennsylvania,1999,11994016
Rhode Island,1990,1004649
Rhode Island,1991,1003990
Rhode Island,1992,1000571
Rhode Island,1993,997852
Rhode Island,1994,993412
Rhode Island,1995,989203
Rhode Island,1996,987858
Rhode Island,1997,986966
Rhode Island,1998,987704
Rhode Island,1999,990819
South Carolina,1990,3499064
South Carolina,1991,3559470
South Carolina,1992,3600576
South Carolina,1993,3634507
South Carolina,1994,3666456
South Carolina,1995,3699943
South Carolina,1996,3738974
South Carolina,1997,3790066
South Carolina,1998,3839578
South Carolina,1999,3885736
South Dakota,1990,696667
South Dakota,1991,701445
South Dakota,1992,708698
South Dakota,1993,716258
South Dakota,1994,723038
South Dakota,1995,728251
South Dakota,1996,730699
South Dakota,1997,730855
South Dakota,1998,730789
South Dakota,1999,733133
Tennessee,1990,4890626
Tennessee,1991,4946886
Tennessee,1992,5013999
Tennessee,1993,5085666
Tennessee,1994,5163016
Tennessee,1995,5241168
Tennessee,1996,5313576
Tennessee,1997,5378433
Tennessee,1998,5432679
Tennessee,1999,5483535
Texas,1990,17044714
Texas,1991,17339904
Texas,1992,17650479
Texas,1993,17996764
Texas,1994,18338319
Texas,1995,18679706
Texas,1996,19006240
Texas,1997,19355427
Texas,1998,19712389
Texas,1999,20044141
Utah,1990,1729722
Utah,1991,1771941
Utah,1992,1821498
Utah,1993,1875993
Utah,1994,1930436
Utah,1995,1976774
Utah,1996,2022253
Utah,1997,2065397
Utah,1998,2100562
Utah,1999,2129836
Vermont,1990,564526
Vermont,1991,567141
Vermont,1992,570115
Vermont,1993,574004
Vermont,1994,578900
Vermont,1995,582827
Vermont,1996,586352
Vermont,1997,588665
Vermont,1998,590579
Vermont,1999,593740
Virginia,1990,6213526
Virginia,1991,6283853
Virginia,1992,6383315
Virginia,1993,6464795
Virginia,1994,6536771
Virginia,1995,6601392
Virginia,1996,6665491
Virginia,1997,6732878
Virginia,1998,6789225
Virginia,1999,6872912
Washington,1990,4900780
Washington,1991,5013443
Washington,1992,5139011
Washington,1993,5247704
Washington,1994,5334896
Washington,1995,5431024
Washington,1996,5509963
Washington,1997,5604105
Washington,1998,5687832
Washington,1999,5756361
West Virginia,1990,1792481
West Virginia,1991,1798212
West Virginia,1992,1805462
West Virginia,1993,1816179
West Virginia,1994,1818490
West Virginia,1995,1820560
West Virginia,1996,1818983
West Virginia,1997,1815588
West Virginia,1998,1811688
West Virginia,1999,1806928
Wisconsin,1990,4902265
Wisconsin,1991,4952675
Wisconsin,1992,5004636
Wisconsin,1993,5055318
Wisconsin,1994,5095504
Wisconsin,1995,5137004
Wisconsin,1996,5173828
Wisconsin,1997,5200235
Wisconsin,1998,5222124
Wisconsin,1999,5250446
Wyoming,1990,453401
Wyoming,1991,457739
Wyoming,1992,463491
Wyoming,1993,469033
Wyoming,1994,474982
Wyoming,1995,478447
Wyoming,1996,480085
Wyoming,1997,480031
Wyoming,1998,480045
Wyoming,1999,479602
Alabama,2000,4452173
Alabama,2001,4467634
Alabama,2002,4480089
Alabama,2003,4503491
Alabama,2004,4530729
Alabama,2005,4569805
Alabama,2006,4628981
Alabama,2007,4672840
Alabama,2008,4718206
Alabama,2009,4757938
Alaska,2000,627963
Alaska,2001,633714
Alaska,2002,642337
Alaska,2003,648414
Alaska,2004,659286
Alaska,2005,666946
Alaska,2006,675302
Alaska,2007,680300
Alaska,2008,687455
Alaska,2009,698895
Arizona,2000,5160586
Arizona,2001,5273477
Arizona,2002,5396255
Arizona,2003,5510364
Arizona,2004,5652404
Arizona,2005,5839077
Arizona,2006,6029141
Arizona,2007,6167681
Arizona,2008,6280362
Arizona,2009,6343154
Arkansas,2000,2678588
Arkansas,2001,2691571
Arkansas,2002,2705927
Arkansas,2003,2724816
Arkansas,2004,2749686
Arkansas,2005,2781097
Arkansas,2006,2821761
Arkansas,2007,2848650
Arkansas,2008,2874554
Arkansas,2009,2896843
California,2000,33987977
California,2001,34479458
California,2002,34871843
California,2003,35253159
California,2004,35574576
California,2005,35827943
California,2006,36021202
California,2007,36250311
California,2008,36604337
California,2009,36961229
Colorado,2000,4326921
Colorado,2001,4425687
Colorado,2002,4490406
Colorado,2003,4528732
Colorado,2004,4575013
Colorado,2005,4631888
Colorado,2006,4720423
Colorado,2007,4803868
Colorado,2008,4889730
Colorado,2009,4972195
Connecticut,2000,3411777
Connecticut,2001,3432835
Connecticut,2002,3458749
Connecticut,2003,3484336
Connecticut,2004,3496094
Connecticut,2005,3506956
Connecticut,2006,3517460
Connecticut,2007,3527270
Connecticut,2008,3545579
Connecticut,2009,3561807
Delaware,2000,786373
Delaware,2001,795699
Delaware,2002,806169
Delaware,2003,818003
Delaware,2004,830803
Delaware,2005,845150
Delaware,2006,859268
Delaware,2007,871749
Delaware,2008,883874
Delaware,2009,891730
District of Columbia,2000,572046
District of Columbia,2001,574504
District of Columbia,2002,573158
District of Columbia,2003,568502
District of Columbia,2004,567754
District of Columbia,2005,567136
District of Columbia,2006,570681
District of Columbia,2007,574404
District of Columbia,2008,580236
District of Columbia,2009,592228
Florida,2000,16047515
Florida,2001,16356966
Florida,2002,16689370
Florida,2003,17004085
Florida,2004,17415318
Florida,2005,17842038
Florida,2006,18166990
Florida,2007,18367842
Florida,2008,18527305
Florida,2009,18652644
Georgia,2000,8227303
Georgia,2001,8377038
Georgia,2002,8508256
Georgia,2003,8622793
Georgia,2004,8769252
Georgia,2005,8925922
Georgia,2006,9155813
Georgia,2007,9349988
Georgia,2008,9504843
Georgia,2009,9620846
Hawaii,2000,1213519
Hawaii,2001,1225948
Hawaii,2002,1239613
Hawaii,2003,1251154
Hawaii,2004,1273569
Hawaii,2005,1292729
Hawaii,2006,1309731
Hawaii,2007,1315675
Hawaii,2008,1332213
Hawaii,2009,1346717
Idaho,2000,1299430
Idaho,2001,1319962
Idaho,2002,1340372
Idaho,2003,1363380
Idaho,2004,1391802
Idaho,2005,1428241
Idaho,2006,1468669
Idaho,2007,1505105
Idaho,2008,1534320
Idaho,2009,1554439
Illinois,2000,12434161
Illinois,2001,12488445
Illinois,2002,12525556
Illinois,2003,12556006
Illinois,2004,12589773
Illinois,2005,12609903
Illinois,2006,12643955
Illinois,2007,12695866
Illinois,2008,12747038
Illinois,2009,12796778
Indiana,2000,6091866
Indiana,2001,6127760
Indiana,2002,6155967
Indiana,2003,6196638
Indiana,2004,6233007
Indiana,2005,6278616
Indiana,2006,6332669
Indiana,2007,6379599
Indiana,2008,6424806
Indiana,2009,6459325
Iowa,2000,2929067
Iowa,2001,2931997
Iowa,2002,2934234
Iowa,2003,2941999
Iowa,2004,2953635
Iowa,2005,2964454
Iowa,2006,2982644
Iowa,2007,2999212
Iowa,2008,3016734
Iowa,2009,3032870
Kansas,2000,2693681
Kansas,2001,2702162
Kansas,2002,2713535
Kansas,2003,2723004
Kansas,2004,2734373
Kansas,2005,2745299
Kansas,2006,2762931
Kansas,2007,2783785
Kansas,2008,2808076
Kansas,2009,2832704
Kentucky,2000,4049021
Kentucky,2001,4068132
Kentucky,2002,4089875
Kentucky,2003,4117170
Kentucky,2004,4146101
Kentucky,2005,4182742
Kentucky,2006,4219239
Kentucky,2007,4256672
Kentucky,2008,4289878
Kentucky,2009,4317074
Louisiana,2000,4471885
Louisiana,2001,4477875
Louisiana,2002,4497267
Louisiana,2003,4521042
Louisiana,2004,4552238
Louisiana,2005,4576628
Louisiana,2006,4302665
Louisiana,2007,4375581
Louisiana,2008,4435586
Louisiana,2009,4491648
Maine,2000,1277072
Maine,2001,1285692
Maine,2002,1295960
Maine,2003,1306513
Maine,2004,1313688
Maine,2005,1318787
Maine,2006,1323619
Maine,2007,1327040
Maine,2008,1330509
Maine,2009,1329590
Maryland,2000,5311034
Maryland,2001,5374691
Maryland,2002,5440389
Maryland,2003,5496269
Maryland,2004,5546935
Maryland,2005,5592379
Maryland,2006,5627367
Maryland,2007,5653408
Maryland,2008,5684965
Maryland,2009,5730388
Massachusetts,2000,6361104
Massachusetts,2001,6397634
Massachusetts,2002,6417206
Massachusetts,2003,6422565
Massachusetts,2004,6412281
Massachusetts,2005,6403290
Massachusetts,2006,6410084
Massachusetts,2007,6431559
Massachusetts,2008,6468967
Massachusetts,2009,6517613
Michigan,2000,9952450
Michigan,2001,9991120
Michigan,2002,10015710
Michigan,2003,10041152
Michigan,2004,10055315
Michigan,2005,10051137
Michigan,2006,10036081
Michigan,2007,10001284
Michigan,2008,9946889
Michigan,2009,9901591
Minnesota,2000,4933692
Minnesota,2001,4982796
Minnesota,2002,5018935
Minnesota,2003,5053572
Minnesota,2004,5087713
Minnesota,2005,5119598
Minnesota,2006,5163555
Minnesota,2007,5207203
Minnesota,2008,5247018
Minnesota,2009,5281203
Mississippi,2000,2848353
Mississippi,2001,2852994
Mississippi,2002,2858681
Mississippi,2003,2868312
Mississippi,2004,2889010
Mississippi,2005,2905943
Mississippi,2006,2904978
Mississippi,2007,2928350
Mississippi,2008,2947806
Mississippi,2009,2958774
Missouri,2000,5607285
Missouri,2001,5641142
Missouri,2002,5674825
Missouri,2003,5709403
Missouri,2004,5747741
Missouri,2005,5790300
Missouri,2006,5842704
Missouri,2007,5887612
Missouri,2008,5923916
Missouri,2009,5961088
Montana,2000,903773
Montana,2001,906961
Montana,2002,911667
Montana,2003,919630
Montana,2004,930009
Montana,2005,940102
Montana,2006,952692
Montana,2007,964706
Montana,2008,976415
Montana,2009,983982
Nebraska,2000,1713820
Nebraska,2001,1719836
Nebraska,2002,1728292
Nebraska,2003,1738643
Nebraska,2004,1749370
Nebraska,2005,1761497
Nebraska,2006,1772693
Nebraska,2007,1783440
Nebraska,2008,1796378
Nebraska,2009,1812683
Nevada,2000,2018741
Nevada,2001,2098399
Nevada,2002,2173791
Nevada,2003,2248850
Nevada,2004,2346222
Nevada,2005,2432143
Nevada,2006,2522658
Nevada,2007,2601072
Nevada,2008,2653630
Nevada,2009,2684665
New Hampshire,2000,1239882
New Hampshire,2001,1255517
New Hampshire,2002,1269089
New Hampshire,2003,1279840
New Hampshire,2004,1290121
New Hampshire,2005,1298492
New Hampshire,2006,1308389
New Hampshire,2007,1312540
New Hampshire,2008,1315906
New Hampshire,2009,1316102
New Jersey,2000,8430621
New Jersey,2001,8492671
New Jersey,2002,8552643
New Jersey,2003,8601402
New Jersey,2004,8634561
New Jersey,2005,8651974
New Jersey,2006,8661679
New Jersey,2007,8677885
New Jersey,2008,8711090
New Jersey,2009,8755602
New Mexico,2000,1821204
New Mexico,2001,1831690
New Mexico,2002,1855309
New Mexico,2003,1877574
New Mexico,2004,1903808
New Mexico,2005,1932274
New Mexico,2006,1962137
New Mexico,2007,1990070
New Mexico,2008,2010662
New Mexico,2009,2036802
New York,2000,19001780
New York,2001,19082838
New York,2002,19137800
New York,2003,19175939
New York,2004,19171567
New York,2005,19132610
New York,2006,19104631
New York,2007,19132335
New York,2008,19212436
New York,2009,19307066
North Carolina,2000,8081614
North Carolina,2001,8210122
North Carolina,2002,8326201
North Carolina,2003,8422501
North Carolina,2004,8553152
North Carolina,2005,8705407
North Carolina,2006,8917270
North Carolina,2007,9118037
North Carolina,2008,9309449
North Carolina,2009,9449566
North Dakota,2000,642023
North Dakota,2001,639062
North Dakota,2002,638168
North Dakota,2003,638817
North Dakota,2004,644705
North Dakota,2005,646089
North Dakota,2006,649422
North Dakota,2007,652822
North Dakota,2008,657569
North Dakota,2009,664968
Ohio,2000,11363543
Ohio,2001,11387404
Ohio,2002,11407889
Ohio,2003,11434788
Ohio,2004,11452251
Ohio,2005,11463320
Ohio,2006,11481213
Ohio,2007,11500468
Ohio,2008,11515391
Ohio,2009,11528896
Oklahoma,2000,3454365
Oklahoma,2001,3467100
Oklahoma,2002,3489080
Oklahoma,2003,3504892
Oklahoma,2004,3525233
Oklahoma,2005,3548597
Oklahoma,2006,3594090
Oklahoma,2007,3634349
Oklahoma,2008,3668976
Oklahoma,2009,3717572
Oregon,2000,3429708
Oregon,2001,3467937
Oregon,2002,3513424
Oregon,2003,3547376
Oregon,2004,3569463
Oregon,2005,3613202
Oregon,2006,3670883
Oregon,2007,3722417
Oregon,2008,3768748
Oregon,2009,3808600
Pennsylvania,2000,12284173
Pennsylvania,2001,12298970
Pennsylvania,2002,12331031
Pennsylvania,2003,12374658
Pennsylvania,2004,12410722
Pennsylvania,2005,12449990
Pennsylvania,2006,12510809
Pennsylvania,2007,12563937
Pennsylvania,2008,12612285
Pennsylvania,2009,12666858
Rhode Island,2000,1050268
Rhode Island,2001,1057142
Rhode Island,2002,1065995
Rhode Island,2003,1071342
Rhode Island,2004,1074579
Rhode Island,2005,1067916
Rhode Island,2006,1063096
Rhode Island,2007,1057315
Rhode Island,2008,1055003
Rhode Island,2009,1053646
South Carolina,2000,4024223
South Carolina,2001,4064995
South Carolina,2002,4107795
South Carolina,2003,4150297
South Carolina,2004,4210921
South Carolina,2005,4270150
South Carolina,2006,4357847
South Carolina,2007,4444110
South Carolina,2008,4528996
South Carolina,2009,4589872
South Dakota,2000,755844
South Dakota,2001,757972
South Dakota,2002,760020
South Dakota,2003,763729
South Dakota,2004,770396
South Dakota,2005,775493
South Dakota,2006,783033
South Dakota,2007,791623
South Dakota,2008,799124
South Dakota,2009,807067
Tennessee,2000,5703719
Tennessee,2001,5750789
Tennessee,2002,5795918
Tennessee,2003,5847812
Tennessee,2004,5910809
Tennessee,2005,5991057
Tennessee,2006,6088766
Tennessee,2007,6175727
Tennessee,2008,6247411
Tennessee,2009,6306019
Texas,2000,20944499
Texas,2001,21319622
Texas,2002,21690325
Texas,2003,22030931
Texas,2004,22394023
Texas,2005,22778123
Texas,2006,23359580
Texas,2007,23831983
Texas,2008,24309039
Texas,2009,24801761
Utah,2000,2244502
Utah,2001,2283715
Utah,2002,2324815
Utah,2003,2360137
Utah,2004,2401580
Utah,2005,2457719
Utah,2006,2525507
Utah,2007,2597746
Utah,2008,2663029
Utah,2009,2723421
Vermont,2000,609618
Vermont,2001,612223
Vermont,2002,615442
Vermont,2003,617858
Vermont,2004,619920
Vermont,2005,621215
Vermont,2006,622892
Vermont,2007,623481
Vermont,2008,624151
Vermont,2009,624817
Virginia,2000,7105817
Virginia,2001,7198362
Virginia,2002,7286873
Virginia,2003,7366977
Virginia,2004,7475575
Virginia,2005,7577105
Virginia,2006,7673725
Virginia,2007,7751000
Virginia,2008,7833496
Virginia,2009,7925937
Washington,2000,5910512
Washington,2001,5985722
Washington,2002,6052349
Washington,2003,6104115
Washington,2004,6178645
Washington,2005,6257305
Washington,2006,6370753
Washington,2007,6461587
Washington,2008,6562231
Washington,2009,6667426
West Virginia,2000,1807021
West Virginia,2001,1801481
West Virginia,2002,1805414
West Virginia,2003,1812295
West Virginia,2004,1816438
West Virginia,2005,1820492
West Virginia,2006,1827912
West Virginia,2007,1834052
West Virginia,2008,1840310
West Virginia,2009,1847775
Wisconsin,2000,5373999
Wisconsin,2001,5406835
Wisconsin,2002,5445162
Wisconsin,2003,5479203
Wisconsin,2004,5514026
Wisconsin,2005,5546166
Wisconsin,2006,5577655
Wisconsin,2007,5610775
Wisconsin,2008,5640996
Wisconsin,2009,5669264
Wyoming,2000,494300
Wyoming,2001,494657
Wyoming,2002,500017
Wyoming,2003,503453
Wyoming,2004,509106
Wyoming,2005,514157
Wyoming,2006,522667
Wyoming,2007,534876
Wyoming,2008,546043
Wyoming,2009,559851
Alabama,2010,4785437
Alabama,2011,4799069
Alabama,2012,4815588
Alabama,2013,4830081
Alabama,2014,4841799
Alabama,2015,4852347
Alabama,2016,4863525
Alabama,2017,4874486
Alabama,2018,4887681
Alabama,2019,4903185
Alaska,2010,713910
Alaska,2011,722128
Alaska,2012,730443
Alaska,2013,737068
Alaska,2014,736283
Alaska,2015,737498
Alaska,2016,741456
Alaska,2017,739700
Alaska,2018,735139
Alaska,2019,731545
Arizona,2010,6407172
Arizona,2011,6472643
Arizona,2012,6554978
Arizona,2013,6632764
Arizona,2014,6730413
Arizona,2015,6829676
Arizona,2016,6941072
Arizona,2017,7044008
Arizona,2018,7158024
Arizona,2019,7278717
Arkansas,2010,2921964
Arkansas,2011,2940667
Arkansas,2012,2952164
Arkansas,2013,2959400
Arkansas,2014,2967392
Arkansas,2015,2978048
Arkansas,2016,2989918
Arkansas,2017,3001345
Arkansas,2018,3009733
Arkansas,2019,3017804
California,2010,37319502
California,2011,37638369
California,2012,37948800
California,2013,38260787
California,2014,38596972
California,2015,38918045
California,2016,39167117
California,2017,39358497
California,2018,39461588
California,2019,39512223
Colorado,2010,5047349
Colorado,2011,5121108
Colorado,2012,5192647
Colorado,2013,5269035
Colorado,2014,5350101
Colorado,2015,5450623
Colorado,2016,5539215
Colorado,2017,5611885
Colorado,2018,5691287
Colorado,2019,5758736
Connecticut,2010,3579114
Connecticut,2011,3588283
Connecticut,2012,3594547
Connecticut,2013,3594841
Connecticut,2014,3594524
Connecticut,2015,3587122
Connecticut,2016,3578141
Connecticut,2017,3573297
Connecticut,2018,3571520
Connecticut,2019,3565287
Delaware,2010,899593
Delaware,2011,907381
Delaware,2012,915179
Delaware,2013,923576
Delaware,2014,932487
Delaware,2015,941252
Delaware,2016,948921
Delaware,2017,956823
Delaware,2018,965479
Delaware,2019,973764
District of Columbia,2010,605226
District of Columbia,2011,619800
District of Columbia,2012,634924
District of Columbia,2013,650581
District of Columbia,2014,662328
District of Columbia,2015,675400
District of Columbia,2016,685815
District of Columbia,2017,694906
District of Columbia,2018,701547
District of Columbia,2019,705749
Florida,2010,18845537
Florida,2011,19053237
Florida,2012,19297822
Florida,2013,19545621
Florida,2014,19845911
Florida,2015,20209042
Florida,2016,20613477
Florida,2017,20963613
Florida,2018,21244317
Florida,2019,21477737
Georgia,2010,9711881
Georgia,2011,9802431
Georgia,2012,9901430
Georgia,2013,9972479
Georgia,2014,10067278
Georgia,2015,10178447
Georgia,2016,10301890
Georgia,2017,10410330
Georgia,2018,10511131
Georgia,2019,10617423
Hawaii,2010,1363963
Hawaii,2011,1379329
Hawaii,2012,1394804
Hawaii,2013,1408243
Hawaii,2014,1414538
Hawaii,2015,1422052
Hawaii,2016,1427559
Hawaii,2017,1424393
Hawaii,2018,1420593
Hawaii,2019,1415872
Idaho,2010,1570746
Idaho,2011,1583910
Idaho,2012,1595324
Idaho,2013,1611206
Idaho,2014,1631112
Idaho,2015,1651059
Idaho,2016,1682380
Idaho,2017,1717715
Idaho,2018,1750536
Idaho,2019,1787065
Illinois,2010,12840503
Illinois,2011,12867454
Illinois,2012,12882510
Illinois,2013,12895129
Illinois,2014,12884493
Illinois,2015,12858913
Illinois,2016,12820527
Illinois,2017,12778828
Illinois,2018,12723071
Illinois,2019,12671821
Indiana,2010,6490432
Indiana,2011,6516528
Indiana,2012,6537703
Indiana,2013,6568713
Indiana,2014,6593644
Indiana,2015,6608422
Indiana,2016,6634304
Indiana,2017,6658078
Indiana,2018,6695497
Indiana,2019,6732219
Iowa,2010,3050745
Iowa,2011,3066336
Iowa,2012,3076190
Iowa,2013,3092997
Iowa,2014,3109350
Iowa,2015,3120960
Iowa,2016,3131371
Iowa,2017,3141550
Iowa,2018,3148618
Iowa,2019,3155070
Kansas,2010,2858190
Kansas,2011,2869225
Kansas,2012,2885257
Kansas,2013,2893212
Kansas,2014,2900475
Kansas,2015,2909011
Kansas,2016,2910844
Kansas,2017,2908718
Kansas,2018,2911359
Kansas,2019,2913314
Kentucky,2010,4348181
Kentucky,2011,4369821
Kentucky,2012,4386346
Kentucky,2013,4404659
Kentucky,2014,4414349
Kentucky,2015,4425976
Kentucky,2016,4438182
Kentucky,2017,4452268
Kentucky,2018,4461153
Kentucky,2019,4467673
Louisiana,2010,4544532
Louisiana,2011,4575625
Louisiana,2012,4600972
Louisiana,2013,4624527
Louisiana,2014,4644013
Louisiana,2015,4664628
Louisiana,2016,4678135
Louisiana,2017,4670560
Louisiana,2018,4659690
Louisiana,2019,4648794
Maine,2010,1327629
Maine,2011,1328284
Maine,2012,1327729
Maine,2013,1328009
Maine,2014,1330513
Maine,2015,1328262
Maine,2016,1331317
Maine,2017,1334612
Maine,2018,1339057
Maine,2019,1344212
Maryland,2010,5788645
Maryland,2011,5839419
Maryland,2012,5886992
Maryland,2013,5923188
Maryland,2014,5957283
Maryland,2015,5985562
Maryland,2016,6003323
Maryland,2017,6023868
Maryland,2018,6035802
Maryland,2019,6045680
Massachusetts,2010,6566307
Massachusetts,2011,6613583
Massachusetts,2012,6663005
Massachusetts,2013,6713315
Massachusetts,2014,6762596
Massachusetts,2015,6794228
Massachusetts,2016,6823608
Massachusetts,2017,6859789
Massachusetts,2018,6882635
Massachusetts,2019,6892503
Michigan,2010,9877510
Michigan,2011,9882412
Michigan,2012,9897145
Michigan,2013,9913065
Michigan,2014,9929848
Michigan,2015,9931715
Michigan,2016,9950571
Michigan,2017,9973114
Michigan,2018,9984072
Michigan,2019,9986857
Minnesota,2010,5310828
Minnesota,2011,5346143
Minnesota,2012,5376643
Minnesota,2013,5413479
Minnesota,2014,5451079
Minnesota,2015,5482032
Minnesota,2016,5522744
Minnesota,2017,5566230
Minnesota,2018,5606249
Minnesota,2019,5639632
Mississippi,2010,2970548
Mississippi,2011,2978731
Mississippi,2012,2983816
Mississippi,2013,2988711
Mississippi,2014,2990468
Mississippi,2015,2988471
Mississippi,2016,2987938
Mississippi,2017,2988510
Mississippi,2018,2981020
Mississippi,2019,2976149
Missouri,2010,5995974
Missouri,2011,6010275
Missouri,2012,6024367
Missouri,2013,6040715
Missouri,2014,6056202
Missouri,2015,6071732
Missouri,2016,6087135
Missouri,2017,6106670
Missouri,2018,6121623
Missouri,2019,6137428
Montana,2010,990697
Montana,2011,997316
Montana,2012,1003783
Montana,2013,1013569
Montana,2014,1021869
Montana,2015,1030475
Montana,2016,1040859
Montana,2017,1052482
Montana,2018,1060665
Montana,2019,1068778
Nebraska,2010,1829542
Nebraska,2011,1840672
Nebraska,2012,1853303
Nebraska,2013,1865279
Nebraska,2014,1879321
Nebraska,2015,1891277
Nebraska,2016,1905616
Nebraska,2017,1915947
Nebraska,2018,1925614
Nebraska,2019,1934408
Nevada,2010,2702405
Nevada,2011,2712730
Nevada,2012,2743996
Nevada,2013,2775970
Nevada,2014,2817628
Nevada,2015,2866939
Nevada,2016,2917563
Nevada,2017,2969905
Nevada,2018,3027341
Nevada,2019,3080156
New Hampshire,2010,1316762
New Hampshire,2011,1320202
New Hampshire,2012,1324232
New Hampshire,2013,1326622
New Hampshire,2014,1333341
New Hampshire,2015,1336350
New Hampshire,2016,1342307
New Hampshire,2017,1348787
New Hampshire,2018,1353465
New Hampshire,2019,1359711
New Jersey,2010,8799446
New Jersey,2011,8828117
New Jersey,2012,8844942
New Jersey,2013,8856972
New Jersey,2014,8864525
New Jersey,2015,8867949
New Jersey,2016,8870827
New Jersey,2017,8885525
New Jersey,2018,8886025
New Jersey,2019,8882190
New Mexico,2010,2064552
New Mexico,2011,2080450
New Mexico,2012,2087309
New Mexico,2013,2092273
New Mexico,2014,2089568
New Mexico,2015,2089291
New Mexico,2016,2091630
New Mexico,2017,2091784
New Mexico,2018,2092741
New Mexico,2019,2096829
New York,2010,19399878
New York,2011,19499241
New York,2012,19572932
New York,2013,19624447
New York,2014,19651049
New York,2015,19654666
New York,2016,19633428
New York,2017,19589572
New York,2018,19530351
New York,2019,19453561
North Carolina,2010,9574323
North Carolina,2011,9657592
North Carolina,2012,9749476
North Carolina,2013,9843336
North Carolina,2014,9932887
North Carolina,2015,10031646
North Carolina,2016,10154788
North Carolina,2017,10268233
North Carolina,2018,10381615
North Carolina,2019,10488084
North Dakota,2010,674715
North Dakota,2011,685225
North Dakota,2012,701176
North Dakota,2013,722036
North Dakota,2014,737401
North Dakota,2015,754066
North Dakota,2016,754434
North Dakota,2017,754942
North Dakota,2018,758080
North Dakota,2019,762062
Ohio,2010,11539336
Ohio,2011,11544663
Ohio,2012,11548923
Ohio,2013,11576684
Ohio,2014,11602700
Ohio,2015,11617527
Ohio,2016,11634370
Ohio,2017,11659650
Ohio,2018,11676341
Ohio,2019,11689100
Oklahoma,2010,3759944
Oklahoma,2011,3788379
Oklahoma,2012,3818814
Oklahoma,2013,3853214
Oklahoma,2014,3878187
Oklahoma,2015,3909500
Oklahoma,2016,3926331
Oklahoma,2017,3931316
Oklahoma,2018,3940235
Oklahoma,2019,3956971
Oregon,2010,3837491
Oregon,2011,3872036
Oregon,2012,3899001
Oregon,2013,3922468
Oregon,2014,3963244
Oregon,2015,4015792
Oregon,2016,4089976
Oregon,2017,4143625
Oregon,2018,4181886
Oregon,2019,4217737
Pennsylvania,2010,12711160
Pennsylvania,2011,12745815
Pennsylvania,2012,12767118
Pennsylvania,2013,12776309
Pennsylvania,2014,12788313
Pennsylvania,2015,12784826
Pennsylvania,2016,12782275
Pennsylvania,2017,12787641
Pennsylvania,2018,12800922
Pennsylvania,2019,12801989
Rhode Island,2010,1053959
Rhode Island,2011,1053649
Rhode Island,2012,1054621
Rhode Island,2013,1055081
Rhode Island,2014,1055936
Rhode Island,2015,1056065
Rhode Island,2016,1056770
Rhode Island,2017,1055673
Rhode Island,2018,1058287
Rhode Island,2019,1059361
South Carolina,2010,4635649
South Carolina,2011,4671994
South Carolina,2012,4717354
South Carolina,2013,4764080
South Carolina,2014,4823617
South Carolina,2015,4891938
South Carolina,2016,4957968
South Carolina,2017,5021268
South Carolina,2018,5084156
South Carolina,2019,5148714
South Dakota,2010,816166
South Dakota,2011,823579
South Dakota,2012,833566
South Dakota,2013,842316
South Dakota,2014,849129
South Dakota,2015,853988
South Dakota,2016,862996
South Dakota,2017,872868
South Dakota,2018,878698
South Dakota,2019,884659
Tennessee,2010,6355311
Tennessee,2011,6399291
Tennessee,2012,6453898
Tennessee,2013,6494340
Tennessee,2014,6541223
Tennessee,2015,6591170
Tennessee,2016,6646010
Tennessee,2017,6708799
Tennessee,2018,6771631
Tennessee,2019,6829174
Texas,2010,25241971
Texas,2011,25645629
Texas,2012,26084481
Texas,2013,26480266
Texas,2014,26964333
Texas,2015,27470056
Texas,2016,27914410
Texas,2017,28295273
Texas,2018,28628666
Texas,2019,28995881
Utah,2010,2775332
Utah,2011,2814384
Utah,2012,2853375
Utah,2013,2897640
Utah,2014,2936879
Utah,2015,2981835
Utah,2016,3041868
Utah,2017,3101042
Utah,2018,3153550
Utah,2019,3205958
Vermont,2010,625879
Vermont,2011,627049
Vermont,2012,626090
Vermont,2013,626210
Vermont,2014,625214
Vermont,2015,625216
Vermont,2016,623657
Vermont,2017,624344
Vermont,2018,624358
Vermont,2019,623989
Virginia,2010,8023699
Virginia,2011,8101155
Virginia,2012,8185080
Virginia,2013,8252427
Virginia,2014,8310993
Virginia,2015,8361808
Virginia,2016,8410106
Virginia,2017,8463587
Virginia,2018,8501286
Virginia,2019,8535519
Washington,2010,6742830
Washington,2011,6826627
Washington,2012,6897058
Washington,2013,6963985
Washington,2014,7054655
Washington,2015,7163657
Washington,2016,7294771
Washington,2017,7423362
Washington,2018,7523869
Washington,2019,7614893
West Virginia,2010,1854239
West Virginia,2011,1856301
West Virginia,2012,1856872
West Virginia,2013,1853914
West Virginia,2014,1849489
West Virginia,2015,1842050
West Virginia,2016,1831023
West Virginia,2017,1817004
West Virginia,2018,1804291
West Virginia,2019,1792147
Wisconsin,2010,5690475
Wisconsin,2011,5705288
Wisconsin,2012,5719960
Wisconsin,2013,5736754
Wisconsin,2014,5751525
Wisconsin,2015,5760940
Wisconsin,2016,5772628
Wisconsin,2017,5790186
Wisconsin,2018,5807406
Wisconsin,2019,5822434
Wyoming,2010,564487
Wyoming,2011,567299
Wyoming,2012,576305
Wyoming,2013,582122
Wyoming,2014,582531
Wyoming,2015,585613
Wyoming,2016,584215
Wyoming,2017,578931
Wyoming,2018,577601
Wyoming,2019,578759
Alabama,2020,5031864
Alabama,2021,5050380
Alabama,2022,5073903
Alabama,2023,5108468
Alaska,2020,732964
Alaska,2021,734923
Alaska,2022,733276
Alaska,2023,733406
Arizona,2020,7186683
Arizona,2021,7272487
Arizona,2022,7365684
Arizona,2023,7431344
Arkansas,2020,3014348
Arkansas,2021,3028443
Arkansas,2022,3046404
Arkansas,2023,3067732
California,2020,39503200
California,2021,39145060
California,2022,39040616
California,2023,38965193
Colorado,2020,5785219
Colorado,2021,5811596
Colorado,2022,5841039
Colorado,2023,5877610
Connecticut,2020,3577586
Connecticut,2021,3603691
Connecticut,2022,3608706
Connecticut,2023,3617176
Delaware,2020,991862
Delaware,2021,1004881
Delaware,2022,1019459
Delaware,2023,1031890
District of Columbia,2020,670839
District of Columbia,2021,669037
District of Columbia,2022,670949
District of Columbia,2023,678972
Florida,2020,21591299
Florida,2021,21830708
Florida,2022,22245521
Florida,2023,22610726
Georgia,2020,10732390
Georgia,2021,10790385
Georgia,2022,10913150
Georgia,2023,11029227
Hawaii,2020,1451181
Hawaii,2021,1446745
Hawaii,2022,1439399
Hawaii,2023,1435138
Idaho,2020,1849339
Idaho,2021,1904537
Idaho,2022,1938996
Idaho,2023,1964726
Illinois,2020,12790357
Illinois,2021,12690341
Illinois,2022,12582515
Illinois,2023,12549689
Indiana,2020,6789098
Indiana,2021,6813798
Indiana,2022,6832274
Indiana,2023,6862199
Iowa,2020,3190904
Iowa,2021,3197944
Iowa,2022,3199693
Iowa,2023,3207004
Kansas,2020,2938124
Kansas,2021,2937946
Kansas,2022,2936716
Kansas,2023,2940546
Kentucky,2020,4508155
Kentucky,2021,4507600
Kentucky,2022,4511563
Kentucky,2023,4526154
Louisiana,2020,4652022
Louisiana,2021,4627047
Louisiana,2022,4588023
Louisiana,2023,4573749
Maine,2020,1364517
Maine,2021,1378787
Maine,2022,1389338
Maine,2023,1395722
Maryland,2020,6173689
Maryland,2021,6175045
Maryland,2022,6163981
Maryland,2023,6180253
Massachusetts,2020,6997713
Massachusetts,2021,6991951
Massachusetts,2022,6982740
Massachusetts,2023,7001399
Michigan,2020,10070627
Michigan,2021,10038117
Michigan,2022,10033281
Michigan,2023,10037261
Minnesota,2020,5710578
Minnesota,2021,5717968
Minnesota,2022,5714300
Minnesota,2023,5737915
Mississippi,2020,2958409
Mississippi,2021,2949582
Mississippi,2022,2938928
Mississippi,2023,2939690
Missouri,2020,6154426
Missouri,2021,6170393
Missouri,2022,6177168
Missouri,2023,6196156
Montana,2020,1087211
Montana,2021,1106366
Montana,2022,1122878
Montana,2023,1132812
Nebraska,2020,1963273
Nebraska,2021,1964253
Nebraska,2022,1968060
Nebraska,2023,1978379
Nevada,2020,3115840
Nevada,2021,3146632
Nevada,2022,3177421
Nevada,2023,3194176
New Hampshire,2020,1378702
New Hampshire,2021,1387494
New Hampshire,2022,1399003
New Hampshire,2023,1402054
New Jersey,2020,9272392
New Jersey,2021,9269175
New Jersey,2022,9260817
New Jersey,2023,9290841
New Mexico,2020,2118488
New Mexico,2021,2116950
New Mexico,2022,2113476
New Mexico,2023,2114371
New York,2020,20104710
New York,2021,19854526
New York,2022,19673200
New York,2023,19571216
North Carolina,2020,10453812
North Carolina,2021,10567100
North Carolina,2022,10695965
North Carolina,2023,10835491
North Dakota,2020,779563
North Dakota,2021,777982
North Dakota,2022,778912
North Dakota,2023,783926
Ohio,2020,11798292
Ohio,2021,11765227
Ohio,2022,11759697
Ohio,2023,11785935
Oklahoma,2020,3965234
Oklahoma,2021,3991634
Oklahoma,2022,4019271
Oklahoma,2023,4053824
Oregon,2020,4245044
Oregon,2021,4256465
Oregon,2022,4239379
Oregon,2023,4233358
Pennsylvania,2020,12995477
Pennsylvania,2021,13013614
Pennsylvania,2022,12972091
Pennsylvania,2023,12961683
Rhode Island,2020,1096444
Rhode Island,2021,1097092
Rhode Island,2022,1093842
Rhode Island,2023,1095962
South Carolina,2020,5132151
South Carolina,2021,5193848
South Carolina,2022,5282955
South Carolina,2023,5373555
South Dakota,2020,887852
South Dakota,2021,896299
South Dakota,2022,909869
South Dakota,2023,919318
Tennessee,2020,6926091
Tennessee,2021,6963709
Tennessee,2022,7048976
Tennessee,2023,7126489
Texas,2020,29234361
Texas,2021,29561286
Texas,2022,30029848
Texas,2023,30503301
Utah,2020,3283982
Utah,2021,3339284
Utah,2022,3381236
Utah,2023,3417734
Vermont,2020,642936
Vermont,2021,647093
Vermont,2022,647110
Vermont,2023,647464
Virginia,2020,8637193
Virginia,2021,8657348
Virginia,2022,8679099
Virginia,2023,8715698
Washington,2020,7724566
Washington,2021,7741433
Washington,2022,7784477
Washington,2023,7812880
West Virginia,2020,1791562
West Virginia,2021,1785249
West Virginia,2022,1774035
West Virginia,2023,1770071
Wisconsin,2020,5896700
Wisconsin,2021,5879978
Wisconsin,2022,5890543
Wisconsin,2023,5910955
Wyoming,2020,577664
Wyoming,2021,579548
Wyoming,2022,581629
Wyoming,2023,584057
