index,country,year,gdp,infrate,trade,schooling,invest60,invest70,invest80,industry,gdp_growth
1,USA,1960,2879,,9.693181,43.8,,,,,
1,USA,1961,2929,1.075182,9.444654,,,,,,1.7367141
1,USA,1962,3103,1.116071,9.429324,,,,,,5.940594
1,USA,1963,3227,1.214128,9.470706,,,,,,3.9961329
1,USA,1964,3420,1.308615,9.725879,,,,,,5.9807873
1,USA,1965,3667,1.668461,9.730347,43.8,,,,,7.2222223
1,USA,1966,3974,2.991,10.097592,,,,,,8.371966
1,USA,1967,4154,2.775636,10.208102,,,,,,4.5294414
1,USA,1968,4494,4.217721,10.593937,,,,,,8.184882
1,USA,1969,4805,5.414701,10.635633,,,,,,6.920338
1,USA,1970,4999,5.895296,11.388641,44.4,,,,,4.037461
1,USA,1971,5362,4.255929,11.367576,,,,,34.50863,7.261452
1,USA,1972,5838,3.305615,11.967158,,,,,34.44429,8.877285
1,USA,1973,6464,6.220064,13.713565,,,,,34.37521,10.72285
1,USA,1974,6951,11.03526,17.316135,,,,,34.03606,7.5340347
1,USA,1975,7519,9.13193,16.37969,42.6,,,,33.22567,8.171486
1,USA,1976,8300,5.737027,16.87366,,,,,33.76085,10.387019
1,USA,1977,9146,6.48646,17.22059,,,,,34.26464,10.192771
1,USA,1978,10229,7.647464,17.80619,,,,,34.03723,11.841242
1,USA,1979,11306,11.26604,19.280546,,,,,33.62648,10.528889
1,USA,1980,12186,13.50937,21.08158,62.9,0.23884,0.24568,22.376,33.51439,7.783478
1,USA,1981,13533,10.31553,20.363241,,,,,34.08828,11.053668
1,USA,1982,13940,6.160616,18.47162,,,,,32.90969,3.0074632
1,USA,1983,15008,3.212435,17.624308,,,,,31.49722,7.661406
1,USA,1984,16549,4.317269,18.577013,,,,,31.87278,10.267858
1,USA,1985,17600,3.561116,17.642408,57.4,,,,30.86452,6.3508368
1,USA,1986,18439,1.858736,17.954124,,,,,29.44326,4.7670455
1,USA,1987,19407,3.740876,19.116186,,,,,29.19973,5.2497425
1,USA,1988,20711,4.009088,20.330818,,,,,29.60649,6.719225
1,USA,1989,22047,4.827003,20.730293,,,,,28.61904,6.4506783
1,USA,1990,23064,5.397956,21.18795,44.4,,,,27.85032,4.6128726
1,USA,1991,23507,4.234964,21.26635,,,,,26.62006,1.9207423
1,USA,1992,24509,3.02882,21.54221,,,,,25.72843,4.26256
1,USA,1993,25409,2.951657,21.55765,,,,,25.61001,3.6721203
1,USA,1994,26670,2.607442,22.61822,,,,,26.08295,4.9628086
1,USA,1995,27574,2.80542,24.27398,44.6,,,,26.29285,3.3895762
1,USA,1996,28814,2.931204,24.58247,,,,,25.7854,4.4969897
1,USA,1997,30262,2.33769,25.59154,,,,,25.38429,5.025335
1,USA,1998,31519,1.552279,24.690569,,,,,25.01884,4.153724
1,USA,1999,33028,2.188027,,,,,,24.72505,4.7875886
1,USA,2000,34603,3.376857,,39.6,,,,24.44349,4.768681
1,USA,2001,35341,2.826171,,,,,,23.04858,2.1327631
1,USA,2002,36180,1.586032,,,,,,,2.3740132
1,USA,2003,37548,2.270095,,,,,,,3.7810946
2,UK,1960,2158,,43.25547,24.5,,,,,
2,UK,1961,2216,3.579418,41.53324,,,,,,2.6876738
2,UK,1962,2276,4.103672,40.404633,,,,,,2.7075813
2,UK,1963,2386,2.074689,40.406586,,,,,,4.83304
2,UK,1964,2534,3.211382,40.518764,,,,,,6.20285
2,UK,1965,2660,4.805041,39.225338,26.5,,,,,4.972376
2,UK,1966,2794,3.908305,38.964634,,,,,,5.037594
2,UK,1967,2923,2.423146,39.313187,,,,,,4.6170363
2,UK,1968,3173,4.731638,43.66513,,,,,,8.552856
2,UK,1969,3391,5.461902,44.038982,,,,,,6.8704696
2,UK,1970,3615,6.361893,45.247738,28.9,,,,,6.605721
2,UK,1971,3854,9.407875,44.9334,,,,,43.07859,6.6113415
2,UK,1972,4149,7.087912,43.559044,,,,,42.56008,7.654385
2,UK,1973,4683,9.209851,49.80358,,,,,42.1354,12.870571
2,UK,1974,5036,15.90322,60.96212,,,,,41.62375,7.537903
2,UK,1975,5481,24.23508,53.56206,31.0,,,,40.48818,8.836378
2,UK,1976,5953,16.53255,58.16979,,,,,41.08992,8.6115675
2,UK,1977,6489,15.88198,59.420418,,,,,41.33041,9.003863
2,UK,1978,7176,8.215962,55.65679,,,,,41.46581,10.587148
2,UK,1979,7973,13.46571,55.690353,,,,,41.82387,11.106466
2,UK,1980,8502,17.97059,52.326874,32.9,0.2008,0.22602,17.588,42.3463,6.634893
2,UK,1981,9161,11.87983,50.51421,,,,,41.89466,7.751117
2,UK,1982,9917,8.590529,50.752407,,,,,41.49169,8.252375
2,UK,1983,10669,4.607018,52.0913,,,,,40.90145,7.582938
2,UK,1984,11336,4.953409,57.00433,,,,,40.38236,6.2517576
2,UK,1985,12068,6.065421,56.622364,35.7,,,,39.76278,6.457304
2,UK,1986,12795,3.427615,52.056396,,,,,39.13434,6.024196
2,UK,1987,13717,4.148918,51.936165,,,,,38.03052,7.20594
2,UK,1988,14864,4.907976,49.64918,,,,,37.21299,8.361887
2,UK,1989,15716,7.797271,51.64563,,,,,36.62967,5.73197
2,UK,1990,16397,9.475588,51.46746,38.5,,,,35.17424,4.3331637
2,UK,1991,16681,5.853981,48.20938,,,,,33.12701,1.7320242
2,UK,1992,17069,3.732601,49.34976,,,,,31.88967,2.3259997
2,UK,1993,17845,1.564474,52.59363,,,,,31.27093,4.546253
2,UK,1994,18975,2.47645,54.25776,,,,,31.69333,6.332306
2,UK,1995,19860,3.410996,57.89684,39.9,,,,31.99648,4.6640315
2,UK,1996,20923,2.448706,59.84958,,,,,31.86726,5.352467
2,UK,1997,22280,3.132333,57.84053,,,,,31.07413,6.485686
2,UK,1998,23206,3.41817,55.989063,,,,,29.46092,4.1561937
2,UK,1999,23959,1.555385,,,,,,28.59877,3.2448504
2,UK,2000,25583,2.9271,,39.1,,,,28.47661,6.7782464
2,UK,2001,27026,1.820852,,,,,,27.47552,5.6404643
2,UK,2002,28969,1.634458,,,,,,26.99038,7.189373
2,UK,2003,29609,2.913632,,,,,,26.59016,2.209258
3,Austria,1960,1796,,48.126095,48.7,,,,,
3,Austria,1961,1899,3.542256,46.52596,,,,,,5.7349668
3,Austria,1962,1977,4.381785,47.171013,,,,,,4.1074247
3,Austria,1963,2074,2.70877,47.977253,,,,,,4.906424
3,Austria,1964,2224,3.868571,48.415096,,,,,,7.2324014
3,Austria,1965,2336,4.930911,49.6133,47.6,,,,,5.035971
3,Austria,1966,2537,2.205882,50.31641,,,,,,8.604452
3,Austria,1967,2668,3.975,49.683853,,,,,,5.163579
3,Austria,1968,2908,2.773103,50.410915,,,,,,8.995502
3,Austria,1969,3239,3.080402,54.232513,,,,,,11.382394
3,Austria,1970,3732,4.372825,59.711964,46.5,,,,,15.220747
3,Austria,1971,4100,4.704262,59.185368,,,,,41.21851,9.860664
3,Austria,1972,4513,6.362063,59.09092,,,,,41.52563,10.073171
3,Austria,1973,4969,7.524082,59.26243,,,,,42.23682,10.104143
3,Austria,1974,5622,9.521791,64.81173,,,,,42.26027,13.141478
3,Austria,1975,6147,8.445255,61.598152,45.6,,,,40.12814,9.338314
3,Austria,1976,6810,7.318689,65.17087,,,,,39.3979,10.785749
3,Austria,1977,7588,5.475,65.20969,,,,,39.05883,11.424376
3,Austria,1978,8117,3.579047,64.74067,,,,,39.23565,6.971534
3,Austria,1979,9288,3.707094,69.698715,,,,,38.1772,14.426513
3,Austria,1980,10312,6.32539,73.99586,61.8,0.26338,0.31104,26.642,38.09647,11.024979
3,Austria,1981,11242,6.806862,76.07967,,,,,37.83085,9.01862
3,Austria,1982,12148,5.440414,71.684555,,,,,36.90459,8.059064
3,Austria,1983,13048,3.335381,70.53411,,,,,36.41043,7.408627
3,Austria,1984,13533,5.664864,75.512695,,,,,35.23595,3.7170448
3,Austria,1985,14296,3.189694,79.065735,60.0,,,,35.58244,5.63807
3,Austria,1986,14921,1.700921,70.925285,,,,,35.29153,4.3718524
3,Austria,1987,15549,1.4,69.633995,,,,,34.79196,4.208833
3,Austria,1988,16595,1.931295,74.93547,,,,,34.58339,6.727121
3,Austria,1989,17768,2.563896,78.906845,,,,,34.11145,7.068394
3,Austria,1990,19070,3.262322,79.02966,57.9,,,,34.11053,7.3277802
3,Austria,1991,20172,3.334348,78.7691,,,,,33.98061,5.77871
3,Austria,1992,20960,4.029763,76.00291,,,,,33.03325,3.906405
3,Austria,1993,21220,3.625806,73.35833,,,,,32.18623,1.240458
3,Austria,1994,22139,2.959065,75.14964,,,,,32.13828,4.33082
3,Austria,1995,22976,2.2501,77.78494,55.7,,,,32.44965,3.7806585
3,Austria,1996,24008,1.843557,80.74392,,,,,32.29562,4.4916434
3,Austria,1997,24472,1.325,85.25793,,,,,32.72698,1.9326891
3,Austria,1998,25314,0.9046797,,,,,,32.84259,3.440667
3,Austria,1999,26558,0.562393,,,,,,32.90003,4.9142766
3,Austria,2000,28359,2.350462,,55.0,,,,32.77485,6.781384
3,Austria,2001,28855,2.659962,,,,,,32.1686,1.7490039
3,Austria,2002,29942,1.810212,,,,,,31.98478,3.7671113
3,Austria,2003,30796,1.363419,,,,,,31.73713,2.852181
4,Belgium,1960,1782,,77.34178,27.1,,,,,
4,Belgium,1961,1883,0.9831461,80.01627,,,,,,5.667789
4,Belgium,1962,2018,1.404729,82.43776,,,,,,7.1694107
4,Belgium,1963,2122,2.15334,85.66539,,,,,,5.1536174
4,Belgium,1964,2288,4.175618,86.62045,,,,,,7.8228087
4,Belgium,1965,2414,4.059802,85.26191,28.5,,,,,5.506993
4,Belgium,1966,2559,4.173892,89.370125,,,,,,6.006628
4,Belgium,1967,2719,2.912852,86.23965,,,,,,6.2524424
4,Belgium,1968,2958,2.703327,90.62302,,,,,,8.789996
4,Belgium,1969,3308,3.745782,97.94964,,,,,,11.832319
4,Belgium,1970,3797,3.914128,100.42813,28.7,,,,,14.782346
4,Belgium,1971,4129,4.340568,97.9751,,,,,42.50227,8.743745
4,Belgium,1972,4512,5.4475,97.54892,,,,,41.94415,9.275854
4,Belgium,1973,5039,6.955278,107.77507,,,,,42.51509,11.679964
4,Belgium,1974,5707,12.67789,120.51753,,,,,43.29301,13.256598
4,Belgium,1975,6146,12.7682,104.77955,30.3,,,,40.01701,7.6923075
4,Belgium,1976,6854,9.1587,110.838104,,,,,40.13395,11.519688
4,Belgium,1977,7326,7.110848,109.5376,,,,,39.49528,6.88649
4,Belgium,1978,8056,4.470595,105.68562,,,,,38.45702,9.96451
4,Belgium,1979,8921,4.469084,116.28985,,,,,38.20924,10.737339
4,Belgium,1980,10156,6.650975,117.16876,31.6,0.26864,0.28246,21.876,36.84375,13.8437395
4,Belgium,1981,11079,7.628274,126.35263,,,,,34.46517,9.088223
4,Belgium,1982,11827,8.725851,134.42366,,,,,34.4062,6.751512
4,Belgium,1983,12334,7.66337,137.18913,,,,,34.14059,4.2868013
4,Belgium,1984,13113,6.347517,146.64285,,,,,33.48085,6.315875
4,Belgium,1985,13735,4.867676,140.55513,32.6,,,,34.2135,4.7433844
4,Belgium,1986,14292,1.295501,126.71104,,,,,33.22915,4.055333
4,Belgium,1987,15013,1.554483,122.64662,,,,,32.1018,5.0447803
4,Belgium,1988,16209,1.162051,129.20561,,,,,32.88089,7.966429
4,Belgium,1989,17345,3.10545,138.38467,,,,,33.22943,7.008452
4,Belgium,1990,18526,3.452823,134.00658,32.6,,,,32.6643,6.8088784
4,Belgium,1991,19453,3.208552,130.8264,,,,,30.66162,5.0037785
4,Belgium,1992,20123,2.429914,126.43597,,,,,30.11093,3.4441988
4,Belgium,1993,20308,2.753963,120.23799,,,,,28.99867,0.91934603
4,Belgium,1994,21340,2.377799,125.53788,,,,,28.92364,5.0817413
4,Belgium,1995,22248,1.466814,129.36067,30.5,,,,29.53443,4.2549205
4,Belgium,1996,22687,2.058919,131.87495,,,,,29.14131,1.973211
4,Belgium,1997,23416,1.627459,141.31438,,,,,29.25781,3.213294
4,Belgium,1998,24164,0.9536226,149.6824,,,,,28.63953,3.194397
4,Belgium,1999,24792,1.119242,,,,,,27.95392,2.5989075
4,Belgium,2000,26631,2.546246,,28.0,,,,28.08952,7.4177155
4,Belgium,2001,28001,2.471273,,,,,,27.25738,5.1443806
4,Belgium,2002,29330,1.643454,,,,,,27.01092,4.746259
4,Belgium,2003,30082,1.591312,,,,,,26.48478,2.5639277
5,Denmark,1960,2329,,65.782196,46.1,,,,,
5,Denmark,1961,2485,3.451629,61.540672,,,,,,6.6981535
5,Denmark,1962,2665,7.37782,60.33738,,,,,,7.2434607
5,Denmark,1963,2700,6.105033,60.416042,,,,,,1.3133209
5,Denmark,1964,2980,3.092783,61.6781,,,,,,10.37037
5,Denmark,1965,3177,5.45,61.38874,45.5,,,,,6.6107383
5,Denmark,1966,3377,7.06496,59.87274,,,,,,6.295247
5,Denmark,1967,3580,8.207853,57.85473,,,,,,6.0112524
5,Denmark,1968,3892,7.953615,57.879894,,,,,,8.715084
5,Denmark,1969,4352,3.487931,58.468327,,,,,,11.819117
5,Denmark,1970,4541,6.514837,60.321808,44.5,,,,,4.3428307
5,Denmark,1971,4858,5.869877,58.494747,,,,,31.78034,6.980841
5,Denmark,1972,5262,6.562348,54.942623,,,,,31.53147,8.316179
5,Denmark,1973,5719,9.303389,60.465103,,,,,30.28473,8.684911
5,Denmark,1974,6121,15.2752,68.138985,,,,,29.58704,7.029201
5,Denmark,1975,6565,9.605614,62.650646,44.9,,,,29.25056,7.253717
5,Denmark,1976,7371,9.0,63.949295,,,,,28.24987,12.277227
5,Denmark,1977,7901,11.13914,62.842953,,,,,28.02203,7.1903405
5,Denmark,1978,8585,10.00894,59.20886,,,,,27.56307,8.657132
5,Denmark,1979,9566,9.611055,62.88595,,,,,26.88064,11.426908
5,Denmark,1980,10362,12.30532,68.160645,43.4,0.29344,0.33284,22.217999,28.23314,8.321137
5,Denmark,1981,11106,11.79159,74.18737,,,,,26.5771,7.180081
5,Denmark,1982,12115,10.08994,74.13429,,,,,26.75725,9.085179
5,Denmark,1983,12822,6.907309,72.48873,,,,,26.98976,5.835741
5,Denmark,1984,13777,6.322079,73.978584,,,,,27.29058,7.448136
5,Denmark,1985,14698,4.652379,74.85047,42.5,,,,27.62063,6.685055
5,Denmark,1986,15608,3.721279,66.16891,,,,,28.24608,6.1913185
5,Denmark,1987,16024,3.985071,62.581482,,,,,27.91802,2.6653
5,Denmark,1988,16766,4.550191,63.53234,,,,,27.08609,4.630554
5,Denmark,1989,17418,4.784053,67.06669,,,,,27.02068,3.8888226
5,Denmark,1990,18237,2.652716,66.58468,49.9,,,,26.54429,4.7020326
5,Denmark,1991,19070,2.36796,68.53211,,,,,26.16956,4.5676374
5,Denmark,1992,19829,2.101981,66.43089,,,,,26.34534,3.9800735
5,Denmark,1993,20199,1.250985,63.97609,,,,,25.19012,1.8659539
5,Denmark,1994,21691,1.994357,65.61267,,,,,25.31154,7.386504
5,Denmark,1995,22693,2.098436,66.71786,47.0,,,,25.75751,4.619427
5,Denmark,1996,23781,2.11136,66.07381,,,,,25.95113,4.79443
5,Denmark,1997,24878,2.195791,68.58707,,,,,26.04515,4.6129265
5,Denmark,1998,25669,1.853178,,,,,,26.00064,3.179516
5,Denmark,1999,27113,2.478685,,,,,,26.2223,5.6254625
5,Denmark,2000,28798,2.924779,,46.5,,,,27.18491,6.2147307
5,Denmark,2001,29837,2.35,,,,,,26.28203,3.6078894
5,Denmark,2002,30318,2.426315,,,,,,26.40067,1.6120924
5,Denmark,2003,30853,2.09062,,,,,,26.40539,1.7646283
6,France,1960,1858,,26.919622,25.7,,,,,
6,France,1961,1959,2.414562,26.21155,,,,,,5.4359527
6,France,1962,2099,5.24725,24.89856,,,,,,7.1465034
6,France,1963,2205,4.93969,25.005909,,,,,,5.050024
6,France,1964,2367,3.229338,25.622961,,,,,,7.3469386
6,France,1965,2526,2.71474,25.749504,25.8,,,,,6.717364
6,France,1966,2728,2.570721,26.47594,,,,,,7.996833
6,France,1967,2915,2.818319,26.188457,,,,,,6.854839
6,France,1968,3163,4.552129,26.57132,,,,,,8.507719
6,France,1969,3531,6.039326,28.73958,,,,,,11.634524
6,France,1970,3857,5.845475,31.08583,26.0,,,,,9.232512
6,France,1971,4203,5.397514,31.760962,,,,,38.64927,8.970702
6,France,1972,4535,6.063004,32.39192,,,,,38.6979,7.89912
6,France,1973,5008,7.380597,34.27934,,,,,37.94067,10.429989
6,France,1974,5594,13.64932,42.390965,,,,,37.56777,11.701278
6,France,1975,6077,11.68593,36.927505,26.8,,,,37.66209,8.634251
6,France,1976,6673,9.625493,39.892372,,,,,37.49077,9.80747
6,France,1977,7292,9.494556,40.849865,,,,,36.88102,9.276188
6,France,1978,8031,9.250559,39.48853,,,,,36.23006,10.134394
6,France,1979,8948,10.64674,41.87905,,,,,35.84073,11.418254
6,France,1980,9891,13.53911,44.269318,34.5,0.27806,0.3287,27.236,36.0303,10.538668
6,France,1981,10929,13.33333,46.10194,,,,,35.17299,10.494389
6,France,1982,11869,11.97848,45.501305,,,,,34.09864,8.60097
6,France,1983,12518,9.459548,45.12784,,,,,33.51458,5.468026
6,France,1984,13145,7.673803,47.646427,,,,,33.12116,5.008787
6,France,1985,13746,5.831099,47.159176,36.3,,,,32.78713,4.5720806
6,France,1986,14308,2.538527,41.344673,,,,,31.80395,4.088462
6,France,1987,14940,3.288898,41.14437,,,,,30.94018,4.4171095
6,France,1988,16040,2.700817,42.526455,,,,,30.74395,7.3627844
6,France,1989,17193,3.498302,45.686443,,,,,30.22196,7.188279
6,France,1990,18244,3.380057,45.13057,36.9,,,,29.69998,6.1129527
6,France,1991,19021,3.216935,45.04747,,,,,29.52016,4.2589345
6,France,1992,19746,2.365765,44.02612,,,,,29.15713,3.8115766
6,France,1993,19920,2.10601,41.84121,,,,,27.45125,0.88119113
6,France,1994,20695,1.660873,43.40138,,,,,27.18095,3.8905623
6,France,1995,21545,1.778116,44.69141,37.3,,,,27.2759,4.107272
6,France,1996,22288,2.008362,45.60446,,,,,26.60661,3.448596
6,France,1997,23370,1.200322,49.3604,,,,,26.04123,4.8546305
6,France,1998,24412,0.6725971,,,,,,25.94564,4.458708
6,France,1999,25111,0.5,,,,,,25.49264,2.8633459
6,France,2000,26690,1.691542,,37.3,,,,25.48119,6.2880807
6,France,2001,28043,1.663405,,,,,,25.5017,5.0693145
6,France,2002,28829,1.924928,,,,,,25.30812,2.8028386
6,France,2003,29210,2.101039,,,,,,24.47357,1.3215859
7,West Germany,1960,2284,,35.459682,61.0,,,,44.987244,
7,West Germany,1961,2388,2.5157232,33.836784,,,,,,4.5534153
7,West Germany,1962,2527,2.7607362,33.466377,,,,,,5.8207707
7,West Germany,1963,2610,2.9850745,34.16063,,,,,,3.284527
7,West Germany,1964,2806,2.3188405,34.56614,,,,,,7.5095787
7,West Germany,1965,3005,3.3994334,35.8168,58.9,,,,,7.0919456
7,West Germany,1966,3168,3.5616438,36.628227,,,,,,5.424293
7,West Germany,1967,3241,1.5873016,37.22666,,,,,,2.304293
7,West Germany,1968,3571,1.0416666,39.09016,,,,,,10.182042
7,West Germany,1969,3998,2.0618556,40.571236,,,,,,11.957435
7,West Germany,1970,4367,3.2828283,40.31838,57.0,,,,38.217014,9.229615
7,West Germany,1971,4686,5.1344743,39.739914,,,,,48.00126,7.3047857
7,West Germany,1972,5055,5.3488374,39.230003,,,,,46.94689,7.87452
7,West Germany,1973,5553,6.843267,40.75988,,,,,46.53436,9.851632
7,West Germany,1974,6074,6.818182,48.39369,,,,,45.70887,9.382316
7,West Germany,1975,6603,5.9961314,46.45783,46.8,,,,43.37009,8.709252
7,West Germany,1976,7367,4.379562,49.10308,,,,,43.61361,11.570498
7,West Germany,1977,8090,3.4965036,48.564785,,,,,43.16602,9.814035
7,West Germany,1978,8928,2.5337837,47.071793,,,,,42.96508,10.358467
7,West Germany,1979,10067,3.7891269,49.485752,,,,,43.08099,12.757616
7,West Germany,1980,11083,5.2380953,53.336185,52.5,0.33738,0.32564,27.017998,36.04203,10.0923815
7,West Germany,1981,12115,6.3348417,56.67342,,,,,35.42349,9.311558
7,West Germany,1982,12761,5.390071,57.34184,,,,,34.778473,5.332233
7,West Germany,1983,13519,3.230148,55.48264,,,,,35.085144,5.9399734
7,West Germany,1984,14481,2.3468058,58.791813,,,,,34.51585,7.115911
7,West Germany,1985,15291,2.0382166,61.519432,58.5,,,,34.851387,5.5935364
7,West Germany,1986,15998,-0.2496879,55.117413,,,,,34.366795,4.623635
7,West Germany,1987,16679,0.12515645,52.914875,,,,,34.090187,4.256782
7,West Germany,1988,17786,1.125,53.910343,,,,,33.772335,6.637089
7,West Germany,1989,18994,2.8430161,57.664852,,,,,33.96273,6.7918587
7,West Germany,1990,20465,2.7644231,58.3615,56.2,,,,,7.7445507
7,West Germany,1991,21602,3.74269,,,,,,,5.555827
7,West Germany,1992,22154,4.0586247,,,,,,,2.555319
7,West Germany,1993,21878,3.6836402,,,,,,,-1.2458247
7,West Germany,1994,22371,2.8213167,,,,,,,2.2534053
7,West Germany,1995,23035,1.6260163,,,,,,,2.9681284
7,West Germany,1996,23742,1.3,,,,,,,3.0692425
7,West Germany,1997,24156,1.7769003,,,,,,,1.7437452
7,West Germany,1998,24931,0.8729389,,,,,,,3.2083127
7,West Germany,1999,25755,0.6730769,,,,,,,3.3051221
7,West Germany,2000,26943,,,,,,,,4.6126966
7,West Germany,2001,27449,,,,,,,,1.8780388
7,West Germany,2002,28348,,,,,,,,3.2751648
7,West Germany,2003,28855,,,,,,,,1.788486
8,Italy,1960,1620,,26.57343,13.9,,,,,
8,Italy,1961,1763,2.702703,26.883282,,,,,,8.827161
8,Italy,1962,1900,3.947368,27.117237,,,,,,7.770845
8,Italy,1963,2021,7.594937,27.785471,,,,,,6.368421
8,Italy,1964,2093,5.882353,26.7552,,,,,,3.5625927
8,Italy,1965,2205,4.444445,27.677755,14.1,,,,,5.3511705
8,Italy,1966,2400,3.191489,29.030056,,,,,,8.843537
8,Italy,1967,2624,3.092783,29.300257,,,,,,9.333333
8,Italy,1968,2910,2.0,29.876673,,,,,,10.89939
8,Italy,1969,3227,1.960784,31.844769,,,,,,10.893471
8,Italy,1970,3602,4.807693,32.854187,17.5,,,,,11.6207
8,Italy,1971,3834,5.504587,33.22466,,,,,40.38538,6.440866
8,Italy,1972,4101,5.217391,34.73354,,,,,39.51487,6.9640064
8,Italy,1973,4594,10.7438,36.741856,,,,,40.68504,12.021459
8,Italy,1974,5240,19.40298,44.55848,,,,,42.32259,14.06182
8,Italy,1975,5601,16.875,41.32477,18.6,,,,41.31369,6.8893127
8,Italy,1976,6288,16.57754,45.4257,,,,,42.21162,12.265667
8,Italy,1977,6821,17.43119,45.851334,,,,,41.67762,8.476463
8,Italy,1978,7542,12.10938,45.114742,,,,,41.04507,10.570297
8,Italy,1979,8594,14.63415,47.706306,,,,,40.67571,13.948555
8,Italy,1980,9643,21.2766,46.654396,29.2,0.37278,0.32452,26.728,40.37956,12.20619
8,Italy,1981,10593,17.79449,48.836246,,,,,39.03865,9.851706
8,Italy,1982,11275,16.38298,47.112198,,,,,38.13298,6.438214
8,Italy,1983,11812,14.62523,43.484116,,,,,36.95853,4.7627497
8,Italy,1984,12543,10.84529,45.80589,,,,,36.52842,6.1886215
8,Italy,1985,13285,9.208633,46.108475,30.3,,,,36.09994,5.9156504
8,Italy,1986,13896,5.797101,38.94103,,,,,34.897,4.599172
8,Italy,1987,14688,4.732254,38.36825,,,,,34.5781,5.699482
8,Italy,1988,15784,5.112961,37.962685,,,,,34.44107,7.4618735
8,Italy,1989,16875,6.221719,40.16734,,,,,34.55434,6.9120626
8,Italy,1990,17946,6.496273,40.0452,31.5,,,,33.898,6.346667
8,Italy,1991,18845,6.3,37.988586,,,,,32.9108,5.009473
8,Italy,1992,19367,5.079962,39.345406,,,,,32.38869,2.7699654
8,Italy,1993,19778,4.476276,42.431316,,,,,31.35425,2.1221666
8,Italy,1994,20577,4.027421,45.074287,,,,,31.30136,4.039842
8,Italy,1995,21532,5.244371,51.2474,32.4,,,,31.50129,4.641104
8,Italy,1996,22235,3.974524,48.17212,,,,,30.50213,3.264908
8,Italy,1997,22810,2.043106,50.31563,,,,,30.06423,2.586013
8,Italy,1998,23840,1.96294,,,,,,29.91003,4.5155635
8,Italy,1999,24402,1.655629,,,,,,29.31141,2.3573825
8,Italy,2000,25759,2.537687,,32.0,,,,29.04274,5.5610194
8,Italy,2001,26586,2.785166,,,,,,28.74293,3.2105284
8,Italy,2002,27320,2.46532,,,,,,28.28014,2.7608516
8,Italy,2003,27537,2.672559,,,,,,27.80482,0.7942899
9,Netherlands,1960,2113,,90.88709,11.1,,,,,
9,Netherlands,1961,2111,1.732093,88.21291,,,,,,-0.09465215
9,Netherlands,1962,2275,2.286038,86.70377,,,,,,7.76883
9,Netherlands,1963,2360,3.343184,87.91217,,,,,,3.7362638
9,Netherlands,1964,2566,5.790884,86.53982,,,,,,8.728813
9,Netherlands,1965,2739,5.794898,83.92977,13.6,,,,,6.742011
9,Netherlands,1966,2874,5.79687,82.381424,,,,,,4.9288063
9,Netherlands,1967,3078,3.486793,79.59118,,,,,,7.098121
9,Netherlands,1968,3399,3.675613,79.654465,,,,,,10.42885
9,Netherlands,1969,3951,7.42825,82.78465,,,,,,16.24007
9,Netherlands,1970,4342,3.679937,88.73793,45.8,,,,,9.896229
9,Netherlands,1971,4705,7.47758,88.536026,,,,,37.20113,8.360203
9,Netherlands,1972,4984,7.79175,84.7172,,,,,36.9602,5.929862
9,Netherlands,1973,5475,8.013519,88.92212,,,,,36.77002,9.851525
9,Netherlands,1974,6165,9.609367,102.14023,,,,,36.93427,12.602739
9,Netherlands,1975,6699,10.21273,93.638176,44.3,,,,35.57053,8.6618
9,Netherlands,1976,7345,9.057487,95.766205,,,,,35.76351,9.64323
9,Netherlands,1977,7959,6.474103,91.19662,,,,,35.20782,8.359428
9,Netherlands,1978,8676,4.080017,87.71375,,,,,34.13189,9.00867
9,Netherlands,1979,9504,4.210454,96.286804,,,,,34.08447,9.543569
9,Netherlands,1980,10458,6.73332,102.657455,44.1,0.29368,0.30778,21.84,34.51798,10.037879
9,Netherlands,1981,11304,6.748466,109.611946,,,,,34.74647,8.0895
9,Netherlands,1982,11784,5.862069,107.3393,,,,,34.06893,4.2462845
9,Netherlands,1983,12419,2.823019,106.94978,,,,,33.90657,5.388663
9,Netherlands,1984,13234,3.273495,114.40473,,,,,34.55178,6.5625253
9,Netherlands,1985,13938,2.223926,116.79983,44.7,,,,34.86816,5.319631
9,Netherlands,1986,14613,0.100025,97.608826,,,,,32.41933,4.8428755
9,Netherlands,1987,15197,-0.7078025,96.81971,,,,,30.76184,3.9964416
9,Netherlands,1988,16082,0.7463938,101.08154,,,,,30.96866,5.823518
9,Netherlands,1989,17387,1.082161,106.491394,,,,,30.66598,8.114662
9,Netherlands,1990,18665,3.285469,103.68212,45.4,,,,30.71949,7.3503194
9,Netherlands,1991,19626,3.133333,103.30096,,,,,30.41988,5.148674
9,Netherlands,1992,20224,3.183581,99.63787,,,,,29.34567,3.0469785
9,Netherlands,1993,20679,2.584182,94.70643,,,,,28.65413,2.249802
9,Netherlands,1994,21588,2.801527,95.98548,,,,,28.54458,4.395764
9,Netherlands,1995,22585,2.095282,99.49503,46.3,,,,28.74623,4.6183066
9,Netherlands,1996,23531,2.016667,101.01143,,,,,28.43318,4.1886206
9,Netherlands,1997,24692,2.15651,104.89993,,,,,27.83015,4.933917
9,Netherlands,1998,25811,1.983048,,,,,,27.106,4.531832
9,Netherlands,1999,26654,2.211071,,,,,,26.31304,3.2660494
9,Netherlands,2000,28467,2.52378,,45.4,,,,26.79898,6.801981
9,Netherlands,2001,30359,4.534231,,,,,,26.62816,6.646292
9,Netherlands,2002,31284,3.467068,,,,,,25.82768,3.0468724
9,Netherlands,2003,31792,2.11464,,,,,,,1.6238333
10,Norway,1960,1713,,73.68096,21.3,,,,,
10,Norway,1961,1823,2.451108,72.13998,,,,,,6.4214826
10,Norway,1962,1905,5.268516,69.34479,,,,,,4.4980803
10,Norway,1963,1991,2.587041,70.4398,,,,,,4.514436
10,Norway,1964,2112,5.679944,71.78108,,,,,,6.077348
10,Norway,1965,2268,4.25959,71.81725,22.4,,,,,7.3863635
10,Norway,1966,2417,3.251337,72.5338,,,,,,6.569665
10,Norway,1967,2620,4.433395,74.773056,,,,,,8.398842
10,Norway,1968,2784,3.471534,73.59362,,,,,,6.259542
10,Norway,1969,3035,3.067485,72.03036,,,,,,9.015804
10,Norway,1970,3213,10.56548,74.13993,31.1,,,,,5.864909
10,Norway,1971,3523,6.258412,73.00291,,,,,31.94468,9.648304
10,Norway,1972,3814,7.219759,70.42838,,,,,32.23043,8.260006
10,Norway,1973,4138,7.44241,76.504845,,,,,32.27221,8.495018
10,Norway,1974,4728,9.414514,83.27903,,,,,33.08653,14.258096
10,Norway,1975,5458,11.70707,78.767204,34.8,,,,34.62412,15.439932
10,Norway,1976,6116,9.175756,79.932335,,,,,34.2097,12.055698
10,Norway,1977,6742,9.043156,78.69983,,,,,34.0764,10.235448
10,Norway,1978,7412,8.151506,72.255005,,,,,35.43352,9.937704
10,Norway,1979,8354,4.759825,77.27374,,,,,38.27974,12.709121
10,Norway,1980,9557,10.89621,80.33016,39.3,0.33696,0.37418,31.594,40.38873,14.400288
10,Norway,1981,10548,13.63705,79.648895,,,,,40.68092,10.369363
10,Norway,1982,11205,11.37206,78.18887,,,,,40.84821,6.228669
10,Norway,1983,12022,8.411048,76.31546,,,,,42.04797,7.2913876
10,Norway,1984,13220,6.279108,77.48017,,,,,43.46854,9.965064
10,Norway,1985,14354,5.665824,78.744705,41.0,,,,42.85285,8.577912
10,Norway,1986,15184,7.186768,72.85357,,,,,36.27047,5.7823606
10,Norway,1987,15823,8.725932,67.695114,,,,,35.80692,4.2083774
10,Norway,1988,16299,6.698484,67.40089,,,,,34.0042,3.008279
10,Norway,1989,17043,4.555442,73.29363,,,,,35.5254,4.5646973
10,Norway,1990,18004,4.113033,74.73464,69.6,,,,35.66044,5.6386786
10,Norway,1991,19212,3.420683,72.62285,,,,,34.55202,6.70962
10,Norway,1992,20185,2.342116,69.54725,,,,,34.17055,5.064543
10,Norway,1993,21088,2.271489,70.1258,,,,,33.76404,4.473619
10,Norway,1994,22534,1.398555,70.58623,,,,,34.25858,6.8569803
10,Norway,1995,23874,2.456405,70.1032,66.7,,,,35.35278,5.9465694
10,Norway,1996,26263,1.258694,72.61958,,,,,37.7201,10.006701
10,Norway,1997,27776,2.580741,75.46217,,,,,38.2629,5.7609563
10,Norway,1998,27294,2.255686,74.28209,,,,,33.82029,-1.735311
10,Norway,1999,30011,2.333139,,,,,,35.71146,9.954569
10,Norway,2000,36273,3.086068,,62.5,,,,42.95295,20.865683
10,Norway,2001,37078,3.017378,,,,,,40.8742,2.2192817
10,Norway,2002,36617,1.288146,,,,,,37.90837,-1.2433249
10,Norway,2003,37245,2.475397,,,,,,37.51624,1.7150503
12,Switzerland,1960,3387,,53.2535,21.8,,,,,
12,Switzerland,1961,3625,1.845371,54.59318,,,,,,7.0268674
12,Switzerland,1962,3788,4.315616,54.494743,,,,,,4.4965515
12,Switzerland,1963,3946,3.439719,53.69223,,,,,,4.1710668
12,Switzerland,1964,4158,3.081314,53.660713,,,,,,5.372529
12,Switzerland,1965,4360,3.414517,55.15859,22.3,,,,,4.8581047
12,Switzerland,1966,4575,4.776131,55.518734,,,,,,4.931193
12,Switzerland,1967,4790,4.021478,54.613895,,,,,,4.6994534
12,Switzerland,1968,5138,2.412351,56.837097,,,,,,7.265136
12,Switzerland,1969,5645,2.489007,60.69416,,,,,,9.867653
12,Switzerland,1970,6382,3.616027,63.589043,38.0,,,,36.26636,13.055801
12,Switzerland,1971,6938,6.573013,60.33389,,,,,35.98696,8.712003
12,Switzerland,1972,7406,6.660192,58.819286,,,,,35.70756,6.7454596
12,Switzerland,1973,7998,8.755041,59.54798,,,,,35.42816,7.993519
12,Switzerland,1974,8800,9.766747,63.37842,,,,,35.148766,10.027507
12,Switzerland,1975,8934,6.696453,56.723125,36.4,,,,34.776234,1.5227273
12,Switzerland,1976,9368,1.715862,60.432114,,,,,34.496834,4.8578463
12,Switzerland,1977,10240,1.28527,66.90281,,,,,34.217438,9.308284
12,Switzerland,1978,11003,1.055814,64.06974,,,,,33.938038,7.451172
12,Switzerland,1979,12189,3.647643,67.3141,,,,,33.658638,10.778878
12,Switzerland,1980,13853,4.022026,72.832115,54.3,0.33524,0.33744,30.963999,32.87,13.651653
12,Switzerland,1981,15338,6.490219,72.369865,,,,,32.69,10.7197
12,Switzerland,1982,15963,5.655212,67.87426,,,,,32.2,4.0748467
12,Switzerland,1983,16611,2.967687,68.349434,,,,,31.9,4.059387
12,Switzerland,1984,17710,2.911208,72.16822,,,,,31.92,6.616098
12,Switzerland,1985,18812,3.429986,74.65241,53.6,,,,32.01,6.222473
12,Switzerland,1986,19458,0.7407407,70.621994,,,,,31.89,3.4339783
12,Switzerland,1987,20120,1.447964,69.58219,,,,,31.46,3.4021995
12,Switzerland,1988,21334,1.884478,71.42004,,,,,31.61,6.0337973
12,Switzerland,1989,22965,3.162964,75.54489,,,,,31.69,7.6450734
12,Switzerland,1990,24518,5.37874,72.00161,53.8,,,,31.34,6.7624645
12,Switzerland,1991,24840,5.879392,68.58638,,,,,30.79,1.3133209
12,Switzerland,1992,25141,4.041076,67.86861,,,,,29.99,1.2117553
12,Switzerland,1993,25427,3.271797,66.71021,,,,,29.58,1.137584
12,Switzerland,1994,26031,0.8584071,66.58563,,,,,30.41,2.3754277
12,Switzerland,1995,26485,1.798719,66.15726,54.8,,,,29.83,1.7440743
12,Switzerland,1996,26394,0.8188244,67.94028,,,,,28.81,-0.3435907
12,Switzerland,1997,27850,0.5215012,75.34065,,,,,28.19,5.516405
12,Switzerland,1998,28835,0.0170097,,,,,,27.43,3.5368042
12,Switzerland,1999,28887,0.8248299,,,,,,27.43,0.1803364
12,Switzerland,2000,30461,1.543392,,55.0,,,,26.76,5.4488177
12,Switzerland,2001,30806,0.9883721,,,,,,27.35,1.1325958
12,Switzerland,2002,32751,0.6415001,,,,,,26.78,6.313705
12,Switzerland,2003,33516,0.6292392,,,,,,26.45,2.3358066
14,Japan,1960,1010,,20.954344,30.9,,,,,
14,Japan,1961,1143,5.404726,20.123087,,,,,,13.168317
14,Japan,1962,1262,6.773193,18.671103,,,,,,10.411199
14,Japan,1963,1374,7.66138,18.86199,,,,,,8.874802
14,Japan,1964,1546,3.838174,19.13273,,,,,,12.518195
14,Japan,1965,1647,6.593407,19.600803,36.7,,,,,6.5329885
14,Japan,1966,1889,5.079663,19.557243,,,,,,14.693382
14,Japan,1967,2133,3.977881,19.05209,,,,,,12.916887
14,Japan,1968,2496,5.369703,19.074675,,,,,,17.018284
14,Japan,1969,2917,5.242592,19.484798,,,,,,16.866987
14,Japan,1970,3293,7.673267,20.330492,33.0,,,,,12.8899555
14,Japan,1971,3575,6.416972,20.702047,,,,,45.17072,8.56362
14,Japan,1972,3988,4.824022,18.85861,,,,,44.57824,11.552447
14,Japan,1973,4491,11.64593,20.046917,,,,,45.35773,12.612839
14,Japan,1974,4778,23.15457,27.945053,,,,,43.6329,6.3905587
14,Japan,1975,5300,11.78279,25.552427,38.1,,,,41.40548,10.925074
14,Japan,1976,5768,9.349221,26.312096,,,,,41.4841,8.830189
14,Japan,1977,6344,8.158704,24.552519,,,,,40.43694,9.986131
14,Japan,1978,7084,4.210798,20.499784,,,,,40.69216,11.664565
14,Japan,1979,8027,3.730788,24.038239,,,,,40.60047,13.311688
14,Japan,1980,8931,7.778707,28.280386,39.9,0.31988,0.41958,34.986,41.00015,11.261991
14,Japan,1981,9986,4.911308,28.64903,,,,,40.91642,11.812787
14,Japan,1982,10813,2.736976,28.356134,,,,,40.32062,8.281594
14,Japan,1983,11346,1.882329,26.096989,,,,,39.47266,4.9292517
14,Japan,1984,12064,2.27158,27.261158,,,,,39.83451,6.3282213
14,Japan,1985,12978,2.023692,25.541183,41.9,,,,39.59441,7.57626
14,Japan,1986,13590,0.6192549,18.744871,,,,,39.01246,4.7156725
14,Japan,1987,14425,0.125012,17.556202,,,,,38.94236,6.1442237
14,Japan,1988,15862,0.6723012,17.794943,,,,,39.11177,9.961872
14,Japan,1989,17269,2.280099,19.78006,,,,,39.04401,8.870256
14,Japan,1990,18815,3.059416,20.64731,44.5,,,,39.36253,8.952458
14,Japan,1991,20055,3.240112,18.73083,,,,,39.02355,6.5904865
14,Japan,1992,20648,1.72701,17.88268,,,,,37.85884,2.9568686
14,Japan,1993,21122,1.28404,16.31121,,,,,36.38006,2.2956219
14,Japan,1994,21757,0.7062027,16.44124,,,,,34.92773,3.006344
14,Japan,1995,22551,-0.126732,17.31402,46.8,,,,34.21719,3.6494002
14,Japan,1996,23714,0.1353523,19.33235,,,,,33.91785,5.1571994
14,Japan,1997,24478,1.731858,20.9999,,,,,33.71395,3.2217255
14,Japan,1998,24429,0.6560372,21.144987,,,,,32.70455,-0.20017976
14,Japan,1999,24709,-0.3382559,,,,,,32.42955,1.1461787
14,Japan,2000,26015,-0.6705298,,47.9,,,,32.23116,5.2855234
14,Japan,2001,26619,-0.7333944,,,,,,30.96192,2.3217375
14,Japan,2002,27196,-0.9151205,,,,,,30.39852,2.1676247
14,Japan,2003,28071,-0.2541942,,,,,,,3.2173848
16,Greece,1960,707,,21.31253,7.9,,,,,
16,Greece,1961,1028,1.934236,21.17232,,,,,,45.40311
16,Greece,1962,1049,-0.3795066,21.926023,,,,,,2.0428016
16,Greece,1963,1188,2.857143,23.088087,,,,,,13.250715
16,Greece,1964,1316,0.9259259,23.294668,,,,,,10.774411
16,Greece,1965,1492,3.119266,24.24564,9.8,,,,,13.37386
16,Greece,1966,1634,4.982206,24.71656,,,,,,9.5174265
16,Greece,1967,1754,1.694915,23.642069,,,,,,7.343941
16,Greece,1968,1967,0.3333333,23.103203,,,,,,12.143672
16,Greece,1969,2298,2.491694,23.465282,,,,,,16.827656
16,Greece,1970,2631,2.917342,23.462626,10.6,,,,,14.490862
16,Greece,1971,2988,2.992126,23.728756,,,,,36.11808,13.568985
16,Greece,1972,3383,4.281345,26.185028,,,,,36.32357,13.219544
16,Greece,1973,3844,15.54252,32.533947,,,,,36.53494,13.626958
16,Greece,1974,3907,26.90355,34.34081,,,,,34.11115,1.6389178
16,Greece,1975,4505,13.36667,35.980827,12.9,,,,33.06773,15.305861
16,Greece,1976,5024,13.31226,35.668255,,,,,33.04417,11.520533
16,Greece,1977,5417,12.16996,34.588295,,,,,33.73073,7.822452
16,Greece,1978,6138,12.53253,34.652,,,,,32.86337,13.30995
16,Greece,1979,6781,19.04615,35.082428,,,,,34.10898,10.475725
16,Greece,1980,7374,24.87481,38.590443,19.7,0.26566,0.34258,24.002,32.9426,8.745023
16,Greece,1981,7870,24.45896,39.115353,,,,,32.57168,6.726336
16,Greece,1982,8204,20.91898,38.697323,,,,,30.66064,4.243964
16,Greece,1983,8388,20.24167,40.974976,,,,,31.3106,2.2428083
16,Greece,1984,8834,18.44896,42.330807,,,,,30.46173,5.3171196
16,Greece,1985,9297,19.30256,44.363792,23.7,,,,30.45694,5.2411137
16,Greece,1986,9525,23.02109,43.68021,,,,,31.09042,2.452404
16,Greece,1987,9548,16.38495,46.111313,,,,,29.96099,0.24146982
16,Greece,1988,10277,13.52675,44.246845,,,,,29.37481,7.635107
16,Greece,1989,11036,13.7,45.670357,,,,,28.5359,7.3854237
16,Greece,1990,11405,20.40457,44.88119,28.7,,,,28.19674,3.3436027
16,Greece,1991,11971,19.47285,43.14999,,,,,26.52802,4.9627357
16,Greece,1992,12198,15.8659,43.44936,,,,,25.66123,1.8962493
16,Greece,1993,12166,14.41449,41.30996,,,,,25.50778,-0.2623381
16,Greece,1994,12566,10.92279,40.28257,,,,,24.36351,3.2878513
16,Greece,1995,12991,8.937057,40.81808,31.8,,,,23.08669,3.3821423
16,Greece,1996,13418,8.196219,40.40134,,,,,23.02569,3.286891
16,Greece,1997,14127,5.538973,39.68484,,,,,21.59255,5.283947
16,Greece,1998,14665,4.766226,,,,,,22.34332,3.8083103
16,Greece,1999,15213,2.636783,,,,,,22.29584,3.7367883
16,Greece,2000,16272,3.150125,,33.8,,,,22.82801,6.9611516
16,Greece,2001,17332,3.374996,,,,,,23.48645,6.5142574
16,Greece,2002,19119,3.629228,,,,,,23.21043,10.310409
16,Greece,2003,20479,3.530557,,,,,,23.83001,7.113343
18,Portugal,1960,728,,37.35394,3.5,,,,,
18,Portugal,1961,783,1.549002,39.982895,,,,,,7.554945
18,Portugal,1962,848,2.662071,38.32179,,,,,,8.301405
18,Portugal,1963,905,2.021573,39.377365,,,,,,6.7216983
18,Portugal,1964,979,3.4,50.419785,,,,,,8.176796
18,Portugal,1965,1084,3.481625,52.902737,3.9,,,,,10.72523
18,Portugal,1966,1170,5.046729,52.805916,,,,,,7.9335794
18,Portugal,1967,1293,5.516014,51.5496,,,,,,10.51282
18,Portugal,1968,1475,6.070827,49.794838,,,,,,14.075792
18,Portugal,1969,1592,7.402512,48.176414,,,,,,7.9322033
18,Portugal,1970,1916,4.533333,50.211582,6.8,,,,,20.351759
18,Portugal,1971,2153,7.496075,51.907047,,,,,35.13776,12.36952
18,Portugal,1972,2420,8.94487,53.733257,,,,,35.94559,12.4013
18,Portugal,1973,2845,10.35523,54.887608,,,,,35.96346,17.561983
18,Portugal,1974,3048,27.96842,62.633427,,,,,37.54448,7.135325
18,Portugal,1975,3045,20.40816,48.222168,9.6,,,,35.2115,-0.098425195
18,Portugal,1976,3407,18.2499,43.775337,,,,,34.72538,11.888342
18,Portugal,1977,3784,27.19167,47.037315,,,,,34.72417,11.065454
18,Portugal,1978,4120,22.64299,47.753605,,,,,33.15321,8.879493
18,Portugal,1979,4663,23.53758,58.92996,,,,,31.94781,13.179611
18,Portugal,1980,5263,16.69189,62.97908,10.6,0.24082,0.29798,26.488,32.87777,12.867253
18,Portugal,1981,5812,20.04076,64.51057,,,,,33.93985,10.431313
18,Portugal,1982,6263,22.73022,64.73094,,,,,33.64522,7.759807
18,Portugal,1983,6479,25.10564,68.44718,,,,,34.49608,3.4488266
18,Portugal,1984,6570,28.78333,74.85384,,,,,32.84181,1.4045377
18,Portugal,1985,6959,19.6454,71.509995,13.7,,,,32.82258,5.920852
18,Portugal,1986,7414,11.76311,62.800735,,,,,30.64454,6.5382957
18,Portugal,1987,8126,9.343148,69.23901,,,,,30.37263,9.603453
18,Portugal,1988,9057,9.697048,73.42918,,,,,32.47451,11.457051
18,Portugal,1989,10042,12.61655,75.041565,,,,,32.34439,10.875566
18,Portugal,1990,10894,13.37246,75.17775,14.8,,,,31.71348,8.484365
18,Portugal,1991,11783,10.92623,69.90818,,,,,30.28444,8.160456
18,Portugal,1992,12219,8.941667,65.14225,,,,,30.2792,3.700246
18,Portugal,1993,12236,6.501951,62.44869,,,,,29.60257,0.13912758
18,Portugal,1994,12614,5.214394,65.60572,,,,,30.64367,3.0892448
18,Portugal,1995,13413,4.123148,68.57445,14.7,,,,31.49808,6.334232
18,Portugal,1996,13974,3.120697,69.22182,,,,,31.74154,4.1825094
18,Portugal,1997,14804,2.161612,71.54989,,,,,31.63949,5.939602
18,Portugal,1998,15401,2.71644,,,,,,31.13629,4.032694
18,Portugal,1999,16363,2.303886,,,,,,30.41585,6.2463474
18,Portugal,2000,17353,2.846721,,14.9,,,,29.99342,6.0502353
18,Portugal,2001,18071,4.394757,,,,,,29.39245,4.1376133
18,Portugal,2002,18799,3.545052,,,,,,28.68818,4.028554
18,Portugal,2003,17603,3.283333,,,,,,,-6.3620405
19,Spain,1960,1074,,16.249819,3.9,,,,,
19,Spain,1961,1201,2.005919,17.638802,,,,,,11.824953
19,Spain,1962,1335,5.634759,19.606129,,,,,,11.157369
19,Spain,1963,1467,8.804627,19.67972,,,,,,9.88764
19,Spain,1964,1554,6.950187,21.492392,,,,,,5.9304705
19,Spain,1965,1678,13.23638,22.708794,4.6,,,,,7.979408
19,Spain,1966,1841,6.194115,23.890324,,,,,,9.713945
19,Spain,1967,1954,6.414575,21.74692,,,,,,6.1379685
19,Spain,1968,2160,4.963315,24.657402,,,,,,10.542477
19,Spain,1969,2447,2.124452,26.033092,,,,,,13.287037
19,Spain,1970,2715,5.757617,27.450756,5.8,,,,,10.952187
19,Spain,1971,2951,8.236041,27.574125,,,,,40.66722,8.69245
19,Spain,1972,3293,8.289366,28.926592,,,,,41.69329,11.589292
19,Spain,1973,3710,11.39021,29.886894,,,,,42.23267,12.663225
19,Spain,1974,4227,15.71734,33.602974,,,,,43.1723,13.93531
19,Spain,1975,4600,16.92566,30.851402,8.2,,,,42.08322,8.824225
19,Spain,1976,4965,17.62931,31.890625,,,,,41.38425,7.9347825
19,Spain,1977,5364,24.52669,30.979395,,,,,40.52181,8.036254
19,Spain,1978,5761,19.78421,29.520868,,,,,39.43257,7.401193
19,Spain,1979,6188,15.66901,29.62632,,,,,38.96561,7.4119077
19,Spain,1980,6856,15.54989,33.522945,13.3,0.25176,0.31324,24.568,38.56755,10.795087
19,Spain,1981,7447,14.55704,37.425205,,,,,37.67302,8.620187
19,Spain,1982,7957,14.40796,38.388615,,,,,37.06181,6.8483953
19,Spain,1983,8378,12.17745,41.893536,,,,,36.7945,5.290939
19,Spain,1984,8812,11.27433,43.44701,,,,,35.9208,5.180234
19,Spain,1985,9259,8.817527,43.49968,17.6,,,,36.20907,5.072628
19,Spain,1986,9744,8.796503,37.577763,,,,,36.6543,5.238147
19,Spain,1987,10542,5.246259,38.542778,,,,,36.09407,8.189655
19,Spain,1988,11434,4.840479,38.839157,,,,,35.9314,8.461392
19,Spain,1989,12417,6.791468,39.452454,,,,,36.21816,8.597166
19,Spain,1990,13365,6.71794,37.50269,25.5,,,,35.47665,7.6346946
19,Spain,1991,14152,5.935327,37.40708,,,,,34.68851,5.888515
19,Spain,1992,14564,5.925724,38.03965,,,,,32.8619,2.9112494
19,Spain,1993,14699,4.568636,39.40948,,,,,31.16821,0.9269431
19,Spain,1994,15325,4.718468,44.39644,,,,,30.55055,4.258793
19,Spain,1995,16032,4.674753,47.8529,28.6,,,,30.98291,4.6133766
19,Spain,1996,16720,3.558506,50.0733,,,,,30.45867,4.291417
19,Spain,1997,17420,1.970708,55.55865,,,,,30.4414,4.186603
19,Spain,1998,18479,1.833537,57.1253,,,,,30.19667,6.0792193
19,Spain,1999,19817,2.310672,,,,,,29.9892,7.2406516
19,Spain,2000,21074,3.432614,,30.7,,,,30.1937,6.343039
19,Spain,2001,22257,3.591101,,,,,,29.92884,5.613552
19,Spain,2002,23756,3.066777,,,,,,29.68476,6.7349596
19,Spain,2003,24812,3.033474,,,,,,29.58652,4.445193
20,Australia,1960,2373,,31.26644,50.4,,,,,
20,Australia,1961,2346,2.512132,29.821074,,,,,,-1.1378002
20,Australia,1962,2539,-0.278474,30.158545,,,,,,8.2267685
20,Australia,1963,2717,0.5305781,32.055397,,,,,,7.010634
20,Australia,1964,2873,2.361111,31.527285,,,,,,5.7416267
20,Australia,1965,2973,3.962008,31.035599,48.9,,,,,3.4806821
20,Australia,1966,3230,2.975724,29.973152,,,,,,8.644466
20,Australia,1967,3404,3.193916,30.114193,,,,,,5.3869967
20,Australia,1968,3788,2.652911,28.348595,,,,,,11.280846
20,Australia,1969,4162,2.919359,29.821142,,,,,,9.873284
20,Australia,1970,4490,3.906068,28.962433,48.3,,,,,7.8808265
20,Australia,1971,4677,6.063996,27.807472,,,,,37.29359,4.1648107
20,Australia,1972,5013,5.864979,27.70299,,,,,36.80088,7.1840925
20,Australia,1973,5595,9.465922,29.440403,,,,,35.43585,11.609815
20,Australia,1974,6024,15.11014,31.63861,,,,,36.88676,7.66756
20,Australia,1975,6683,15.07196,28.900406,47.0,,,,37.10455,10.939575
20,Australia,1976,7140,13.52391,31.207617,,,,,36.66529,6.8382463
20,Australia,1977,7482,12.30024,30.863096,,,,,35.99936,4.789916
20,Australia,1978,8272,7.923674,32.15132,,,,,35.65282,10.558674
20,Australia,1979,9174,9.090001,34.95831,,,,,35.81057,10.904255
20,Australia,1980,10203,10.12658,33.86125,47.5,0.3173,0.31798,29.696,37.0267,11.216481
20,Australia,1981,11513,9.691745,33.173725,,,,,35.92434,12.839361
20,Australia,1982,11537,11.14551,31.657738,,,,,34.74367,0.20846
20,Australia,1983,12300,10.11356,30.678139,,,,,34.8257,6.6135044
20,Australia,1984,13120,3.950185,34.641,,,,,35.29966,6.6666665
20,Australia,1985,14019,6.739049,35.246246,48.4,,,,35.07288,6.852134
20,Australia,1986,14537,9.084532,34.7444,,,,,32.77786,3.6949854
20,Australia,1987,15554,8.488746,34.72344,,,,,31.35881,6.995941
20,Australia,1988,16524,7.231772,34.083694,,,,,29.87518,6.236338
20,Australia,1989,17255,7.559425,34.358536,,,,,29.96091,4.423868
20,Australia,1990,17322,7.27226,34.46177,48.4,,,,28.9668,0.38829324
20,Australia,1991,17652,3.22268,35.23764,,,,,28.168,1.9050918
20,Australia,1992,18496,0.9859155,37.69257,,,,,27.97166,4.7813277
20,Australia,1993,19432,1.81311,38.35179,,,,,28.00918,5.0605536
20,Australia,1994,20583,1.894977,39.71843,,,,,28.13992,5.923219
20,Australia,1995,21773,4.638136,40.15326,48.6,,,,27.82765,5.7814703
20,Australia,1996,22562,2.61242,39.97738,,,,,27.10232,3.6237543
20,Australia,1997,23649,0.2504174,42.1768,,,,,27.07669,4.8178353
20,Australia,1998,24853,0.8534554,41.36496,,,,,26.28313,5.0911245
20,Australia,1999,26283,1.465428,,,,,,26.19073,5.7538323
20,Australia,2000,27403,4.475183,,43.6,,,,25.56668,4.2613096
20,Australia,2001,28492,4.380841,,,,,,25.4391,3.9740174
20,Australia,2002,29819,3.003171,,,,,,25.94952,4.657448
20,Australia,2003,31273,2.770735,,,,,,,4.8760858
21,New Zealand,1960,2545,,52.548824,58.0,,,,,
21,New Zealand,1961,2659,1.830283,52.94457,,,,,,4.4793715
21,New Zealand,1962,2713,2.696079,48.803684,,,,,,2.0308387
21,New Zealand,1963,2866,1.909308,53.84496,,,,,,5.6395135
21,New Zealand,1964,3001,3.434817,50.79603,,,,,,4.7103977
21,New Zealand,1965,3224,3.396226,44.781643,54.3,,,,,7.430856
21,New Zealand,1966,3481,2.773723,45.967167,,,,,,7.971464
21,New Zealand,1967,3360,6.107955,39.779766,,,,,,-3.4760127
21,New Zealand,1968,3489,4.283802,44.663773,,,,,,3.8392856
21,New Zealand,1969,3969,4.878049,46.908524,,,,,,13.757524
21,New Zealand,1970,4136,6.548347,48.324024,54.5,,,,,4.207609
21,New Zealand,1971,4438,10.30303,45.481525,,,,,34.0294,7.3017406
21,New Zealand,1972,4780,6.776557,47.43124,,,,,33.20894,7.706174
21,New Zealand,1973,5335,8.233276,49.573406,,,,,32.4518,11.610879
21,New Zealand,1974,6041,11.25198,55.458515,,,,,35.5166,13.233364
21,New Zealand,1975,6382,14.52991,54.889248,57.1,,,,34.52904,5.6447606
21,New Zealand,1976,6748,16.79104,57.889282,,,,,34.71202,5.7348795
21,New Zealand,1977,6867,14.58999,56.796474,,,,,32.95466,1.7634854
21,New Zealand,1978,7301,11.89591,55.041866,,,,,32.50108,6.3200817
21,New Zealand,1979,7915,13.70432,61.897545,,,,,32.65749,8.409807
21,New Zealand,1980,8656,17.09277,62.08681,46.1,0.26664,0.29516,25.522,32.18576,9.361971
21,New Zealand,1981,9736,15.34623,62.446667,,,,,34.01445,12.476894
21,New Zealand,1982,10687,16.1709,62.351555,,,,,34.55593,9.767872
21,New Zealand,1983,11262,7.35568,61.913372,,,,,33.40371,5.3803687
21,New Zealand,1984,12141,6.201214,70.57388,,,,,34.58643,7.805008
21,New Zealand,1985,12556,15.39404,64.61287,46.6,,,,33.26814,3.4181697
21,New Zealand,1986,13085,13.21782,55.48104,,,,,31.91995,4.213125
21,New Zealand,1987,13402,15.74115,52.397793,,,,,30.22941,2.4226213
21,New Zealand,1988,13569,6.375142,50.625256,,,,,28.58743,1.2460827
21,New Zealand,1989,14124,7.490603,53.819305,,,,,29.19099,4.0902057
21,New Zealand,1990,14420,5.506608,54.53501,24.1,,,,27.92192,2.0957236
21,New Zealand,1991,14252,1.670146,56.42813,,,,,27.3392,-1.1650486
21,New Zealand,1992,14679,1.026694,61.14054,,,,,27.11838,2.9960706
21,New Zealand,1993,15605,1.422764,59.26334,,,,,27.06921,6.3083315
21,New Zealand,1994,16686,2.40481,60.43647,,,,,27.76848,6.927267
21,New Zealand,1995,17402,3.739837,58.59611,26.6,,,,26.99032,4.2910223
21,New Zealand,1996,17879,2.298851,57.03107,,,,,26.74216,2.7410643
21,New Zealand,1997,18510,1.174668,57.1321,,,,,26.50679,3.5292802
21,New Zealand,1998,18669,1.287229,,,,,,25.27657,0.85899514
21,New Zealand,1999,19937,-0.1245951,,,,,,25.51298,6.792008
21,New Zealand,2000,20789,2.619761,,26.3,,,,25.29168,4.2734613
21,New Zealand,2001,21825,2.625821,,,,,,,4.9834046
21,New Zealand,2002,22662,2.677091,,,,,,,3.8350515
21,New Zealand,2003,23728,1.753576,,,,,,,4.7039094
