kernel,county_id,time,lon,lat,gp_sample,mean,count
gneiting,1,1,0,0,-0.7653056988476392,25.39860626728731,22
gneiting,1,2,0,0,-0.7328836486140178,26.23557597600064,33
gneiting,1,3,0,0,-0.6828393518308546,27.581924483814454,34
gneiting,1,4,0,0,-0.6086983885713438,29.704590953706727,31
gneiting,1,5,0,0,-0.4841555843021321,33.644325729249026,24
gneiting,1,6,0,0,-0.2744233213705398,41.49515521561794,44
gneiting,1,7,0,0,0.03927048685147063,56.78490235872282,62
gneiting,1,8,0,0,0.4463371046710063,85.31387518815896,90
gneiting,1,9,0,0,0.9113513756162958,135.8228381149534,132
gneiting,1,10,0,0,1.3841992691031602,217.93552651236283,206
gneiting,1,11,0,0,1.8131967858219253,334.68734108367124,323
gneiting,1,12,0,0,2.160691136880197,473.755391534766,467
gneiting,1,13,0,0,2.406400901828393,605.709744483975,604
gneiting,1,14,0,0,2.5353632172950853,689.0840261111348,688
gneiting,1,15,0,0,2.5317395193622554,686.5915125357861,711
gneiting,2,1,0.16666666666666666,0,-0.798331333276573,24.573500987681406,28
gneiting,2,2,0.16666666666666666,0,-0.8488162364884734,23.3637053195174,26
gneiting,2,3,0.16666666666666666,0,-0.8468731803380583,23.409146443866263,27
gneiting,2,4,0.16666666666666666,0,-0.7738557494707858,25.182372619544285,29
gneiting,2,5,0.16666666666666666,0,-0.6160698262472888,29.486430478841747,29
gneiting,2,6,0.16666666666666666,0,-0.3765320472863847,37.46727752526231,25
gneiting,2,7,0.16666666666666666,0,-0.07440363026536051,50.68329503090749,54
gneiting,2,8,0.16666666666666666,0,0.2624402880863995,70.98299122184005,80
gneiting,2,9,0.16666666666666666,0,0.6009044357473524,99.57433351485614,92
gneiting,2,10,0.16666666666666666,0,0.9074223685487613,135.29023620754845,129
gneiting,2,11,0.16666666666666666,0,1.1555360801805974,173.38873211176383,170
gneiting,2,12,0.16666666666666666,0,1.3308963045134807,206.6230883912676,205
gneiting,2,13,0.16666666666666666,0,1.4348424011267948,229.2567148285962,235
gneiting,2,14,0.16666666666666666,0,1.4865305378128981,241.4181609997911,240
gneiting,2,15,0.16666666666666666,0,1.5177991284586245,249.08622669284378,227
gneiting,3,1,0.3333333333333333,0,-0.38850402612631274,37.02139444854498,43
gneiting,3,2,0.3333333333333333,0,-0.4576608277747107,34.54763762126941,32
gneiting,3,3,0.3333333333333333,0,-0.5029249429429582,33.01873266933942,39
gneiting,3,4,0.3333333333333333,0,-0.48715208762690504,33.543661291325485,37
gneiting,3,5,0.3333333333333333,0,-0.39143946571245164,36.912879728869406,35
gneiting,3,6,0.3333333333333333,0,-0.22493148387418221,43.6004955504243,41
gneiting,3,7,0.3333333333333333,0,-0.015085750761040337,53.78067754612539,47
gneiting,3,8,0.3333333333333333,0,0.207166685038479,67.16596762112107,61
gneiting,3,9,0.3333333333333333,0,0.4172137989943624,82.86508463991666,68
gneiting,3,10,0.3333333333333333,0,0.5963075349646384,99.1176506502913,106
gneiting,3,11,0.3333333333333333,0,0.7260607867384251,112.85014484023318,111
gneiting,3,12,0.3333333333333333,0,0.7938578322082147,120.76636752501999,130
gneiting,3,13,0.3333333333333333,0,0.807759497715212,122.45694486505575,126
gneiting,3,14,0.3333333333333333,0,0.7976768036180257,121.2284526131268,114
gneiting,3,15,0.3333333333333333,0,0.7948887381408708,120.89093048508232,112
gneiting,4,1,0.5,0,0.13088474157122335,62.23295867060518,73
gneiting,4,2,0.5,0,0.2531316045483048,70.32529889400807,86
gneiting,4,3,0.5,0,0.3566005337913876,77.99155361129027,74
gneiting,4,4,0.5,0,0.42620178808398457,83.61323225133559,89
gneiting,4,5,0.5,0,0.4548114363148318,86.03992531002504,85
gneiting,4,6,0.5,0,0.4535816272530839,85.93417766823873,92
gneiting,4,7,0.5,0,0.4436381538629181,85.08392768386457,85
gneiting,4,8,0.5,0,0.44174447834773234,84.92295879280061,78
gneiting,4,9,0.5,0,0.4520575601241368,85.80330796523955,72
gneiting,4,10,0.5,0,0.46756514862272536,87.14428111327928,100
gneiting,4,11,0.5,0,0.47755497715542744,88.01920040992569,89
gneiting,4,12,0.5,0,0.4727981261017319,87.60150043961207,107
gneiting,4,13,0.5,0,0.4463398715888471,85.31411124496891,89
gneiting,4,14,0.5,0,0.39689767087819705,81.19857281784014,74
gneiting,4,15,0.5,0,0.33590434833871186,76.39401445998062,75
gneiting,5,1,0.6666666666666666,0,0.49293609888206963,89.3834997760923,95
gneiting,5,2,0.6666666666666666,0,0.6920761338940721,109.07940834259651,120
gneiting,5,3,0.6666666666666666,0,0.8014809215956323,121.6904982299281,123
gneiting,5,4,0.6666666666666666,0,0.8062394425888733,122.27094495912692,120
gneiting,5,5,0.6666666666666666,0,0.7165755378204762,111.78479367394928,112
gneiting,5,6,0.6666666666666666,0,0.5647369287207212,96.03732603081629,90
gneiting,5,7,0.6666666666666666,0,0.39486311963750675,81.0335381034915,92
gneiting,5,8,0.6666666666666666,0,0.24607311163842352,69.83065604060259,76
gneiting,5,9,0.6666666666666666,0,0.13701868613822804,62.61586535293322,60
gneiting,5,10,0.6666666666666666,0,0.06372255118183871,58.19052560432039,62
gneiting,5,11,0.6666666666666666,0,0.011794189280432464,55.24590330265122,57
gneiting,5,12,0.6666666666666666,0,-0.030907232239390504,52.93648336351467,60
gneiting,5,13,0.6666666666666666,0,-0.07133539046175531,50.839042346971425,48
gneiting,5,14,0.6666666666666666,0,-0.10989119095650121,48.91620876005969,53
gneiting,5,15,0.6666666666666666,0,-0.14047183632884608,47.44296077447959,56
gneiting,6,1,0.8333333333333333,0,-0.13903541724382174,47.51115771675494,41
gneiting,6,2,0.8333333333333333,0,-0.03375712359260169,52.78583490513942,61
gneiting,6,3,0.8333333333333333,0,0.009911797868858804,55.14200670645878,60
gneiting,6,4,0.8333333333333333,0,-0.012809382265562287,53.90324163374497,65
gneiting,6,5,0.8333333333333333,0,-0.08500375409037343,50.148883247243596,54
gneiting,6,6,0.8333333333333333,0,-0.1767272974903023,45.75370181831516,37
gneiting,6,7,0.8333333333333333,0,-0.262488645304617,41.993353455271496,43
gneiting,6,8,0.8333333333333333,0,-0.32921356659051665,39.28278701185199,45
gneiting,6,9,0.8333333333333333,0,-0.37223331839565793,37.628685870419034,42
gneiting,6,10,0.8333333333333333,0,-0.39756249136616195,36.68755176776915,31
gneiting,6,11,0.8333333333333333,0,-0.42490371239499086,35.69805793067905,30
gneiting,6,12,0.8333333333333333,0,-0.4701001550297722,34.120550098905525,27
gneiting,6,13,0.8333333333333333,0,-0.5239507181732111,32.3317358471903,42
gneiting,6,14,0.8333333333333333,0,-0.5639645149471425,31.063561771547263,35
gneiting,6,15,0.8333333333333333,0,-0.5865483542012935,30.369889658126105,35
gneiting,7,1,1,0,-1.3869542881059949,13.64053278169434,15
gneiting,7,2,1,0,-1.3814400715356108,13.715957396300885,19
gneiting,7,3,1,0,-1.3416658337405942,14.27249368303755,11
gneiting,7,4,1,0,-1.2691762203155683,15.345523144714749,15
gneiting,7,5,1,0,-1.1781667940603684,16.807634302186003,16
gneiting,7,6,1,0,-1.0841819259094578,18.463911073248397,11
gneiting,7,7,1,0,-0.9929786228233475,20.22706132038132,18
gneiting,7,8,1,0,-0.9033525812738088,22.123655456643206,23
gneiting,7,9,1,0,-0.817612801381733,24.104226501296786,26
gneiting,7,10,1,0,-0.7419805426700078,25.997995979257905,26
gneiting,7,11,1,0,-0.6786009596694716,27.69907558712666,27
gneiting,7,12,1,0,-0.6262624492981245,29.187412883403674,30
gneiting,7,13,1,0,-0.5908855647049763,30.238454291172406,24
gneiting,7,14,1,0,-0.5862014872668327,30.380425795865,29
gneiting,7,15,1,0,-0.6164669933678065,29.474721763466412,28
gneiting,8,1,0,0.16666666666666666,0.046097551474984566,57.173902911819766,62
gneiting,8,2,0,0.16666666666666666,0.18571116068590043,65.74023616807585,65
gneiting,8,3,0,0.16666666666666666,0.3733536350911636,79.309160190534,78
gneiting,8,4,0,0.16666666666666666,0.5761496163231349,97.13964829609046,90
gneiting,8,5,0,0.16666666666666666,0.7576817605052316,116.47559435042264,132
gneiting,8,6,0,0.16666666666666666,0.9026541948359095,134.64668436244128,129
gneiting,8,7,0,0.16666666666666666,1.0216332362490923,151.65879627576317,158
gneiting,8,8,0,0.16666666666666666,1.1367471683300938,170.16136084951077,150
gneiting,8,9,0,0.16666666666666666,1.2669900312136235,193.8316562796659,180
gneiting,8,10,0,0.16666666666666666,1.4221664865780435,226.36901707258335,221
gneiting,8,11,0,0.16666666666666666,1.6020223167949468,270.97384865490767,256
gneiting,8,12,0,0.16666666666666666,1.7967522770830349,329.2285785262241,328
gneiting,8,13,0,0.16666666666666666,1.9882330266411818,398.70947811027656,360
gneiting,8,14,0,0.16666666666666666,2.151850648911965,469.58562125507467,462
gneiting,8,15,0,0.16666666666666666,2.260343755045876,523.39883017604825,512
gneiting,9,1,0.16666666666666666,0.16666666666666666,-0.3145424766114569,39.863356696280604,35
gneiting,9,2,0.16666666666666666,0.16666666666666666,-0.24564671436109947,42.70659191153299,56
gneiting,9,3,0.16666666666666666,0.16666666666666666,-0.12739415686871555,48.06747933419659,48
gneiting,9,4,0.16666666666666666,0.16666666666666666,0.010012172513551956,55.14754184357865,68
gneiting,9,5,0.16666666666666666,0.16666666666666666,0.13923014195336184,62.754490798014814,61
gneiting,9,6,0.16666666666666666,0.16666666666666666,0.2522206375788742,70.26126404084674,90
gneiting,9,7,0.16666666666666666,0.16666666666666666,0.361522176312384,78.37634628709789,86
gneiting,9,8,0.16666666666666666,0.16666666666666666,0.4888439959479591,89.01848065167539,86
gneiting,9,9,0.16666666666666666,0.16666666666666666,0.6528105748499643,104.8793429702353,115
gneiting,9,10,0.16666666666666666,0.16666666666666666,0.8626820072297571,129.37071041142457,122
gneiting,9,11,0.16666666666666666,0.16666666666666666,1.1145731601866895,166.42972698646386,161
gneiting,9,12,0.16666666666666666,0.16666666666666666,1.3876407010343732,218.68682882863777,224
gneiting,9,13,0.16666666666666666,0.16666666666666666,1.6482947869584559,283.80710139843336,279
gneiting,9,14,0.16666666666666666,0.16666666666666666,1.8665137083877583,353.01611533126635,384
gneiting,9,15,0.16666666666666666,0.16666666666666666,2.0303099243924323,415.8438895773194,431
gneiting,10,1,0.3333333333333333,0.16666666666666666,-0.18234766065881688,45.49727069084649,50
gneiting,10,2,0.3333333333333333,0.16666666666666666,-0.13550251228339946,47.679306974305845,43
gneiting,10,3,0.3333333333333333,0.16666666666666666,-0.08281071558993029,50.25898236063025,40
gneiting,10,4,0.3333333333333333,0.16666666666666666,-0.04210225358793126,52.34716318301615,45
gneiting,10,5,0.3333333333333333,0.16666666666666666,-0.006563262274381499,54.2409814325093,71
gneiting,10,6,0.3333333333333333,0.16666666666666666,0.04666757031123519,57.20650240370098,58
gneiting,10,7,0.3333333333333333,0.16666666666666666,0.14226567108755925,62.94527329955869,66
gneiting,10,8,0.3333333333333333,0.16666666666666666,0.2974202216486904,73.50990960206622,72
gneiting,10,9,0.3333333333333333,0.16666666666666666,0.5142071268548013,91.30514391878,88
gneiting,10,10,0.3333333333333333,0.16666666666666666,0.7737099395331928,118.35752772228068,101
gneiting,10,11,0.3333333333333333,0.16666666666666666,1.0420378089734834,154.78511635776303,180
gneiting,10,12,0.3333333333333333,0.16666666666666666,1.2860662304925559,197.5647207170653,212
gneiting,10,13,0.3333333333333333,0.16666666666666666,1.4824745770712764,240.4409614975141,259
gneiting,10,14,0.3333333333333333,0.16666666666666666,1.6178149821045622,275.2872181056212,254
gneiting,10,15,0.3333333333333333,0.16666666666666666,1.6889436052562632,295.58120522099136,285
gneiting,11,1,0.5,0.16666666666666666,0.23303088799011945,68.9258223546126,56
gneiting,11,2,0.5,0.16666666666666666,0.3880334058220069,80.4819878379413,79
gneiting,11,3,0.5,0.16666666666666666,0.5176374433449662,91.6188872714464,93
gneiting,11,4,0.5,0.16666666666666666,0.6084555559210265,100.32907726757828,92
gneiting,11,5,0.5,0.16666666666666666,0.6588753988678488,105.51735047447583,101
gneiting,11,6,0.5,0.16666666666666666,0.6809319018808353,107.87055051524834,107
gneiting,11,7,0.5,0.16666666666666666,0.6973210213814193,109.65302051724844,111
gneiting,11,8,0.5,0.16666666666666666,0.7302114595827466,113.31952231419405,134
gneiting,11,9,0.5,0.16666666666666666,0.7871364472458146,119.95737210885042,112
gneiting,11,10,0.5,0.16666666666666666,0.8568105478054988,128.61334114182102,114
gneiting,11,11,0.5,0.16666666666666666,0.9193850333670844,136.91838705152279,124
gneiting,11,12,0.5,0.16666666666666666,0.9597480607060539,142.55787544180674,130
gneiting,11,13,0.5,0.16666666666666666,0.9724300443415503,144.3773046859753,138
gneiting,11,14,0.5,0.16666666666666666,0.9589038569923259,142.4375783387127,147
gneiting,11,15,0.5,0.16666666666666666,0.9250904880935397,137.70180145260835,157
gneiting,12,1,0.6666666666666666,0.16666666666666666,0.3872313264567865,80.41746077759572,94
gneiting,12,2,0.6666666666666666,0.16666666666666666,0.5933074359434265,98.82073349672397,95
gneiting,12,3,0.6666666666666666,0.16666666666666666,0.7330395538232333,113.64045420149233,130
gneiting,12,4,0.6666666666666666,0.16666666666666666,0.7943244362115504,120.8227307442047,116
gneiting,12,5,0.6666666666666666,0.16666666666666666,0.7859703648833024,119.81757345719281,125
gneiting,12,6,0.6666666666666666,0.16666666666666666,0.7280481635063475,113.07464360426812,112
gneiting,12,7,0.6666666666666666,0.16666666666666666,0.641222858352622,103.67104510436256,108
gneiting,12,8,0.6666666666666666,0.16666666666666666,0.5353178983092712,93.25315561337591,91
gneiting,12,9,0.6666666666666666,0.16666666666666666,0.4075373040828068,82.06710810450012,72
gneiting,12,10,0.6666666666666666,0.16666666666666666,0.25557309086589736,70.49720691919086,58
gneiting,12,11,0.6666666666666666,0.16666666666666666,0.08981342893345863,59.72874700850612,68
gneiting,12,12,0.6666666666666666,0.16666666666666666,-0.06842105571558454,50.98742044124423,40
gneiting,12,13,0.6666666666666666,0.16666666666666666,-0.1946168665057039,44.942465778809854,36
gneiting,12,14,0.6666666666666666,0.16666666666666666,-0.2683564144112012,41.74766767183745,31
gneiting,12,15,0.6666666666666666,0.16666666666666666,-0.2807498980079907,41.2334616212227,30
gneiting,13,1,0.8333333333333333,0.16666666666666666,-0.22527785863375616,43.585396054453824,45
gneiting,13,2,0.8333333333333333,0.16666666666666666,-0.17653558790325352,45.7624740824334,44
gneiting,13,3,0.8333333333333333,0.16666666666666666,-0.1437232243469216,47.28895580091056,58
gneiting,13,4,0.8333333333333333,0.16666666666666666,-0.14404931935593954,47.273537622474365,37
gneiting,13,5,0.8333333333333333,0.16666666666666666,-0.18170649276483083,45.526451433955586,43
gneiting,13,6,0.8333333333333333,0.16666666666666666,-0.24342732685145813,42.80147964557779,45
gneiting,13,7,0.8333333333333333,0.16666666666666666,-0.30873054154229246,40.09571450723381,54
gneiting,13,8,0.8333333333333333,0.16666666666666666,-0.3662362531540584,37.855025563137005,28
gneiting,13,9,0.8333333333333333,0.16666666666666666,-0.4233671039906386,35.752954032618625,45
gneiting,13,10,0.8333333333333333,0.16666666666666666,-0.500057750159548,33.113539591278496,35
gneiting,13,11,0.8333333333333333,0.16666666666666666,-0.6094982159924105,29.68084190616618,38
gneiting,13,12,0.8333333333333333,0.16666666666666666,-0.7411491955560277,26.019618324776474,24
gneiting,13,13,0.8333333333333333,0.16666666666666666,-0.8620215532250728,23.057208339392254,19
gneiting,13,14,0.8333333333333333,0.16666666666666666,-0.9369442319742454,21.39282890613363,21
gneiting,13,15,0.8333333333333333,0.16666666666666666,-0.9502186572967478,21.110727903145502,24
gneiting,14,1,1,0.16666666666666666,-0.7708570056922331,25.25800144182237,30
gneiting,14,2,1,0.16666666666666666,-0.8128612647632809,24.21903114942568,25
gneiting,14,3,1,0.16666666666666666,-0.8507825137544714,23.317810932229918,19
gneiting,14,4,1,0.16666666666666666,-0.8808896112123328,22.626242128533566,17
gneiting,14,5,1,0.16666666666666666,-0.9010372568354362,22.174938242021817,19
gneiting,14,6,1,0.16666666666666666,-0.9116564325020728,21.94070456287212,21
gneiting,14,7,1,0.16666666666666666,-0.9169625348181146,21.824593261222105,22
gneiting,14,8,1,0.16666666666666666,-0.924306959236995,21.664891362670954,14
gneiting,14,9,1,0.16666666666666666,-0.941430947080319,21.29706038121908,23
gneiting,14,10,1,0.16666666666666666,-0.9677813190595784,20.74320412408089,20
gneiting,14,11,1,0.16666666666666666,-0.987518550574345,20.33780459458808,19
gneiting,14,12,1,0.16666666666666666,-0.9828835351708988,20.432289432341143,23
gneiting,14,13,1,0.16666666666666666,-0.9541834296816207,21.027194377263715,26
gneiting,14,14,1,0.16666666666666666,-0.9144330789965385,21.87986748308032,10
gneiting,14,15,1,0.16666666666666666,-0.8687033838468535,22.903657550136447,18
gneiting,15,1,0,0.3333333333333333,0.7155853685410405,111.67416258613642,107
gneiting,15,2,0,0.3333333333333333,0.8052628208402879,122.1515907864867,128
gneiting,15,3,0,0.3333333333333333,0.9294571076520053,138.30440755034454,124
gneiting,15,4,0,0.3333333333333333,1.0790894809299676,160.62773470895718,171
gneiting,15,5,0,0.3333333333333333,1.2177423389471635,184.51713631934373,207
gneiting,15,6,0,0.3333333333333333,1.2992507860983105,200.18677106437556,204
gneiting,15,7,0,0.3333333333333333,1.296432025141801,199.6232869466976,193
gneiting,15,8,0,0.3333333333333333,1.2219608387020406,185.29716593428057,161
gneiting,15,9,0,0.3333333333333333,1.119106851369967,167.18598098802818,155
gneiting,15,10,0,0.3333333333333333,1.0290922210392426,152.79424631841255,173
gneiting,15,11,0,0.3333333333333333,0.9685431504086672,143.81721462682242,138
gneiting,15,12,0,0.3333333333333333,0.933271598507503,138.83297591691667,170
gneiting,15,13,0,0.3333333333333333,0.9146130590551793,136.26657248378427,138
gneiting,15,14,0,0.3333333333333333,0.9115466311443857,135.84936086420865,149
gneiting,15,15,0,0.3333333333333333,0.9329746563116822,138.79175666836557,111
gneiting,16,1,0.16666666666666666,0.3333333333333333,0.3069553668015701,74.21418963041845,71
gneiting,16,2,0.16666666666666666,0.3333333333333333,0.34894629663239907,77.39686660466852,85
gneiting,16,3,0.16666666666666666,0.3333333333333333,0.40120595988212376,81.54915439735561,85
gneiting,16,4,0.16666666666666666,0.3333333333333333,0.45292410013252765,85.87769218824174,82
gneiting,16,5,0.16666666666666666,0.3333333333333333,0.4840495102354916,88.59270432292091,93
gneiting,16,6,0.16666666666666666,0.3333333333333333,0.4773366879532503,87.99998886580454,91
gneiting,16,7,0.16666666666666666,0.3333333333333333,0.4331764324513658,84.19844325769093,100
gneiting,16,8,0.16666666666666666,0.3333333333333333,0.3710063985568109,79.12322113906292,77
gneiting,16,9,0.16666666666666666,0.3333333333333333,0.322247723700797,75.35782163257218,63
gneiting,16,10,0.16666666666666666,0.3333333333333333,0.32002244964778004,75.1903162691925,78
gneiting,16,11,0.16666666666666666,0.3333333333333333,0.3832020423086899,80.09408789576764,89
gneiting,16,12,0.16666666666666666,0.3333333333333333,0.5048462811395911,90.45443842692443,86
gneiting,16,13,0.16666666666666666,0.3333333333333333,0.6595579288771595,105.58939381575203,87
gneiting,16,14,0.16666666666666666,0.3333333333333333,0.8229974301828539,124.33722492899034,108
gneiting,16,15,0.16666666666666666,0.3333333333333333,0.9837553832395023,146.0217207991199,152
gneiting,17,1,0.3333333333333333,0.3333333333333333,0.13304347306812397,62.367448029612326,56
gneiting,17,2,0.3333333333333333,0.3333333333333333,0.08783812494056238,59.61088102494786,66
gneiting,17,3,0.3333333333333333,0.3333333333333333,0.0355969154452412,56.57668165608568,56
gneiting,17,4,0.3333333333333333,0.3333333333333333,-0.031266930236258275,52.91744564060824,50
gneiting,17,5,0.3333333333333333,0.3333333333333333,-0.10344947744133004,49.23233005139967,59
gneiting,17,6,0.3333333333333333,0.3333333333333333,-0.15980348801687624,46.53461815143217,51
gneiting,17,7,0.3333333333333333,0.3333333333333333,-0.18050712984131442,45.581086929189084,58
gneiting,17,8,0.3333333333333333,0.3333333333333333,-0.1572000139802886,46.65592766615752,44
gneiting,17,9,0.3333333333333333,0.3333333333333333,-0.09108740115482461,49.8447212860072,60
gneiting,17,10,0.3333333333333333,0.3333333333333333,0.01630983728081224,55.4959384659479,56
gneiting,17,11,0.3333333333333333,0.3333333333333333,0.16635806031485287,64.48019099755348,69
gneiting,17,12,0.3333333333333333,0.3333333333333333,0.3551060202576323,77.87508123534978,68
gneiting,17,13,0.3333333333333333,0.3333333333333333,0.5656934588721906,96.12923257751524,80
gneiting,17,14,0.3333333333333333,0.3333333333333333,0.7721986095986583,118.17878555087594,119
gneiting,17,15,0.3333333333333333,0.3333333333333333,0.9498963225250086,141.16032801640537,135
gneiting,18,1,0.5,0.3333333333333333,0.07330105117780139,58.75058151939805,61
gneiting,18,2,0.5,0.3333333333333333,-0.003426146195079477,54.4114088730787,65
gneiting,18,3,0.5,0.3333333333333333,-0.06135913080264431,51.348764165321775,48
gneiting,18,4,0.5,0.3333333333333333,-0.09035992773688652,49.88099518831742,49
gneiting,18,5,0.5,0.3333333333333333,-0.0928640679988649,49.75624244433409,40
gneiting,18,6,0.5,0.3333333333333333,-0.07667708504259353,50.56819973324414,53
gneiting,18,7,0.5,0.3333333333333333,-0.05107580146205165,51.879524734150834,48
gneiting,18,8,0.5,0.3333333333333333,-0.023977254879532495,53.304606062475195,59
gneiting,18,9,0.5,0.3333333333333333,0.0021321144464374257,54.714683725016656,40
gneiting,18,10,0.5,0.3333333333333333,0.030906178626384454,56.311916788976525,68
gneiting,18,11,0.5,0.3333333333333333,0.06740400842533124,58.40514635246449,66
gneiting,18,12,0.5,0.3333333333333333,0.11547985995637017,61.28161380088204,59
gneiting,18,13,0.5,0.3333333333333333,0.17808395017913098,65.24072889316471,58
gneiting,18,14,0.5,0.3333333333333333,0.25319672080717365,70.32987836347327,79
gneiting,18,15,0.5,0.3333333333333333,0.33148121981268563,76.05686010360635,83
gneiting,19,1,0.6666666666666666,0.3333333333333333,-0.3397910443177808,38.869464018194435,40
gneiting,19,2,0.6666666666666666,0.3333333333333333,-0.3740912757479205,37.558838283861455,38
gneiting,19,3,0.6666666666666666,0.3333333333333333,-0.38339213817711343,37.21112820437185,32
gneiting,19,4,0.6666666666666666,0.3333333333333333,-0.35914173245343467,38.124543746329074,42
gneiting,19,5,0.6666666666666666,0.3333333333333333,-0.3059161911117944,40.208716838110774,46
gneiting,19,6,0.6666666666666666,0.3333333333333333,-0.2506546863140797,42.49325314019831,42
gneiting,19,7,0.6666666666666666,0.3333333333333333,-0.23510668615549202,43.15910113565957,40
gneiting,19,8,0.6666666666666666,0.3333333333333333,-0.2894622655000979,40.875780935881544,37
gneiting,19,9,0.6666666666666666,0.3333333333333333,-0.4089202832898716,36.27321959196243,29
gneiting,19,10,0.6666666666666666,0.3333333333333333,-0.5569487936488904,31.282261334018393,31
gneiting,19,11,0.6666666666666666,0.3333333333333333,-0.6919950260408736,27.3305458953952,26
gneiting,19,12,0.6666666666666666,0.3333333333333333,-0.7912590202958646,24.747908482941117,31
gneiting,19,13,0.6666666666666666,0.3333333333333333,-0.8520796062916609,23.287585180722253,23
gneiting,19,14,0.6666666666666666,0.3333333333333333,-0.8756657205651901,22.74474840559162,23
gneiting,19,15,0.6666666666666666,0.3333333333333333,-0.8552900566867079,23.21294142782481,23
gneiting,20,1,0.8333333333333333,0.3333333333333333,-0.6281243543071231,29.133119253631907,23
gneiting,20,2,0.8333333333333333,0.3333333333333333,-0.7760331369743058,25.12760048781073,32
gneiting,20,3,0.8333333333333333,0.3333333333333333,-0.8921169185894391,22.37363107783838,25
gneiting,20,4,0.8333333333333333,0.3333333333333333,-0.9665681158148564,20.768385118373562,22
gneiting,20,5,0.8333333333333333,0.3333333333333333,-1.008562621866764,19.914286289054346,19
gneiting,20,6,0.8333333333333333,0.3333333333333333,-1.038581453371309,19.32536625386998,26
gneiting,20,7,0.8333333333333333,0.3333333333333333,-1.0745272620424715,18.643037238389486,21
gneiting,20,8,0.8333333333333333,0.3333333333333333,-1.1208112579028693,17.799827070263845,12
gneiting,20,9,0.8333333333333333,0.3333333333333333,-1.1676913905255766,16.984626467641366,16
gneiting,20,10,0.8333333333333333,0.3333333333333333,-1.2016317575219058,16.41783497615643,12
gneiting,20,11,0.8333333333333333,0.3333333333333333,-1.216530644204957,16.175040686776846,5
gneiting,20,12,0.8333333333333333,0.3333333333333333,-1.2155836236264979,16.190366038731103,18
gneiting,20,13,0.8333333333333333,0.3333333333333333,-1.2062770041005142,16.341746945059256,20
gneiting,20,14,0.8333333333333333,0.3333333333333333,-1.1941838210427655,16.54057046387975,17
gneiting,20,15,0.8333333333333333,0.3333333333333333,-1.1779928342433441,16.810558409505035,10
gneiting,21,1,1,0.3333333333333333,-0.13621610734286121,47.64529539310185,52
gneiting,21,2,1,0.3333333333333333,-0.2656544974263408,41.860618927941616,45
gneiting,21,3,1,0.3333333333333333,-0.45829555417279944,34.525716281442094,31
gneiting,21,4,1,0.3333333333333333,-0.6778700249280359,27.71932920491365,18
gneiting,21,5,1,0.3333333333333333,-0.8931690652110099,22.350103117090242,23
gneiting,21,6,1,0.3333333333333333,-1.0864191942478625,18.422648524509214,14
gneiting,21,7,1,0.3333333333333333,-1.2498645314953651,15.644751111679124,19
gneiting,21,8,1,0.3333333333333333,-1.3788282459323933,13.751827908370814,15
gneiting,21,9,1,0.3333333333333333,-1.465892347223055,12.605177632639274,17
gneiting,21,10,1,0.3333333333333333,-1.5010761849996592,12.169390395639288,8
gneiting,21,11,1,0.3333333333333333,-1.478895082700223,12.442336824515959,11
gneiting,21,12,1,0.3333333333333333,-1.4030731242204928,13.42242580686544,19
gneiting,21,13,1,0.3333333333333333,-1.287380641757407,15.06869417483369,18
gneiting,21,14,1,0.3333333333333333,-1.1587722366267685,17.136792552635583,21
gneiting,21,15,1,0.3333333333333333,-1.0556904358019952,18.99754127470108,14
gneiting,22,1,0,0.5,0.495753600222652,89.63569301710223,95
gneiting,22,2,0,0.5,0.5443412127861809,94.09841595226791,99
gneiting,22,3,0,0.5,0.5803782642330071,97.55128739183206,106
gneiting,22,4,0,0.5,0.6143438885219371,100.92159099101788,127
gneiting,22,5,0,0.5,0.6523510217346935,104.8311564144347,102
gneiting,22,6,0,0.5,0.6909913166994761,108.96114128551697,100
gneiting,22,7,0,0.5,0.7182414974664268,111.97117784038313,117
gneiting,22,8,0,0.5,0.7184606832912482,111.99572302523426,111
gneiting,22,9,0,0.5,0.6787815359949517,107.63883858533131,97
gneiting,22,10,0,0.5,0.5987620194849634,99.36123220078807,98
gneiting,22,11,0,0.5,0.4961202046208346,89.6685598805967,80
gneiting,22,12,0,0.5,0.3981832252555523,81.30302512373544,77
gneiting,22,13,0,0.5,0.3247712196634166,75.54822693367583,69
gneiting,22,14,0,0.5,0.2780371961314734,72.09878525793819,68
gneiting,22,15,0,0.5,0.24611280514904615,69.83342791950234,85
gneiting,23,1,0.16666666666666666,0.5,0.38059369102467844,79.88544660194718,74
gneiting,23,2,0.16666666666666666,0.5,0.3105291554424328,74.47988995391661,88
gneiting,23,3,0.16666666666666666,0.5,0.2125829311324336,67.53074199303632,52
gneiting,23,4,0.16666666666666666,0.5,0.102848680687891,60.51242287215265,57
gneiting,23,5,0.16666666666666666,0.5,-0.002014696786932421,54.48826204835458,55
gneiting,23,6,0.16666666666666666,0.5,-0.09683889805859801,49.55886237220068,59
gneiting,23,7,0.16666666666666666,0.5,-0.18475847804801732,45.38771718930791,49
gneiting,23,8,0.16666666666666666,0.5,-0.2691468578979633,41.71468153839338,42
gneiting,23,9,0.16666666666666666,0.5,-0.3501930843939257,38.46723790860863,44
gneiting,23,10,0.16666666666666666,0.5,-0.4262082310773203,35.65151950890573,24
gneiting,23,11,0.16666666666666666,0.5,-0.49296228316107693,33.349331155024664,30
gneiting,23,12,0.16666666666666666,0.5,-0.5384624111614927,31.865935572436406,39
gneiting,23,13,0.16666666666666666,0.5,-0.5428886670479062,31.725200482064313,36
gneiting,23,14,0.16666666666666666,0.5,-0.4909288289210138,33.41721448930098,34
gneiting,23,15,0.16666666666666666,0.5,-0.38700940537526557,37.07676876441291,44
gneiting,24,1,0.3333333333333333,0.5,0.2880178482871271,72.82198113435989,72
gneiting,24,2,0.3333333333333333,0.5,0.022828739004943935,55.85889278130825,47
gneiting,24,3,0.3333333333333333,0.5,-0.2485495480247915,42.58280153722956,42
gneiting,24,4,0.3333333333333333,0.5,-0.5036236626082191,32.9956698896485,22
gneiting,24,5,0.3333333333333333,0.5,-0.7186273439324836,26.61227714381085,24
gneiting,24,6,0.3333333333333333,0.5,-0.8790541142843484,22.667810664241593,14
gneiting,24,7,0.3333333333333333,0.5,-0.9865854313130304,20.356791048723526,12
gneiting,24,8,0.3333333333333333,0.5,-1.051341144307333,19.08034706210827,16
gneiting,24,9,0.3333333333333333,0.5,-1.0820708696467416,18.50293060007098,15
gneiting,24,10,0.3333333333333333,0.5,-1.0836369007418658,18.473977112348642,11
gneiting,24,11,0.3333333333333333,0.5,-1.0562590126202438,18.986742783305417,20
gneiting,24,12,0.3333333333333333,0.5,-0.9946591574272431,20.193097590502322,13
gneiting,24,13,0.3333333333333333,0.5,-0.8924739538187562,22.365644329195998,26
gneiting,24,14,0.3333333333333333,0.5,-0.749610941153774,25.800375829238607,25
gneiting,24,15,0.3333333333333333,0.5,-0.5754342165189377,30.709307467468733,27
gneiting,25,1,0.5,0.5,-0.047883502122813004,52.04540433447882,69
gneiting,25,2,0.5,0.5,-0.34521934581740893,38.65904048626444,48
gneiting,25,3,0.5,0.5,-0.6125326119137827,29.590914986482975,36
gneiting,25,4,0.5,0.5,-0.818187772011538,24.090371262563735,27
gneiting,25,5,0.5,0.5,-0.9572130211246374,20.963586969987407,23
gneiting,25,6,0.5,0.5,-1.0386958067601402,19.323156459099618,17
gneiting,25,7,0.5,0.5,-1.0727643220235388,18.675932782727447,12
gneiting,25,8,0.5,0.5,-1.0688414238680188,18.749340456266992,29
gneiting,25,9,0.5,0.5,-1.0409018723395,19.280575294440688,16
gneiting,25,10,0.5,0.5,-1.0070224062747906,19.944982216404483,13
gneiting,25,11,0.5,0.5,-0.978613631969462,20.51971985729023,13
gneiting,25,12,0.5,0.5,-0.9508552733877673,21.09729275103998,24
gneiting,25,13,0.5,0.5,-0.9070129845396839,22.042821987757627,14
gneiting,25,14,0.5,0.5,-0.8308912218604461,23.786276057981368,18
gneiting,25,15,0.5,0.5,-0.7131329736127077,26.75889727328682,32
gneiting,26,1,0.6666666666666666,0.5,-0.7709707758512834,25.255127998440198,34
gneiting,26,2,0.6666666666666666,0.5,-0.9568091967175352,20.972054287605985,12
gneiting,26,3,0.6666666666666666,0.5,-1.095279047851697,18.260147486277457,20
gneiting,26,4,0.6666666666666666,0.5,-1.1716716932156581,16.917156876994394,16
gneiting,26,5,0.6666666666666666,0.5,-1.1909746898342557,16.59373658766778,17
gneiting,26,6,0.6666666666666666,0.5,-1.1735557769744343,16.88531354365108,13
gneiting,26,7,0.6666666666666666,0.5,-1.1401193375365244,17.459443245305188,20
gneiting,26,8,0.6666666666666666,0.5,-1.1027943837614202,18.12343072383685,17
gneiting,26,9,0.6666666666666666,0.5,-1.068185903079488,18.76163506795383,16
gneiting,26,10,0.6666666666666666,0.5,-1.0430502743032932,19.23919733277755,12
gneiting,26,11,0.6666666666666666,0.5,-1.033776405761029,19.4184490132563,18
gneiting,26,12,0.6666666666666666,0.5,-1.0424392753285836,19.250956054539763,22
gneiting,26,13,0.6666666666666666,0.5,-1.0638851478680367,18.842498029008187,22
gneiting,26,14,0.6666666666666666,0.5,-1.0839697701444533,18.467828713987455,14
gneiting,26,15,0.6666666666666666,0.5,-1.079728845712769,18.546315691014787,19
gneiting,27,1,0.8333333333333333,0.5,-0.905732627419454,22.07106274711031,27
gneiting,27,2,0.8333333333333333,0.5,-1.1241328060377036,17.740802169150246,17
gneiting,27,3,0.8333333333333333,0.5,-1.3035779774951493,14.826587510724154,13
gneiting,27,4,0.8333333333333333,0.5,-1.4442514663901092,12.880937864729768,8
gneiting,27,5,0.8333333333333333,0.5,-1.5439219020457633,11.658996315792518,9
gneiting,27,6,0.8333333333333333,0.5,-1.5966131492634048,11.060573527214911,18
gneiting,27,7,0.8333333333333333,0.5,-1.5937474101019893,11.092315706599384,19
gneiting,27,8,0.8333333333333333,0.5,-1.5272411263009436,11.855108523320627,11
gneiting,27,9,0.8333333333333333,0.5,-1.3972381777460068,13.500973882055675,20
gneiting,27,10,0.8333333333333333,0.5,-1.2189172416429754,16.136483404770534,19
gneiting,27,11,0.8333333333333333,0.5,-1.0224104200184416,19.64041788581056,15
gneiting,27,12,0.8333333333333333,0.5,-0.8485322386470947,23.37034150368114,19
gneiting,27,13,0.8333333333333333,0.5,-0.7375903625178011,26.112382770792973,23
gneiting,27,14,0.8333333333333333,0.5,-0.7098571664745258,26.846697990577614,21
gneiting,27,15,0.8333333333333333,0.5,-0.7545856047491846,25.67234635466777,21
gneiting,28,1,1,0.5,-0.20504859225839295,44.47607516008277,46
gneiting,28,2,1,0.5,-0.35042304969634186,38.45839279568337,33
gneiting,28,3,1,0.5,-0.544603711000795,31.67083700002921,34
gneiting,28,4,1,0.5,-0.7765880523562845,25.113660663856905,33
gneiting,28,5,1,0.5,-1.0223091440023824,19.6424070898154,11
gneiting,28,6,1,0.5,-1.2461101228514744,15.70359829955597,19
gneiting,28,7,1,0.5,-1.4121035120749308,13.30176173754577,19
gneiting,28,8,1,0.5,-1.4987271613172912,12.198010182997653,7
gneiting,28,9,1,0.5,-1.503596541627271,12.138757810636315,16
gneiting,28,10,1,0.5,-1.437006270522803,12.974601679131721,11
gneiting,28,11,1,0.5,-1.3158889222714298,14.645177168210386,12
gneiting,28,12,1,0.5,-1.1641924155776602,17.04415934143081,13
gneiting,28,13,1,0.5,-1.01472090739484,19.792025273510053,22
gneiting,28,14,1,0.5,-0.908140836081559,22.01797497149814,19
gneiting,28,15,1,0.5,-0.8850538665417746,22.532216588218148,23
gneiting,29,1,0,0.6666666666666666,-0.4363362751475339,35.29226170853546,32
gneiting,29,2,0,0.6666666666666666,-0.3652176981126377,37.89360263336697,32
gneiting,29,3,0,0.6666666666666666,-0.29220648326543613,40.763762663230416,48
gneiting,29,4,0,0.6666666666666666,-0.26231504979478326,42.000643945654076,37
gneiting,29,5,0,0.6666666666666666,-0.2909732363079257,40.81406546102224,40
gneiting,29,6,0,0.6666666666666666,-0.357157170543063,38.20027938987806,36
gneiting,29,7,0,0.6666666666666666,-0.42715782213438047,35.6176812136235,35
gneiting,29,8,0,0.6666666666666666,-0.4822594721836316,33.70817966095905,23
gneiting,29,9,0,0.6666666666666666,-0.5185912196938064,32.50548291898777,40
gneiting,29,10,0,0.6666666666666666,-0.5313845092085089,32.09227961560755,26
gneiting,29,11,0,0.6666666666666666,-0.512206369579068,32.71368953202379,33
gneiting,29,12,0,0.6666666666666666,-0.4568477009906452,34.5757406548617,27
gneiting,29,13,0,0.6666666666666666,-0.3678292594999246,37.79477027346375,31
gneiting,29,14,0,0.6666666666666666,-0.254596427551415,42.326085414391116,39
gneiting,29,15,0,0.6666666666666666,-0.1372289029506117,47.59706487514885,46
gneiting,30,1,0.16666666666666666,0.6666666666666666,-0.0376304346141361,52.58177439904282,56
gneiting,30,2,0.16666666666666666,0.6666666666666666,-0.14399106190341734,47.276291738571075,44
gneiting,30,3,0.16666666666666666,0.6666666666666666,-0.2779461930541299,41.349230296603466,29
gneiting,30,4,0.16666666666666666,0.6666666666666666,-0.4530935292130872,34.70578788169238,34
gneiting,30,5,0.16666666666666666,0.6666666666666666,-0.6623152297717466,28.153868516129126,35
gneiting,30,6,0.16666666666666666,0.6666666666666666,-0.8861271687142787,22.50804568486458,22
gneiting,30,7,0.16666666666666666,0.6666666666666666,-1.1026820997936937,18.125465808798907,15
gneiting,30,8,0.16666666666666666,0.6666666666666666,-1.2928432238421694,14.986604610612845,17
gneiting,30,9,0.16666666666666666,0.6666666666666666,-1.4447142184802613,12.87497856275581,13
gneiting,30,10,0.16666666666666666,0.6666666666666666,-1.5545675251346285,11.535537350185072,16
gneiting,30,11,0.16666666666666666,0.6666666666666666,-1.6178421540273291,10.828243353595413,8
gneiting,30,12,0.16666666666666666,0.6666666666666666,-1.6209534011015854,10.794606366764071,7
gneiting,30,13,0.16666666666666666,0.6666666666666666,-1.547024007516673,11.62288491917499,10
gneiting,30,14,0.16666666666666666,0.6666666666666666,-1.3893159964319044,13.608355833093698,12
gneiting,30,15,0.16666666666666666,0.6666666666666666,-1.1602425337204283,17.111614890208447,19
gneiting,31,1,0.3333333333333333,0.6666666666666666,0.17747115170073133,65.20076172093121,69
gneiting,31,2,0.3333333333333333,0.6666666666666666,-0.0745389612374541,50.67643647542001,50
gneiting,31,3,0.3333333333333333,0.6666666666666666,-0.36219466319356786,38.00832964184171,41
gneiting,31,4,0.3333333333333333,0.6666666666666666,-0.6585670059799982,28.25959353266307,32
gneiting,31,5,0.3333333333333333,0.6666666666666666,-0.9364528245285452,21.403344084949683,25
gneiting,31,6,0.3333333333333333,0.6666666666666666,-1.17582017273218,16.84712176826071,20
gneiting,31,7,0.3333333333333333,0.6666666666666666,-1.370161217049876,13.871533394162075,18
gneiting,31,8,0.3333333333333333,0.6666666666666666,-1.525776842324224,11.872480484411755,11
gneiting,31,9,0.3333333333333333,0.6666666666666666,-1.6510343350911811,10.47472973906547,9
gneiting,31,10,0.3333333333333333,0.6666666666666666,-1.743996985475415,9.544862145871404,6
gneiting,31,11,0.3333333333333333,0.6666666666666666,-1.7921914555104514,9.095761579148542,8
gneiting,31,12,0.3333333333333333,0.6666666666666666,-1.782743811312529,9.182102314314601,8
gneiting,31,13,0.3333333333333333,0.6666666666666666,-1.710344833339398,9.871533060483335,9
gneiting,31,14,0.3333333333333333,0.6666666666666666,-1.579543065444689,11.250999110792733,8
gneiting,31,15,0.3333333333333333,0.6666666666666666,-1.4002735439031968,13.46005561522268,16
gneiting,32,1,0.5,0.6666666666666666,-0.29368422760446733,40.70356873029297,34
gneiting,32,2,0.5,0.6666666666666666,-0.4230043759735018,35.76592498306301,29
gneiting,32,3,0.5,0.6666666666666666,-0.57262379430926,30.795734979231298,28
gneiting,32,4,0.5,0.6666666666666666,-0.7141752460823241,26.731021740815116,20
gneiting,32,5,0.5,0.6666666666666666,-0.8240624622324043,23.949262684510167,26
gneiting,32,6,0.5,0.6666666666666666,-0.8908908413531056,22.401079701224642,31
gneiting,32,7,0.5,0.6666666666666666,-0.9197120104196491,21.764669491758056,34
gneiting,32,8,0.5,0.6666666666666666,-0.9306659647843728,21.527561302387085,19
gneiting,32,9,0.5,0.6666666666666666,-0.946313056566721,21.193339195807138,28
gneiting,32,10,0.5,0.6666666666666666,-0.9763371651448849,20.56648552884873,22
gneiting,32,11,0.5,0.6666666666666666,-1.0154548027287873,19.77750532722457,23
gneiting,32,12,0.5,0.6666666666666666,-1.0540432589151443,19.028859371737553,18
gneiting,32,13,0.5,0.6666666666666666,-1.0820628620365276,18.503078764920264,20
gneiting,32,14,0.5,0.6666666666666666,-1.0814193142167996,18.514990213299903,20
gneiting,32,15,0.5,0.6666666666666666,-1.0282843813149813,19.525388999654723,16
gneiting,33,1,0.6666666666666666,0.6666666666666666,-1.0672654778029906,18.77891170080387,17
gneiting,33,2,0.6666666666666666,0.6666666666666666,-1.0440098860214164,19.220744028989078,17
gneiting,33,3,0.6666666666666666,0.6666666666666666,-0.9820902519494198,20.448504455426757,27
gneiting,33,4,0.6666666666666666,0.6666666666666666,-0.8953764950401928,22.30082124593199,30
gneiting,33,5,0.6666666666666666,0.6666666666666666,-0.7911486411626618,24.750640286392326,27
gneiting,33,6,0.6666666666666666,0.6666666666666666,-0.6708377451178855,27.914946294935625,18
gneiting,33,7,0.6666666666666666,0.6666666666666666,-0.5388768866372602,31.852730660374394,40
gneiting,33,8,0.6666666666666666,0.6666666666666666,-0.4113242445434503,36.186124905590084,39
gneiting,33,9,0.6666666666666666,0.6666666666666666,-0.314632590688187,39.85976460854783,43
gneiting,33,10,0.6666666666666666,0.6666666666666666,-0.271990722095999,41.5962191743112,40
gneiting,33,11,0.6666666666666666,0.6666666666666666,-0.2885381421132909,40.913572660417096,33
gneiting,33,12,0.6666666666666666,0.6666666666666666,-0.3448135335538289,38.6747319826775,35
gneiting,33,13,0.6666666666666666,0.6666666666666666,-0.40519055665114856,36.40876139515863,48
gneiting,33,14,0.6666666666666666,0.6666666666666666,-0.439351829956307,35.18599626419134,36
gneiting,33,15,0.6666666666666666,0.6666666666666666,-0.43571291276113616,35.314268435385735,36
gneiting,34,1,0.8333333333333333,0.6666666666666666,-1.166795862607214,16.999843487442174,18
gneiting,34,2,0.8333333333333333,0.6666666666666666,-1.242411571264659,15.761786407494023,14
gneiting,34,3,0.8333333333333333,0.6666666666666666,-1.211124983090673,16.26271422847334,10
gneiting,34,4,0.8333333333333333,0.6666666666666666,-1.1122848838553594,17.952243911968765,18
gneiting,34,5,0.8333333333333333,0.6666666666666666,-0.9795165879025001,20.501199817149192,18
gneiting,34,6,0.8333333333333333,0.6666666666666666,-0.8302223565453072,23.80219119496108,15
gneiting,34,7,0.8333333333333333,0.6666666666666666,-0.6706902885395744,27.919062840898437,27
gneiting,34,8,0.8333333333333333,0.6666666666666666,-0.5016631860332794,33.06042057790644,36
gneiting,34,9,0.8333333333333333,0.6666666666666666,-0.3227854137800401,39.53611611636294,39
gneiting,34,10,0.8333333333333333,0.6666666666666666,-0.14045972131298157,47.443535550183725,43
gneiting,34,11,0.8333333333333333,0.6666666666666666,0.0286224799851699,56.18346407059697,69
gneiting,34,12,0.8333333333333333,0.6666666666666666,0.16507037069050856,64.39721396043076,69
gneiting,34,13,0.8333333333333333,0.6666666666666666,0.2564361155257865,70.558074008337,61
gneiting,34,14,0.8333333333333333,0.6666666666666666,0.2978334826462948,73.54029465868918,84
gneiting,34,15,0.8333333333333333,0.6666666666666666,0.2885419657711206,72.8601584117068,65
gneiting,35,1,1,0.6666666666666666,-0.7630269972862631,25.456548102048192,32
gneiting,35,2,1,0.6666666666666666,-0.877122999231284,22.711627108315973,16
gneiting,35,3,1,0.6666666666666666,-0.9089337938777529,22.000522567012663,24
gneiting,35,4,1,0.6666666666666666,-0.8741693034002517,22.778809515977084,21
gneiting,35,5,1,0.6666666666666666,-0.7969582120963531,24.607266559165126,32
gneiting,35,6,1,0.6666666666666666,-0.6979830381511074,27.16737926501915,24
gneiting,35,7,1,0.6666666666666666,-0.590658396706571,30.245324280599927,34
gneiting,35,8,1,0.6666666666666666,-0.4847402405596177,33.62466111276324,36
gneiting,35,9,1,0.6666666666666666,-0.3868638443018009,37.0821660914857,31
gneiting,35,10,1,0.6666666666666666,-0.2992746675472893,40.476652744925694,49
gneiting,35,11,1,0.6666666666666666,-0.22309784070534555,43.68051664389304,45
gneiting,35,12,1,0.6666666666666666,-0.16174434541541746,46.44438868309427,50
gneiting,35,13,1,0.6666666666666666,-0.12248767675987768,48.303900990215965,43
gneiting,35,14,1,0.6666666666666666,-0.1156461128003379,48.63550828112009,48
gneiting,35,15,1,0.6666666666666666,-0.1504819956768667,46.9704182360923,36
gneiting,36,1,0,0.8333333333333333,-0.9077771097497408,22.025984945399497,21
gneiting,36,2,0,0.8333333333333333,-1.0478266883834497,19.147522073536766,19
gneiting,36,3,0,0.8333333333333333,-1.139466648698663,17.47084254872104,17
gneiting,36,4,0,0.8333333333333333,-1.1976495975635766,16.48334376787694,24
gneiting,36,5,0,0.8333333333333333,-1.25287149248952,15.597778612951824,16
gneiting,36,6,0,0.8333333333333333,-1.3304476027865826,14.433507268649528,22
gneiting,36,7,0,0.8333333333333333,-1.4318979846800441,13.041049225240839,15
gneiting,36,8,0,0.8333333333333333,-1.5300026387274945,11.82241565547196,8
gneiting,36,9,0,0.8333333333333333,-1.5824537530405456,11.21829858084026,12
gneiting,36,10,0,0.8333333333333333,-1.5535690703414309,11.547060814616302,14
gneiting,36,11,0,0.8333333333333333,-1.4316336148446986,13.044497341046075,9
gneiting,36,12,0,0.8333333333333333,-1.2345058127274167,15.886889149395461,10
gneiting,36,13,0,0.8333333333333333,-1.0010468664904384,20.06452104996637,18
gneiting,36,14,0,0.8333333333333333,-0.7724526147961119,25.21773168071852,18
gneiting,36,15,0,0.8333333333333333,-0.5736820562862003,30.76316226212475,32
gneiting,37,1,0.16666666666666666,0.8333333333333333,-0.3867298279234401,37.08713604210701,45
gneiting,37,2,0.16666666666666666,0.8333333333333333,-0.5155150509315235,32.605629224642485,29
gneiting,37,3,0.16666666666666666,0.8333333333333333,-0.6458337700409498,28.62173029817871,34
gneiting,37,4,0.16666666666666666,0.8333333333333333,-0.7880033274731898,24.8286113715885,22
gneiting,37,5,0.16666666666666666,0.8333333333333333,-0.9568387865701815,20.971433736790974,17
gneiting,37,6,0.16666666666666666,0.8333333333333333,-1.1611416076953927,17.096237196469026,11
gneiting,37,7,0.16666666666666666,0.8333333333333333,-1.3931843139193345,13.555816077992622,12
gneiting,37,8,0.16666666666666666,0.8333333333333333,-1.6247230631845035,10.75399094973863,11
gneiting,37,9,0.16666666666666666,0.8333333333333333,-1.8155718762402269,8.88556565623607,5
gneiting,37,10,0.16666666666666666,0.8333333333333333,-1.9312662106175227,7.914794972887327,5
gneiting,37,11,0.16666666666666666,0.8333333333333333,-1.9565105652983126,7.717491953024902,12
gneiting,37,12,0.16666666666666666,0.8333333333333333,-1.8940280231482496,8.215084001782568,11
gneiting,37,13,0.16666666666666666,0.8333333333333333,-1.7507585873451779,9.480541289209894,14
gneiting,37,14,0.16666666666666666,0.8333333333333333,-1.5275114832116599,11.851903846026905,7
gneiting,37,15,0.16666666666666666,0.8333333333333333,-1.2287475775513383,15.97863348255799,14
gneiting,38,1,0.3333333333333333,0.8333333333333333,-0.05382334123987717,51.737179315685616,49
gneiting,38,2,0.3333333333333333,0.8333333333333333,-0.11011476316791728,48.90527367752895,45
gneiting,38,3,0.3333333333333333,0.8333333333333333,-0.22732100745938363,43.496435514448905,41
gneiting,38,4,0.3333333333333333,0.8333333333333333,-0.40179651154218277,36.532544317279196,45
gneiting,38,5,0.3333333333333333,0.8333333333333333,-0.6150925147366958,29.515261993145582,23
gneiting,38,6,0.3333333333333333,0.8333333333333333,-0.837279838593651,23.634799036258144,25
gneiting,38,7,0.3333333333333333,0.8333333333333333,-1.037725652229622,19.341912003299345,16
gneiting,38,8,0.3333333333333333,0.8333333333333333,-1.199995678315063,16.44471783983286,13
gneiting,38,9,0.3333333333333333,0.8333333333333333,-1.3266101092460298,14.489002172124179,14
gneiting,38,10,0.3333333333333333,0.8333333333333333,-1.4295637659421347,13.071525441944779,10
gneiting,38,11,0.3333333333333333,0.8333333333333333,-1.5148625480112927,12.002769946051009,14
gneiting,38,12,0.3333333333333333,0.8333333333333333,-1.5735448497879887,11.318687832642924,13
gneiting,38,13,0.3333333333333333,0.8333333333333333,-1.588267978023796,11.153262120482466,10
gneiting,38,14,0.3333333333333333,0.8333333333333333,-1.5461940933641303,11.632534919644892,9
gneiting,38,15,0.3333333333333333,0.8333333333333333,-1.4413471401924527,12.9184026887206,11
gneiting,39,1,0.5,0.8333333333333333,-0.20814480153922582,44.33858088875743,50
gneiting,39,2,0.5,0.8333333333333333,-0.14367880696836238,47.291056299011004,36
gneiting,39,3,0.5,0.8333333333333333,-0.10160199586376421,49.32336994555921,61
gneiting,39,4,0.5,0.8333333333333333,-0.08307623554010218,50.245639369631704,50
gneiting,39,5,0.5,0.8333333333333333,-0.0848350124524475,50.1573461659462,48
gneiting,39,6,0.5,0.8333333333333333,-0.10494618021887375,49.15869900191013,60
gneiting,39,7,0.5,0.8333333333333333,-0.1436159738141017,47.2940278386012,56
gneiting,39,8,0.5,0.8333333333333333,-0.19748935604095486,44.81355425331534,43
gneiting,39,9,0.5,0.8333333333333333,-0.2573807081605977,42.20840162388305,34
gneiting,39,10,0.5,0.8333333333333333,-0.314813598858789,39.85255031841782,45
gneiting,39,11,0.5,0.8333333333333333,-0.3705516750805011,37.69201713384438,43
gneiting,39,12,0.5,0.8333333333333333,-0.43532512168415644,35.327965649232056,33
gneiting,39,13,0.5,0.8333333333333333,-0.5204495988221196,32.44513150325007,33
gneiting,39,14,0.5,0.8333333333333333,-0.6247287417278021,29.23221218523363,35
gneiting,39,15,0.5,0.8333333333333333,-0.7271473605210331,26.386503265436026,28
gneiting,40,1,0.6666666666666666,0.8333333333333333,-0.48758613117698385,33.52910504074782,29
gneiting,40,2,0.6666666666666666,0.8333333333333333,-0.34483060615722255,38.67407170995331,34
gneiting,40,3,0.6666666666666666,0.8333333333333333,-0.18246004559828152,45.492157770147124,38
gneiting,40,4,0.6666666666666666,0.8333333333333333,-5.705332020710645e-4,54.567008860159966,49
gneiting,40,5,0.6666666666666666,0.8333333333333333,0.1847857565262652,65.67942802046642,72
gneiting,40,6,0.6666666666666666,0.8333333333333333,0.3463055463466547,77.19275043560049,81
gneiting,40,7,0.6666666666666666,0.8333333333333333,0.4573302307093281,86.25691535353015,82
gneiting,40,8,0.6666666666666666,0.8333333333333333,0.506275381094384,90.58379927356478,89
gneiting,40,9,0.6666666666666666,0.8333333333333333,0.5018114367236192,90.18033941387154,86
gneiting,40,10,0.6666666666666666,0.8333333333333333,0.46528656264009016,86.94594142869448,77
gneiting,40,11,0.6666666666666666,0.8333333333333333,0.4218436991410845,83.24963122667101,73
gneiting,40,12,0.6666666666666666,0.8333333333333333,0.39364808565716464,80.93513939214291,89
gneiting,40,13,0.6666666666666666,0.8333333333333333,0.39236158019114514,80.83108284193415,79
gneiting,40,14,0.6666666666666666,0.8333333333333333,0.4152479133019397,82.70234137536222,93
gneiting,40,15,0.6666666666666666,0.8333333333333333,0.44462952331183847,85.16831911499604,89
gneiting,41,1,0.8333333333333333,0.8333333333333333,-0.5302042110775839,32.13018043598872,42
gneiting,41,2,0.8333333333333333,0.8333333333333333,-0.4813837013744176,33.73771323116957,35
gneiting,41,3,0.8333333333333333,0.8333333333333333,-0.39935278880019026,36.621928897734115,39
gneiting,41,4,0.8333333333333333,0.8333333333333333,-0.28013942637311595,41.25864116486676,48
gneiting,41,5,0.8333333333333333,0.8333333333333333,-0.1412812518068032,47.404575244725265,46
gneiting,41,6,0.8333333333333333,0.8333333333333333,-0.006555230716221879,54.24141707385576,62
gneiting,41,7,0.8333333333333333,0.8333333333333333,0.1115939079415993,61.04393848678399,61
gneiting,41,8,0.8333333333333333,0.8333333333333333,0.2146697877602426,67.67181611908501,65
gneiting,41,9,0.8333333333333333,0.8333333333333333,0.3117555679961902,74.57128906100871,96
gneiting,41,10,0.8333333333333333,0.8333333333333333,0.41571495980784556,82.74097623636791,80
gneiting,41,11,0.8333333333333333,0.8333333333333333,0.538547623211253,93.55482454384844,87
gneiting,41,12,0.8333333333333333,0.8333333333333333,0.6827976089006303,108.07199321667201,119
gneiting,41,13,0.8333333333333333,0.8333333333333333,0.8378741675216526,126.20078464015417,148
gneiting,41,14,0.8333333333333333,0.8333333333333333,0.98290226085704,145.89719952427617,157
gneiting,41,15,0.8333333333333333,0.8333333333333333,1.0901471078369647,162.41375263204336,175
gneiting,42,1,1,0.8333333333333333,-0.6019554405681504,29.9055642808347,39
gneiting,42,2,1,0.8333333333333333,-0.6473740108169663,28.57767987493091,25
gneiting,42,3,1,0.8333333333333333,-0.6783499352519927,27.706029604218156,34
gneiting,42,4,1,0.8333333333333333,-0.6765734692144861,27.755292168525038,28
gneiting,42,5,1,0.8333333333333333,-0.6268149573651371,29.171291056460213,23
gneiting,42,6,1,0.8333333333333333,-0.5216002675131012,32.40781937731894,16
gneiting,42,7,1,0.8333333333333333,-0.36321971417004556,37.969389127843655,43
gneiting,42,8,1,0.8333333333333333,-0.16466011842488426,46.30916462526315,55
gneiting,42,9,1,0.8333333333333333,0.04951080277196252,57.36938523544881,56
gneiting,42,10,1,0.8333333333333333,0.24807603441989468,69.97066161580439,61
gneiting,42,11,1,0.8333333333333333,0.404279013845406,81.80014480549058,75
gneiting,42,12,1,0.8333333333333333,0.5016904221163714,90.16942693581383,86
gneiting,42,13,1,0.8333333333333333,0.5344977827008011,93.17670859689876,99
gneiting,42,14,1,0.8333333333333333,0.5099521927784241,90.91747189490661,97
gneiting,42,15,1,0.8333333333333333,0.44802197626484275,85.45773927524715,69
gneiting,43,1,0,1,-0.8069562799290831,24.362467238239233,26
gneiting,43,2,0,1,-0.981803982563779,20.45435907419356,24
gneiting,43,3,0,1,-1.1550799986668459,17.20018262220594,11
gneiting,43,4,0,1,-1.2860132622669018,15.089312891789778,18
gneiting,43,5,0,1,-1.3537939168120567,14.10044113673449,22
gneiting,43,6,0,1,-1.3646092561777026,13.948761790946453,9
gneiting,43,7,0,1,-1.341198827420827,14.27916058440773,13
gneiting,43,8,0,1,-1.302401791159977,14.844036600030094,20
gneiting,43,9,0,1,-1.2469872751468447,15.689829891640029,16
gneiting,43,10,0,1,-1.1541883939771553,17.21552522444709,20
gneiting,43,11,0,1,-1.0013685449525547,20.05806776368917,19
gneiting,43,12,0,1,-0.7897313986769795,24.78574281387518,19
gneiting,43,13,0,1,-0.5599446218249475,31.18868529296032,25
gneiting,43,14,0,1,-0.3774780297179279,37.431850898091014,21
gneiting,43,15,0,1,-0.29113368343214197,40.80751748690731,47
gneiting,44,1,0.16666666666666666,1,-0.7040440577625587,27.00321524972014,26
gneiting,44,2,0.16666666666666666,1,-0.7337170487454148,26.2137203520399,23
gneiting,44,3,0.16666666666666666,1,-0.7593673491591679,25.549880788861188,28
gneiting,44,4,0.16666666666666666,1,-0.7799110558344715,25.03034638560456,27
gneiting,44,5,0.16666666666666666,1,-0.7996222557700848,24.541798969338924,30
gneiting,44,6,0.16666666666666666,1,-0.8269036584987033,23.881314701277038,21
gneiting,44,7,0.16666666666666666,1,-0.868131600144284,22.91675723298853,24
gneiting,44,8,0.16666666666666666,1,-0.9201755187776482,21.754583723139135,25
gneiting,44,9,0.16666666666666666,1,-0.9666818275572032,20.76602364338229,23
gneiting,44,10,0.16666666666666666,1,-0.9837303561843922,20.41499426428547,33
gneiting,44,11,0.16666666666666666,1,-0.9553450365842494,21.00278322395915,14
gneiting,44,12,0.16666666666666666,1,-0.8825273285007353,22.58921706719508,14
gneiting,44,13,0.16666666666666666,1,-0.7743442622586578,25.170073712821885,16
gneiting,44,14,0.16666666666666666,1,-0.6370676290735041,28.873735362885483,34
gneiting,44,15,0.16666666666666666,1,-0.4779393720541359,33.85411737807995,35
gneiting,45,1,0.3333333333333333,1,-0.43807967204990916,35.23078689186818,35
gneiting,45,2,0.3333333333333333,1,-0.3232221268457524,39.518853947469104,40
gneiting,45,3,0.3333333333333333,1,-0.23596453440326917,43.12209305230397,44
gneiting,45,4,0.3333333333333333,1,-0.19409514335651815,44.965919421210245,36
gneiting,45,5,0.3333333333333333,1,-0.1984142504813891,44.772125607645656,48
gneiting,45,6,0.3333333333333333,1,-0.23672258136000918,43.08941686750337,44
gneiting,45,7,0.3333333333333333,1,-0.29129839525553725,40.80079655981708,36
gneiting,45,8,0.3333333333333333,1,-0.35001662063132616,38.47402658110653,49
gneiting,45,9,0.3333333333333333,1,-0.4172501087383254,35.97232494407637,42
gneiting,45,10,0.3333333333333333,1,-0.5108677835298798,32.7575089419312,29
gneiting,45,11,0.3333333333333333,1,-0.6411731354864079,28.755437060569637,25
gneiting,45,12,0.3333333333333333,1,-0.7939513118818059,24.681369508515285,35
gneiting,45,13,0.3333333333333333,1,-0.9360669443334074,21.411604805263462,22
gneiting,45,14,0.3333333333333333,1,-1.0349885941846444,19.394924455136955,14
gneiting,45,15,0.3333333333333333,1,-1.0737696864041089,18.65716610039146,13
gneiting,46,1,0.5,1,0.08338781651869694,59.34618364843592,43
gneiting,46,2,0.5,1,0.2126430272806221,67.53480045246206,76
gneiting,46,3,0.5,1,0.355877374005473,77.93517364439705,91
gneiting,46,4,0.5,1,0.4792499767686214,88.16851943266735,106
gneiting,46,5,0.5,1,0.5488763400139512,94.52613338394289,96
gneiting,46,6,0.5,1,0.5457496055195251,94.2310368467444,86
gneiting,46,7,0.5,1,0.4762686753760504,87.90605394167154,69
gneiting,46,8,0.5,1,0.3672332186102247,78.82523751420041,64
gneiting,46,9,0.5,1,0.24883739298015026,70.02395466297683,75
gneiting,46,10,0.5,1,0.13760388035774151,62.65251851895203,74
gneiting,46,11,0.5,1,0.02704248535461808,56.094764589843614,51
gneiting,46,12,0.5,1,-0.1057949970618072,49.11698997438738,43
gneiting,46,13,0.5,1,-0.2801267374533066,41.259164695777464,50
gneiting,46,14,0.5,1,-0.49549167744501044,33.26508413930468,25
gneiting,46,15,0.5,1,-0.7286499692031468,26.34688444978133,30
gneiting,47,1,0.6666666666666666,1,0.3826943378687799,80.05343409266386,88
gneiting,47,2,0.6666666666666666,1,0.4751409825749138,87.80697879113161,80
gneiting,47,3,0.6666666666666666,1,0.5431695560623153,93.98822947348184,111
gneiting,47,4,0.6666666666666666,1,0.5894377660766041,98.4390688165153,107
gneiting,47,5,0.6666666666666666,1,0.6120684599643893,100.69221218731282,84
gneiting,47,6,0.6666666666666666,1,0.6072996829694296,100.2131765970351,83
gneiting,47,7,0.6666666666666666,1,0.5767079215334703,97.19389701012508,97
gneiting,47,8,0.6666666666666666,1,0.5317167670932872,92.91794269881026,74
gneiting,47,9,0.6666666666666666,1,0.48991867618840446,89.11419847768201,92
gneiting,47,10,0.6666666666666666,1,0.46460830723410407,86.88698986825918,81
gneiting,47,11,0.6666666666666666,1,0.45695851539672966,86.22485829569453,97
gneiting,47,12,0.6666666666666666,1,0.45791489419619613,86.30736136796156,84
gneiting,47,13,0.6666666666666666,1,0.45605397534571557,86.14689972161479,87
gneiting,47,14,0.6666666666666666,1,0.4427101328476418,85.00500463769866,93
gneiting,47,15,0.6666666666666666,1,0.4101486661394936,82.28169509692833,85
gneiting,48,1,0.8333333333333333,1,0.11251640279520193,61.1002771879673,58
gneiting,48,2,0.8333333333333333,1,0.17409908888796713,64.98127093331173,64
gneiting,48,3,0.8333333333333333,1,0.13881279331442437,62.7283057612179,62
gneiting,48,4,0.8333333333333333,1,0.05074114896198548,57.440012879314075,59
gneiting,48,5,0.8333333333333333,1,-0.04001689132936025,52.456439882612536,55
gneiting,48,6,0.8333333333333333,1,-0.09964149418187795,49.42016334610342,47
gneiting,48,7,0.8333333333333333,1,-0.1110111091760861,48.8614572709539,42
gneiting,48,8,0.8333333333333333,1,-0.06540551939740431,51.141406918573445,41
gneiting,48,9,0.8333333333333333,1,0.03999796329925552,56.82622706733216,58
gneiting,48,10,0.8333333333333333,1,0.19794703766992064,66.54956694916561,68
gneiting,48,11,0.8333333333333333,1,0.3901340663817812,80.65123087441462,78
gneiting,48,12,0.8333333333333333,1,0.5953515554164406,99.02294148063172,86
gneiting,48,13,0.8333333333333333,1,0.7950441451960893,120.9097192485071,128
gneiting,48,14,0.8333333333333333,1,0.9673879571508474,143.6511738731713,143
gneiting,48,15,0.8333333333333333,1,1.082089891051702,161.11040753612363,149
gneiting,49,1,1,1,-0.5998085365871787,29.969837625504827,29
gneiting,49,2,1,1,-0.5032497960272897,33.00800817422803,27
gneiting,49,3,1,1,-0.45901567306438795,34.500862610775116,25
gneiting,49,4,1,1,-0.45979764735663986,34.473894368763176,34
gneiting,49,5,1,1,-0.47287982174175913,34.025838036567464,33
gneiting,49,6,1,1,-0.45675404621511717,34.578978989731844,45
gneiting,49,7,1,1,-0.38083343671914216,37.30646228607576,35
gneiting,49,8,1,1,-0.23587395298294356,43.125999289653656,47
gneiting,49,9,1,1,-0.033754117251015923,52.78599359762856,54
gneiting,49,10,1,1,0.19613858592654748,66.42932402832676,72
gneiting,49,11,1,1,0.41423734824979513,82.61880749475698,74
gneiting,49,12,1,1,0.5838424555220696,97.88980972637316,106
gneiting,49,13,1,1,0.6815620812411856,107.93854973337424,110
gneiting,49,14,1,1,0.7017613993891753,110.14100399178604,112
gneiting,49,15,1,1,0.6586730456461175,105.49600085881335,103
